0,1,2,3,4,5,6,7,8,9,10,11,12,13,14,15,16,17,18,19,20,21,22,23,24,25,26,27,28,29,30,31,32,33,34,35,36,37,38,39,40
-563.28656,49.648838,-6.105738,10.458235,-5.491734,-0.3315176,-9.9508915,-0.9074124,-10.08037,-7.562868,-8.875398,-1.2832768,-4.3651705,-6.5103993,-3.9879518,-2.0328798,-6.3626313,-3.3422031,-6.8717356,-2.8004642,-3.104227,-6.110979,-5.529979,-1.9060185,-4.011483,-1.9285672,-1.890791,-1.3104874,-1.379075,-1.742529,-3.5435374,-0.91267586,-1.7475365,-2.2994475,-0.025204685,2.4494703,2.1165106,3.361054,2.0862405,0.37651896,angry
-582.41504,53.82776,-6.217736,7.7031937,-1.5356784,4.7516317,-11.035256,-6.7317414,-12.881445,-9.406088,-5.080708,0.43318984,-7.476513,-10.972319,-2.6721673,0.77480304,-7.003614,-5.016933,-4.147609,-4.9155097,-4.1639,-3.910877,-3.3797505,-4.7159414,-3.120151,0.8843367,-1.7964742,2.0942843,2.084031,1.2106302,2.333152,3.6190884,0.7935632,0.7434311,0.66072315,-0.2549136,-0.9675357,0.37856355,-0.33807388,-0.4632408,fearful
-418.49988,39.591274,-25.592108,-2.834798,-5.696198,-2.1065917,-18.492926,-7.5460377,-12.406196,-9.510558,-6.9370213,-1.2075868,-9.490372,-9.219841,2.695737,6.765974,-1.5755745,3.8346798,3.4550908,4.0223713,8.320875,6.5968313,5.3438997,3.111238,1.6144568,0.50660896,-3.047586,-0.4679209,0.7447963,0.5199628,0.28325337,0.21811661,-1.9281654,-2.486516,-0.5301464,0.35490534,0.46363962,0.58100563,-2.0914624,-1.899596,fearful
-470.2107,48.589825,-8.505513,5.728758,-3.0265071,-2.5719056,-14.422111,0.16104388,-6.6395006,-8.884907,-6.1922703,0.9303707,-5.094511,-6.93717,-0.8244493,-1.5591812,-6.4674025,-2.2382336,-6.228189,-4.7789373,-3.9358768,-2.5245457,-2.4201338,-0.32688808,1.2556932,1.8739401,-0.69428277,1.8400352,1.6891423,1.348541,2.1765647,3.9040473,0.9809348,1.1609229,-0.69490165,-0.969963,-0.2348018,0.94170046,0.69597286,0.43056613,angry
-650.4923,64.39037,0.82921916,11.523898,-0.3586219,3.5913172,-6.4609547,0.6406637,-12.072955,-4.1151204,-5.8277154,1.0929081,-3.342395,-6.6309686,-2.086851,1.4991755,-4.9994426,-3.3316884,-3.1312056,-2.4068146,-4.3435264,-2.6890008,-3.7310052,-3.5308042,-2.7855659,-1.6222773,-3.3704078,-0.83668524,-2.7325459,-2.2470808,-1.3060308,0.050260898,-0.9925388,-0.21336718,-0.35101774,-1.4622617,-2.4545653,-1.0448005,-0.29847878,0.11820803,disgust
-699.4721,72.06032,7.2975764,10.884043,3.8731945,2.3454242,-9.802934,-5.9796715,-11.092628,-4.559789,-3.895549,-1.7496173,-6.4008,-7.0830946,-1.1142749,-1.1124007,-5.4018517,-2.5727677,-3.0246847,-6.0116463,-4.0664334,-2.7074406,-4.730679,-3.3245692,-2.0315814,-0.5494104,-1.1319443,-0.181991,-2.2305427,-1.3923538,-1.2876983,-1.2757553,-0.7412536,-0.5871274,0.465012,-0.0022260828,-2.251985,-1.5695761,-1.7862349,-2.8367305,sad
-634.4853,71.03975,-6.5669293,7.721407,-0.3054227,6.9913554,-15.028293,-12.167973,-16.926113,-4.678616,-3.3898427,-0.9239805,-9.09696,-9.490169,-1.7453595,1.9089253,-6.967601,-2.9453428,-5.283939,-5.662377,-4.560036,-5.100846,-4.1612053,-4.6651244,-3.6084251,-1.4789686,-3.684565,-1.1685852,-0.74372,1.3732911,2.1550295,4.9872003,5.369792,4.678849,4.1409407,4.312963,-0.22086601,-1.0591356,-1.3131527,-0.48799163,sad
-600.0875,59.866695,6.064599,18.247078,-2.0502331,7.751212,-12.605536,-2.6126618,-10.890645,-7.04582,-7.5973454,2.0695345,-6.358903,-9.970416,-1.326732,-1.9251844,-6.1050014,-4.134104,-5.692595,-2.16008,-4.5412264,-3.7887783,-5.213265,-3.9777038,-3.2948537,-3.3431222,-5.5702343,-3.2839634,-4.162535,-3.9451032,-4.649134,-3.7545953,-3.4518776,-3.142278,-4.471059,-2.261098,-2.25561,-0.4772169,1.1864768,1.9488382,disgust
-538.68353,53.07105,-7.990158,1.0590996,-5.061296,1.435333,-16.121513,-7.4946203,-11.9467745,-6.2145114,-7.865436,-1.7555795,-9.163767,-5.316302,-2.1353269,-2.569336,-6.042194,-2.5666142,-6.058301,-3.3246815,-0.61154574,-1.1677212,-1.1742494,-1.9158021,-1.9325461,2.5659623,-0.7140734,1.2076724,2.0252256,2.7947612,1.4009202,2.2645388,0.810961,-0.26281154,-2.0208473,-1.4380604,-0.993337,1.0570258,0.014369179,-0.25102258,surprised
-634.4156,60.700737,-4.737706,2.859661,-0.49712363,-0.025504606,-11.302062,-6.2819915,-9.782394,-4.028159,-2.6037016,-1.5207691,-7.3608003,-4.6950507,-2.1937487,-4.6264105,-3.7964478,-1.9562706,-6.7047224,-5.1904054,-2.0078573,-3.0807095,-2.2408473,-1.0561897,-1.0015306,1.2355304,-0.36623263,-1.385199,-0.16471642,-0.8626314,-1.8265622,0.6907572,0.46383896,-0.89897734,-0.039032165,-0.69746363,-1.3589636,0.5331102,0.6869709,1.6126817,surprised
-554.5332,52.558823,-7.9272633,5.60135,-0.7564605,3.4245107,-13.465367,-4.805655,-8.31422,-6.799661,-3.5698268,1.1086127,-3.9270422,-7.6781034,-2.1101148,-1.2830875,-8.633203,-4.097959,-3.8335395,-3.1055272,-4.1091194,-3.6624444,-3.9177425,-4.9046917,-2.6093545,-2.331455,-5.6399355,-3.7746432,-2.34622,-3.2281218,-2.8634374,1.0302334,0.9294638,1.2838477,1.4461122,1.8613052,1.3848634,0.7638725,0.9709567,0.35241807,happy
-593.4962,56.980537,-7.2371716,7.5159774,2.2314086,4.3287582,-9.237195,-2.9362807,-8.2435875,-3.294952,-1.6675328,-0.7313612,-5.513164,-6.349209,-0.39924356,-0.8687059,-4.9938626,-1.0828106,-4.309168,-4.2326074,-2.8802958,-3.1282022,-3.0308394,-1.2849205,1.2979032,2.8062687,0.011283366,0.45812705,-1.218478,-2.050893,-1.0875607,-0.1928622,1.1004694,1.7244606,0.46645424,-0.016482323,0.9236808,1.5316293,1.480748,1.5274701,happy
-674.0994,62.795067,3.5603364,9.729162,-0.023848604,4.4203014,-9.839372,-3.7491684,-8.619715,-1.4153316,-2.3824022,-2.656626,-5.4951797,-5.3613415,-2.278893,-2.8826756,-4.1341205,-1.2231379,-4.160919,-4.355774,-2.2036464,-3.0283704,-4.1207914,-3.7953792,-3.8048348,-4.7022963,-3.0917413,-1.61568,-2.9555936,-2.078498,-2.6591547,-2.924736,-1.8858331,-1.6019893,-0.90050346,1.0379413,-0.707597,-0.45818856,-0.95395774,-1.8503287,calm
-665.2718,57.933636,5.258662,13.2363825,0.66855794,6.644537,-11.583322,-4.4777904,-8.907587,-3.7285647,-3.0972328,-3.3173385,-4.5043,-3.2787693,-2.5036678,-4.2756233,-5.097307,-1.8933612,-5.608452,-3.7392993,-1.6638924,-3.764258,-5.26038,-3.398936,-2.7607946,-4.88151,-4.044456,-2.6556635,-1.7314222,-1.8708351,-3.267316,-0.992712,-1.68619,-1.727214,-2.2881808,-1.1252292,0.0066693206,0.9216136,2.686281,2.7777011,neutral
-690.68744,57.287395,8.065511,16.855116,0.46501148,8.735891,-13.024316,-4.503687,-8.185371,-2.8935623,-4.409372,-2.1193266,-6.2471304,-5.956595,-0.9234217,-2.4258358,-7.3935895,-1.8102056,-4.3299484,-4.0150313,-2.692194,-2.6019254,-4.348029,-4.743364,-3.7802646,-5.1836243,-3.1421986,-3.2526312,-4.118608,-3.553597,-3.7327204,-2.045642,-3.3512602,-2.7416916,-3.2234075,-1.7290208,-1.9210556,-1.0330046,0.02957709,0.17719993,calm
-567.0824,57.704227,-11.601362,2.513105,-0.6057678,2.5127943,-10.712159,-4.4766755,-10.475638,-7.112624,-4.6179943,0.4158807,-6.3854594,-7.9050584,-2.817525,-1.7776996,-5.932518,-2.7963073,-6.2952876,-5.175497,-4.775183,-4.998694,-5.080496,-4.781796,-1.6221496,1.4961145,0.2678188,2.5045102,1.6236975,-1.1773279,-2.3271189,1.7474585,1.869853,3.0206196,3.2366018,2.4131925,-0.31501096,-0.10683851,-0.99843067,-1.0546818,happy
-598.6889,55.585224,-1.4237766,7.4870486,1.9551675,5.5452285,-10.15837,-5.5695715,-8.577682,-4.661826,-4.1223693,-1.2116818,-5.667054,-6.310594,-2.7606602,-1.5408946,-5.2846837,-3.1407597,-4.288442,-4.064759,-4.083937,-4.9270067,-3.538168,-3.9782305,-4.303849,-3.878152,-5.4477873,-3.5484416,-4.3062887,-5.00995,-3.5905066,-1.4512705,-1.1690894,0.60569847,-0.0568832,-0.12703624,-1.0061013,-2.273882,-2.2462585,-1.9706728,happy
-696.0972,66.14794,7.0698543,14.015483,-3.4265478,9.011339,-12.010905,-6.8540573,-8.274954,-2.6235416,-5.335364,-1.3872114,-4.876341,-6.1531386,-0.84063506,-1.6555719,-6.2972226,-1.1218629,-3.8315935,-3.8421803,-3.5646136,-3.4189892,-4.281341,-3.8584743,-3.4365768,-4.787678,-3.4336655,-3.3426373,-4.603526,-4.508567,-4.7543864,-2.6966002,-3.2065263,-2.9458518,-4.948631,-3.1904871,-5.380692,-3.7334142,-3.4172096,-2.6144335,calm
-677.4262,69.57674,6.553035,15.260473,2.2042475,8.82496,-12.819689,-4.0310225,-5.3883247,-2.376211,-2.4838784,-4.487965,-5.5764155,-5.6859813,-1.3337873,-2.33759,-3.9546442,-0.66450334,-5.112907,-5.17007,-2.3939178,-4.7239795,-4.764843,-3.5709906,-3.6453388,-3.960469,-4.125121,-3.915678,-3.3319798,-2.84815,-1.9858639,-0.111793876,-0.42871648,-0.27375135,-1.0811778,-0.8539615,-1.1835879,-0.35882172,0.4349747,1.5788952,calm
-693.5733,69.53658,8.307068,12.569411,1.820408,5.6317844,-9.4724655,-2.6315365,-6.6551867,-3.8533611,-4.374628,-1.8511716,-4.994951,-5.8678746,-0.86713725,-3.5634925,-4.6655245,-1.3449888,-4.9643826,-4.0336986,-1.6193446,-3.470262,-3.9233975,-2.8784986,-4.3372025,-3.3382711,-3.8292472,-3.7034433,-3.6702216,-3.2209754,-3.6101232,-3.4201806,-3.3007016,-2.3913982,-2.2956593,-1.6539042,0.06266093,0.08284401,-1.1121689,-0.07064306,neutral
-599.0252,59.32428,-5.2744236,4.3980274,1.4660534,2.264465,-11.350671,-3.826891,-10.801558,-8.760664,-5.855504,-0.1986056,-6.5109234,-11.696269,-2.7484775,3.0788665,-4.095905,-4.562827,-6.089768,-4.7622886,-3.6763103,-4.293959,-3.0278404,-1.8539071,0.30876896,3.3056746,1.5234396,2.436527,2.26106,1.9058954,0.7729749,4.2654614,3.2775931,0.5576216,0.16046704,-0.26416203,-2.2814262,-0.94443065,0.8797816,-0.46323487,fearful
-513.68665,51.939465,-4.283086,7.829137,-2.169694,0.78336465,-10.925153,-0.34485415,-5.2683415,-7.898558,-7.8295484,0.617869,-3.7931798,-7.619476,-1.4502534,-0.77564305,-5.0365386,-1.5278645,-4.171755,-3.2154038,-1.4674228,-4.014788,-4.2564,-3.695258,-3.4432893,-2.661152,-3.9124606,-1.525733,0.442939,-0.44791988,0.08096549,2.315453,0.4866173,1.2425482,1.3152559,2.3075702,2.2539308,3.3400087,2.3361878,1.4323748,angry
-467.17688,41.2892,-12.171492,3.8007672,-4.4440317,-1.9300922,-15.296289,0.39723453,-5.8751426,-11.244269,-6.7402887,2.8042068,-5.31536,-7.3627596,-0.77857924,-2.0069222,-7.734724,-1.9940246,-5.0579047,-2.33681,-1.3076098,-3.2947483,-4.8049717,-3.901263,-2.9179971,-0.19837369,-0.5560686,5.301921,6.085995,5.7727976,3.645247,4.9044905,1.012815,0.052115634,-0.13903409,-0.56945395,-0.009997702,0.638023,-1.8548228,-1.5827286,angry
-432.5458,41.63201,-28.746717,-1.8991936,-6.894362,-1.0959446,-20.136284,-6.9980927,-12.867241,-14.555252,-8.496089,0.3316665,-10.029803,-12.581489,-0.5421156,5.7421894,-1.5501459,0.9217217,-1.0908352,2.4854887,5.2245064,4.271081,4.482799,3.6596143,2.1211617,2.972634,-0.44128096,0.10582466,3.1784317,2.5470908,0.17681839,1.6201528,-1.1629969,-1.8191274,-0.55135417,-0.77505714,-1.026354,0.32868782,-1.1244043,-1.5343308,fearful
-703.0358,57.28434,5.3288584,11.109312,1.6600754,7.8754377,-9.224848,-3.411425,-11.640912,-2.9467006,-4.469683,-0.1188637,-6.490074,-6.7060595,-2.1443608,-1.1221163,-5.5473647,-1.8620803,-3.696045,-2.7893333,-3.3999653,-3.0355365,-4.1356006,-4.690336,-3.4342663,-3.5344539,-4.61802,-3.0030057,-3.574826,-4.2827387,-3.5747783,-1.4543748,-2.6672544,0.060712814,-0.24532756,1.22518,0.42766532,0.26063767,0.39771014,0.18916044,sad
-609.2556,59.138504,2.7715018,11.167488,1.1004584,4.964831,-7.2065997,-4.5314827,-7.9267855,-4.6410637,-4.488956,-0.8024744,-4.859542,-4.922861,-2.4005578,-1.650309,-4.4251547,-1.1829652,-3.307885,-3.8735392,-1.6803753,-3.443038,-4.788609,-2.4097795,-3.8153014,-3.38354,-3.7785316,-1.9575723,-3.3616261,-2.4289496,-1.8748193,-0.27455503,0.33183438,-0.42584684,-0.71031207,-1.184884,-3.1230557,-0.51454556,-1.2116798,0.34138298,disgust
-588.10223,58.794395,0.6493012,11.139725,0.29564863,1.6682476,-10.773801,0.47928944,-11.60262,-6.5516267,-5.47385,3.0202906,-3.412956,-7.497918,-2.1023939,0.5723974,-3.8253074,-3.3606045,-4.1226373,-2.2907553,-4.0314474,-4.197934,-3.1661487,-3.048646,-2.4642847,-1.151276,-4.506287,-1.5350589,-2.4124548,-3.1548636,-2.891366,-0.9207083,-1.9003989,0.08588708,-0.40439048,1.087814,0.6185108,0.59825516,0.9174728,1.107546,disgust
-641.3744,74.08121,-8.787225,5.2403283,4.5504904,5.285519,-12.394576,-9.86465,-17.020575,-9.249639,-3.1178515,-0.35029688,-8.128353,-9.056717,1.0427656,0.52478135,-8.303825,-4.5813675,-2.3361013,-4.819353,-5.0002456,-2.9623954,-5.8137136,-6.1087456,-3.5819645,-3.5691078,-5.287221,-2.833623,-2.6876988,-3.892391,-2.2537358,-0.5931309,-1.3911284,-0.94727695,-0.7061707,1.039972,0.8704631,2.097823,2.4485104,1.8885096,sad
-568.80005,58.65654,-7.1742964,2.8390565,-4.236922,-2.839035,-13.680382,-4.462888,-8.784939,-4.2337074,-6.4446616,-3.8979118,-6.706844,-6.829914,-3.8157165,-3.855143,-3.9305303,-1.4629592,-4.6697497,-1.322981,0.2816758,-2.6584866,-2.076406,-0.6125107,-1.6558031,0.20695432,-2.3468993,-1.6356312,-0.964621,-1.1722511,-2.463726,0.83568573,0.9796897,0.4597957,2.0234363,1.6767418,1.0747356,1.0845059,-1.3014672,-1.3345045,surprised
-561.8121,47.887672,-6.8391633,5.163294,-3.960181,-1.7451276,-14.3835535,-8.741565,-9.332544,-2.5355325,-7.7741365,-5.362475,-6.226189,-6.00314,-5.5879145,-4.6976066,-2.787129,-0.47213057,-3.4675229,0.48019588,1.2036958,-0.48730874,-2.0553603,-1.5847646,-1.0583242,1.3024092,-2.387254,0.70434105,-1.520087,-1.6901721,-1.0212833,-0.09851347,0.42464724,0.8349202,1.4130768,2.1409395,0.7025152,1.7929982,0.45799923,-0.21233675,surprised
-671.11945,58.30773,4.466759,16.33403,0.37182334,7.974557,-11.2577715,-3.5403695,-9.353853,-3.274194,-1.3890245,-3.0548353,-5.4166965,-5.8674994,-2.0536633,-2.7170413,-6.1365423,-2.4259036,-5.2195325,-2.9311419,-2.5380268,-3.8222687,-5.0236034,-4.033829,-3.19699,-4.7663717,-5.1928596,-2.7483683,-3.383594,-4.5688915,-4.0477624,-3.291058,-4.3836894,-3.1533394,-3.843736,-3.410263,-2.482069,-1.9492911,-0.60486513,0.25830486,calm
-663.13184,68.17052,3.68241,14.193284,-0.21097398,8.066274,-12.715483,-6.6121387,-9.278654,-3.1881666,-4.173104,0.034632664,-4.704887,-5.954584,-0.784133,-3.5254047,-6.6351357,-0.53662145,-4.704173,-4.8046384,-2.555892,-4.2118015,-5.9261184,-4.0982027,-2.6985626,-4.4241104,-3.9497294,-2.634736,-3.087824,-2.9989412,-3.537305,-0.5460198,-1.2559854,0.03734033,0.16435088,0.8308198,-0.36822528,0.5447004,1.4783186,1.0264008,neutral
-652.0713,75.070816,2.016463,12.191664,1.6864551,11.937418,-11.239147,-2.6883962,-7.788512,-3.5277367,-1.617197,-1.7330302,-6.853225,-8.290882,-2.538898,-0.6981423,-6.233097,-1.7395316,-4.549905,-4.2147927,-2.5877407,-2.5798266,-3.9049125,-4.292199,-2.7720473,-2.6376083,-3.701024,-2.9344497,-3.6396096,-4.814017,-3.383671,-1.6578009,-3.3571904,-1.4070412,-2.4468415,-0.9596827,1.2158037,2.3003504,3.2191248,1.2856987,calm
-616.80273,60.53386,-10.204832,4.1850004,2.069954,2.8012073,-10.635051,-3.791312,-8.914517,-5.759664,-3.4099581,-0.07002367,-6.2404394,-6.9962935,-0.5765565,-1.3848307,-5.481272,-1.537079,-5.419693,-5.5784497,-3.2763774,-3.6239095,-3.8565133,-3.4813025,-3.229283,-3.3684335,-5.035371,-2.5248327,-2.3472936,-3.2239163,-1.3817897,1.1980494,0.38554224,0.97721773,-0.33372602,-1.3962897,-2.9358034,-2.1335483,-1.3879846,-0.13420837,happy
-553.28174,49.693657,-11.473609,7.8105474,-2.1559625,1.4664524,-15.874313,-7.1222897,-11.199352,-6.842703,-5.6890745,-1.3729374,-8.52939,-8.677088,-3.7430503,-3.9566567,-7.429998,-1.8365508,-5.5687637,-5.1439605,-4.9487567,-5.9128895,-6.0801334,-5.13793,-4.09812,-1.6567413,-2.907518,1.4274985,1.6446158,0.10735188,0.5458357,2.127676,1.4689114,1.8702841,2.5333896,2.0889976,1.4331039,1.1731476,-0.19755524,-0.71420306,happy
-578.7062,50.90783,0.8712097,10.556559,-2.1691499,4.323413,-13.912044,-3.4247034,-8.636929,-4.835866,-7.367471,-0.1493436,-6.3766108,-7.3047414,-2.0388339,-2.318389,-5.915641,-3.2836542,-6.5673475,-4.481329,-3.106795,-4.187359,-5.100677,-3.5085332,-4.110338,-4.014107,-4.5559225,-2.8643613,-2.7103074,-3.0737169,-3.7286773,-0.82369304,-0.25066066,1.6087558,2.0139887,3.5134583,2.188647,2.8129103,2.8681998,0.8591557,disgust
-648.4471,62.51956,1.1278409,10.305535,-0.15752451,5.5520883,-14.340539,-9.248062,-13.057719,-7.8544235,-7.9358463,-1.3084005,-7.7197065,-9.276548,-3.1476238,-1.0848862,-9.149923,-4.561491,-4.6148186,-7.6711526,-6.3343434,-5.0026827,-6.910712,-6.2705846,-4.2910495,-0.9991996,-2.4438527,0.08403599,0.8146058,1.9782462,1.7498153,1.9792799,1.9862888,1.4113774,1.6103647,3.6097322,3.045815,2.723518,2.0320425,1.8664275,sad
-700.6365,58.502937,0.071603164,11.967087,2.6264536,3.6068227,-8.471675,-1.847757,-12.520433,-1.4666044,-3.3290293,-2.6033375,-6.48999,-5.02532,-1.368743,-0.84433573,-5.308638,-1.8197559,-2.7865183,-4.784641,-2.371006,-1.6957849,-4.0356097,-3.4325736,-2.4841938,-2.896494,-3.3362415,-2.0572672,-4.4898148,-3.6358182,-1.8598819,-0.58081454,1.1420082,1.9991221,1.3702364,2.4313188,-0.28592637,-0.29579526,0.79575205,-0.07582261,sad
-635.1883,68.793945,1.0901679,9.482594,-1.9832805,2.056746,-5.975643,0.4139788,-13.032721,-5.8162165,-4.050354,1.0776272,-4.1753793,-7.275273,-2.19342,0.06540978,-4.172553,-2.188076,-4.3928523,-3.9156978,-4.717675,-3.0972893,-4.0132113,-1.8654469,-1.8895351,-1.7899135,-3.6888747,-1.754873,-4.0639863,-3.4796672,-2.921386,-1.4693244,-2.1141248,-0.99536157,-2.0609725,-1.2176818,-2.3046095,-1.1836761,-0.6071087,-0.5381619,disgust
-437.09802,43.614964,-16.250322,0.14796713,-4.1375465,-3.3201478,-14.910111,-0.62042296,-7.4736814,-12.08525,-7.4262543,1.151231,-3.7715929,-8.029628,-1.6814189,-2.9330602,-7.0108314,-2.0114806,-4.6937685,-0.2884127,2.3732438,-1.1258087,-1.3763847,0.52203953,1.1568447,1.9610441,0.9976228,4.155576,1.858249,0.1565778,0.70052904,1.9484123,0.85555553,1.0778592,-1.2621372,-1.317144,0.5456769,1.7309996,0.3726567,0.052624565,angry
-437.10773,47.720474,-25.499,-1.1662166,-5.619126,-1.8165742,-17.658611,-6.515474,-14.733835,-10.685083,-8.002969,-1.4002979,-10.193921,-13.353582,-1.6812539,5.140591,-3.6760292,1.1119621,-0.23080784,1.6554073,4.8023705,3.035082,2.6348848,-0.12550141,0.6837968,3.2931907,0.088970914,0.856952,1.623918,0.71292394,-0.52650476,1.1166238,-0.22518855,0.5523363,1.551017,-0.12666178,-2.2211475,-1.9299362,-1.8082074,-0.060106456,fearful
-612.30835,53.503334,-2.0079334,10.402098,2.2268364,4.601609,-9.351031,-5.8819737,-11.738347,-5.585459,-2.4626207,0.54757845,-6.451239,-7.566826,-0.80338097,1.2810415,-5.7601385,-2.874534,-4.931169,-4.9687467,-2.750915,-2.5595322,-5.658589,-4.5402317,-2.7294476,-3.7381115,-3.576094,0.4896191,-2.210296,-1.3950449,0.44004935,0.49218795,0.031224046,1.9469664,0.27775156,1.3810287,1.0910771,0.98436606,0.50367457,-0.096674584,fearful
-523.0224,51.59193,-7.600658,12.76434,-1.247192,2.6342394,-11.746137,-1.3233068,-8.60086,-8.8879,-6.967075,-0.73521113,-4.6037045,-7.7692738,-3.2426558,0.083352424,-6.511257,-2.7598314,-5.961698,-2.048942,-2.5800767,-3.952662,-4.5573134,-2.0634923,-4.2602043,-1.97365,-2.3533738,-0.47674385,-0.7661666,-1.7302711,-2.8905408,1.8851706,-0.68039805,0.6211968,0.5955232,0.56417114,0.06908346,1.5767602,0.40731877,1.9912816,angry
-592.0512,55.809,-5.4778686,3.937996,-3.6063886,-3.1764524,-12.855871,-7.360428,-8.989612,-3.3460424,-5.7538137,-4.4114,-4.5577645,-4.57181,-5.627211,-4.9531655,-2.6053743,-1.8608214,-4.374622,-0.62320393,1.2551473,-0.48739445,-0.3175374,-0.96346414,-1.7789775,-1.3180665,-3.9980378,-1.1338719,-0.53824043,-1.9258527,-0.81515455,0.4823392,-0.47183776,0.73553175,1.2427255,0.9963808,0.15203394,0.10172314,-0.74664867,-0.6236814,surprised
-567.86127,50.748333,-6.9963245,2.50797,-4.6914763,0.18836784,-15.399067,-8.173096,-10.79702,-5.6569657,-7.2123814,-3.5961347,-8.914768,-5.642521,-4.310086,-4.148111,-3.5289567,-0.6312874,-3.3253372,0.15182176,0.31644967,-3.1542149,-2.8207598,-1.5333004,-0.03242124,1.7791487,-2.2942963,-0.96951073,-0.6197373,-1.0658482,-0.9382281,2.9487014,2.3282125,2.118656,1.0703913,1.2657299,-0.95606446,-0.6547633,-1.6017305,-0.47007295,surprised
-664.18884,67.52735,-7.68197,8.997566,-0.25360826,6.194861,-10.2040615,-6.883107,-13.168694,-6.619448,-3.961252,1.8570621,-6.377367,-9.849336,-0.34559014,2.166841,-5.7192655,-4.0289326,-2.8960505,-3.3144135,-5.0619884,-2.5971978,-3.1115243,-5.095122,-4.7305512,-1.6375649,-1.6337762,-0.7314916,-0.3637244,0.117037736,2.030756,1.4985198,1.313009,1.9862452,0.85599273,3.1369047,2.2877362,1.6082503,0.25331727,-0.28232276,sad
-620.8125,64.52452,2.7038295,13.219964,-1.1197928,3.6689045,-10.509879,-2.9686399,-12.981803,-7.562493,-3.7048724,1.5335947,-4.6794324,-8.586038,-2.7240286,-0.90658605,-6.005476,-3.0881286,-5.3676476,-2.7437665,-3.4021854,-4.193575,-3.5232418,-2.6625805,-3.2102757,-3.1869042,-5.1770477,-1.9259167,-3.2432837,-4.6280227,-4.86429,-1.7678251,-3.8022316,-3.8212013,-2.994785,-2.2417042,-1.4725469,-0.47396797,-0.45855096,0.55740297,disgust
-657.4202,57.9715,1.098434,12.260184,0.96899563,2.8161948,-12.378307,-4.8745446,-9.66894,-1.1497715,-6.027021,-4.350648,-4.999123,-4.7561474,-3.8002465,-3.5869257,-4.00179,-2.5705473,-6.087703,-4.4288864,-0.7617506,-5.016709,-6.499916,-1.9045036,-2.9368644,-3.3389301,-2.622644,-0.98418874,-1.9411083,-2.1584945,-2.1046433,-1.2694817,-2.789207,-1.3790314,-2.052023,-1.3037173,-0.25583872,0.50901175,0.8855149,0.88586855,disgust
-705.6631,57.349407,5.8494163,13.384483,3.0264778,6.5376444,-8.087293,-6.1363263,-10.887021,-3.044695,-4.964039,-1.390812,-6.8461847,-7.1847467,-2.5925572,-3.0270932,-5.29922,-1.2999215,-4.2278967,-4.963595,-3.7191908,-3.4665468,-5.887559,-4.7840714,-2.9900622,-3.650292,-4.355824,-3.5469723,-5.2754188,-3.9198103,-4.3343463,-3.4248886,-2.437221,-0.33217356,-0.015923869,1.6975439,0.94080555,0.9033834,0.6237671,-0.44712028,sad
-423.42587,43.87132,-24.625359,-2.5527585,-8.003719,0.4552683,-19.947567,-6.51398,-14.080051,-12.363243,-7.039395,0.76167154,-9.032461,-10.480597,-1.4069797,6.5767145,-1.6930509,1.1010908,-0.8804184,3.5281763,5.6921377,5.0978575,4.2642245,1.691573,0.8341903,1.437272,-2.3407283,-0.9206835,1.0536093,2.0542028,-1.6031001,0.2492218,-1.8443696,-1.7412046,-0.024523888,0.21315327,-1.0213599,-1.2810613,-1.0564909,-1.1717278,fearful
-451.00687,38.712643,-16.36935,3.6345217,-4.883439,-0.94730127,-17.030104,2.01166,-6.669933,-13.561244,-7.302331,2.7734637,-6.758627,-7.30157,-3.9126856,-3.6932037,-8.139471,-2.884301,-7.146157,-0.57743376,1.2225833,-2.1235595,0.33700466,1.73391,1.8429506,2.2261343,1.0644637,5.5656233,1.4559186,1.3984151,0.42819896,0.49048066,0.012174655,0.034111727,-2.8692076,-0.8515239,-0.37029713,0.5272616,0.14511639,-1.2984936,angry
-544.1135,56.604164,-5.327784,11.071869,-0.97546303,1.4010569,-10.82952,-0.048729576,-7.938132,-6.5835705,-4.7237372,1.3969226,-4.063578,-5.473729,-0.6267583,-1.8756313,-5.0653887,-1.0746746,-3.772797,-4.008785,-2.7205126,-3.4437106,-4.871485,-2.6567886,-1.7684795,0.32073566,-3.1353798,0.14649992,-0.5113235,-2.6563144,-2.0464575,1.1245672,-1.41323,0.505825,0.75393134,1.2431425,2.2946634,3.0457904,1.4646119,1.4509125,angry
-636.4804,55.530087,-2.0547636,9.373142,1.3357902,4.4300356,-7.8803725,-0.35135362,-11.072629,-5.682192,-4.9677687,0.78847736,-5.589755,-8.223734,-2.9184756,2.6341555,-3.6539912,-4.359292,-4.091986,-3.3580728,-3.704549,-3.5596743,-4.032229,-4.481627,-4.810996,-2.552922,-4.594256,-1.0384184,0.8181089,-0.060715325,0.70296407,3.2871053,-0.17323011,0.6986077,-0.07743643,0.15087083,0.38383085,0.6543074,0.35758287,0.22843571,fearful
-595.9804,52.181553,-5.219048,5.1225276,-2.6709144,0.082705975,-11.780095,-5.116186,-11.766125,-5.777168,-4.3094974,-1.6239066,-8.249356,-4.917402,-2.8580916,-4.537937,-5.921253,-1.6838845,-4.303691,-3.6053834,-1.5929663,-2.605615,-4.076303,-3.3950667,-1.5772,-1.2446003,-2.0277362,1.2308266,-0.3899014,0.12464325,0.47342876,1.3620328,0.69735765,1.8851726,0.7262791,3.1111288,1.4816837,0.47941306,0.035134614,-1.111752,surprised
-585.705,57.267277,-6.1712413,-0.77248925,-0.9245102,-2.0150301,-10.335776,-5.846648,-13.503956,-4.9356446,-3.0534775,-2.328507,-7.468197,-6.252275,-2.8555825,-4.6133056,-5.5217743,-0.57796067,-4.3424845,-5.5576134,-0.70716166,-0.42761588,-1.1232694,0.9918042,1.0805471,0.1911657,-1.8156571,-1.6925975,-2.4103823,-1.4705685,0.4811161,1.402362,3.0672405,1.0833145,0.78642565,1.6046104,-1.5843228,-0.10664995,-0.41585073,-1.3129199,surprised
-701.00214,72.10109,5.47984,13.864512,1.0095408,6.3806534,-11.297619,-2.1978114,-7.0966225,-2.520555,-3.219091,-1.6941634,-4.5668797,-5.2861547,-1.0777301,-2.6736197,-4.8683825,-1.4829578,-4.744792,-4.1226087,-0.6938026,-3.8446848,-3.9808576,-1.9190987,-3.2586472,-2.911324,-4.490114,-2.9067297,-3.726818,-3.4612057,-4.0138946,-3.3772817,-1.9651356,-1.2895159,-1.4580024,-0.58303,-0.18233271,0.01742719,-0.89951485,-1.0417144,neutral
-733.0371,70.21656,4.3042316,12.183165,-0.66956633,6.740268,-9.4434595,-3.487431,-8.388338,-0.29842547,-2.4943273,-1.5153265,-5.5023804,-5.338673,-1.9892452,-2.492941,-4.9909024,-1.6835304,-4.057898,-5.1087365,-3.8232758,-2.9664986,-3.8856006,-3.3292532,-2.709324,-2.811459,-3.6702812,-2.619817,-4.1298604,-3.9095695,-3.6445627,-3.556355,-3.701835,-2.682391,-3.8050754,-2.5847192,-1.8544343,-0.25342655,0.3630878,1.0693996,calm
-702.7425,64.42429,4.4999013,15.070945,-2.9826694,7.1232986,-12.838118,-6.0977902,-8.640533,-2.9979455,-4.897053,-0.6150447,-6.2435017,-7.75991,-1.3526754,-1.18515,-7.1698823,-1.7985904,-4.22529,-4.780754,-3.9848065,-3.7422395,-4.8957396,-4.6305614,-2.370113,-3.9584827,-3.4070783,-3.0906084,-5.0070786,-5.0636845,-4.3108387,-2.6068046,-2.4830623,-1.4949033,-3.7529306,-1.2078459,-1.3988812,-1.4679625,0.083130054,-0.5598444,calm
-599.62506,52.722225,-5.9427567,6.202048,0.22231233,4.9414864,-10.837505,-5.6027412,-9.493515,-6.8630843,-5.04196,0.2241609,-4.5533156,-7.302221,-3.1139166,-1.7826009,-5.5506105,-3.367895,-4.338393,-2.9377515,-4.820111,-4.8290625,-3.1173513,-5.267412,-3.7488606,-3.2210789,-5.04948,-3.1306021,-2.548548,-3.9935656,-3.2874727,0.8209354,1.0974618,2.7352545,3.225161,2.725917,1.5031135,-0.09265667,-0.091049105,0.38694984,happy
-482.47052,49.874416,-15.788864,2.7263017,0.07136021,1.5727135,-13.659212,-4.679632,-6.5073514,-6.281516,-3.736398,-0.048206795,-5.4146395,-8.0222845,-0.86894476,-0.9943854,-5.4598565,-2.8338685,-5.7361436,-3.6903393,-0.36923918,-1.4748139,0.88795257,1.3329206,1.7665164,3.8302035,-0.23914175,1.3176968,3.090786,2.1608303,1.6459761,4.199637,1.9843094,-0.21353313,-0.13420989,0.066080086,0.26320672,0.10122856,-1.0267769,-1.0626292,happy
-733.25635,79.312614,20.480839,33.42806,10.248781,20.7964,2.6663637,9.544006,2.682493,2.2736032,0.6557429,2.9822109,5.3194246,3.6548007,-1.5912448,1.8518822,-1.1240388,2.787009,2.9860725,2.3088334,0.8932773,0.15074839,-0.3898511,1.9849591,-2.8522172,-0.36653143,-0.9571238,1.5229318,-0.4651646,-0.7308086,0.1781989,0.005108225,-0.86643356,1.2124177,-0.6384307,0.47986895,0.3970807,1.1960976,0.11542898,0.5111231,neutral
-742.5898,77.87263,16.302908,31.207113,7.2443495,17.545584,3.6896102,9.412281,-0.23175663,0.19097379,1.3019347,1.9625459,4.9610734,3.393763,-1.2643272,1.4408722,-0.8376814,2.588795,2.2069569,1.0515673,-0.10600637,-0.5374113,0.4367718,1.5839351,-1.8057319,-0.020261869,-0.7828139,1.06273,-0.9332863,-0.7047393,0.14181238,0.06951992,-2.1271672,1.2899661,-1.2914878,-0.003072233,0.39923173,1.0650965,0.36858442,-0.513388,calm
-759.66895,81.5417,16.198225,28.41745,8.285497,23.475157,4.7777724,8.465812,4.701558,2.2609785,1.885921,2.0923853,7.6925464,5.782117,-0.39387104,0.6879637,0.87786883,3.5647533,2.0231845,2.0898855,1.9977797,-0.4278924,0.64275193,2.2043414,-1.2310895,0.5281229,0.26299906,0.63071537,0.23777296,-0.50858146,-0.4219352,-0.20246366,-0.15845646,1.7307414,0.14902467,0.12954551,0.7724009,0.24913347,0.484553,0.09578639,calm
-691.32794,71.89916,14.167541,19.753836,3.7533948,16.2706,2.509738,5.5251164,-0.06041487,2.0776737,-1.9135065,1.1648684,3.293854,2.8897088,-1.3495233,1.2661586,-0.8941484,2.4595995,2.5179775,-0.41774783,1.451929,-0.3232499,0.42782247,0.4215955,-3.2799568,0.031268556,-0.26398528,-0.08255126,-0.45080957,-0.9192188,-0.6604337,0.36222202,-2.2008848,0.3873268,-1.1733494,-0.70683205,-0.5672792,-0.11012228,-1.4957329,0.17725061,happy
-534.58734,57.255585,3.9571714,13.8328285,-2.3468115,5.326597,-3.0084047,-0.12048284,-3.1616578,-1.9302611,-4.396206,-5.4418507,-1.7616671,1.0032793,-3.9370077,-0.77377933,-4.146248,-1.9753835,1.09269,-4.5401073,-2.9337544,-0.56531924,-0.609617,-1.873724,-4.117293,-2.233165,-1.5917464,-2.30652,-2.4389744,-2.216085,-2.6051767,-0.83982754,-3.2372506,-2.4829025,-2.2231314,-1.7808895,-1.9179531,-1.1805121,0.6714359,0.8803929,happy
-555.52844,54.855057,4.1999674,19.728914,0.28959876,8.306349,-3.6686802,5.1586347,-5.519344,-3.1201112,-6.4236965,-5.6419034,-2.7795181,1.3387604,-5.325095,-1.427754,-3.6979504,0.37996724,1.2767279,-3.084904,-2.1560736,-0.9099733,-1.5923074,0.54738486,-1.956346,-2.657754,-1.430696,0.47505778,-2.2046123,-2.147092,-3.4220412,0.5970996,-2.7648191,-0.5553447,0.9991395,0.27605957,1.6063917,2.750374,1.2376769,2.0576956,sad
-622.7744,78.39273,12.709979,24.91866,-3.6150253,10.30835,-4.9431095,9.893761,-2.595801,-1.0701953,-5.911109,-4.375165,3.0161905,1.0706944,-3.9168532,0.20902568,-2.0809534,1.016607,-2.1135855,-3.6090245,-3.3583863,-3.7910566,-0.6733091,0.52456135,-5.3123484,-1.0814614,-2.3459096,-1.3053347,-3.3962214,-0.93281716,-1.2769796,-1.6755962,-3.6355207,-0.07869418,-1.8335406,-2.3248017,-1.4067115,-1.7903931,-1.9004521,-1.0685546,disgust
-649.1862,65.535484,9.518448,23.141169,4.7199826,10.930837,-1.718303,7.820291,-0.57449985,0.044595912,-4.112141,-2.1226358,3.4710958,2.4424288,-3.7687995,0.5391471,-1.308526,1.2345395,1.0598361,-1.6335406,-0.6772123,-0.5857822,0.12661664,0.29151565,-2.4969556,-0.9329137,-1.1839224,-0.05286361,-2.158015,0.1339728,-0.76203895,-1.1860349,-2.0995717,0.2642679,-0.8807251,-0.5762899,-0.7854285,0.6197447,0.10614036,0.42300168,disgust
-740.29376,76.22517,17.390541,31.961315,10.291514,21.04695,2.1729906,10.960993,3.2092707,4.1245456,-0.83922726,-0.21939683,5.331582,3.9282312,0.8244581,1.7923423,-0.5951705,3.4187908,3.1033523,1.4649678,1.3948781,-0.03823609,0.021797225,2.5862646,-2.1748028,1.2248517,0.23911014,0.785856,-1.1980258,-1.3276522,0.8350641,0.26683527,-1.6726656,0.5393149,-0.47432357,-0.31751025,-0.23064989,0.33667508,0.12319296,0.7260384,sad
-472.82214,53.581142,-7.775904,11.045127,-1.8907448,7.6940746,-4.9109936,1.6305256,-0.9769777,-1.9669666,-5.455019,-0.74568903,-0.7362276,0.6273102,-5.693228,-2.2067056,-2.2180367,-1.944924,0.56282955,-1.0055382,-3.241922,-2.738757,-1.195382,-1.4572649,-3.0414476,-1.5827891,-2.8436599,-0.15716684,1.0528915,1.8467288,3.4164102,6.4442825,4.37901,5.1589503,6.1392894,4.8740697,4.191122,4.8870454,3.347207,3.9992247,fearful
-476.8604,55.22922,-5.1908913,15.66881,-2.5836656,4.8709164,-6.6226087,1.3811269,-0.22890174,0.25789598,-3.765286,-4.5730085,-0.32228392,1.659923,-3.9125829,0.74446887,-2.969299,-0.17072795,-0.6001696,-2.4750805,-2.4741936,-0.81240624,-2.2985406,-1.0968293,-2.8073902,-1.2728413,-1.0451498,0.57992,0.2715294,0.21193612,0.310048,0.75730467,-1.9035578,0.122987084,0.48232982,0.8420385,0.39404282,1.9339572,2.0907817,2.0646555,angry
-566.9577,64.87337,-0.0557412,17.342953,-3.3469887,6.539287,-3.326777,4.8000417,-2.1107714,-1.0518438,-4.365917,-4.678804,1.7928995,-0.23764193,-3.5255783,0.94796526,-1.9607213,-0.40711138,-0.21371862,-3.9813054,-1.4912556,-1.7665172,-1.2530546,-1.0443434,-5.5533423,-0.26671183,-2.1835835,-1.3527954,-2.273952,-3.282392,-0.4458355,-1.4689133,-4.0882454,-1.0009973,-2.2877374,-2.6000159,-0.6644305,0.85918695,1.5564922,2.704177,angry
-626.8488,66.11755,8.598803,18.635511,0.64586264,12.805634,-0.8650831,6.600624,-2.4932745,-2.659787,-2.077098,-1.8546108,0.53479195,1.2227938,-3.4617856,0.28922963,-1.6799282,1.5733769,2.5784163,-0.13980782,-1.8142568,-1.3451009,-0.46634173,-0.28790936,-2.0895815,-2.144479,-0.2727913,0.4063671,-2.422476,-1.3385262,-1.4704324,-0.1928677,-2.4588602,-1.1114885,-1.1250249,-1.9869668,-0.3587291,-0.51393175,-1.1801355,-0.25490868,fearful
-704.7359,55.665096,8.526432,18.345516,-0.23844634,11.729693,0.1001481,6.772727,-1.0767465,1.1970295,-2.3074684,-0.16060585,3.286547,3.0684912,-1.7187676,0.8807031,-0.5106946,2.6923292,0.063991226,-0.70363533,0.5066074,-0.66833377,-0.55903965,2.9955957,-0.7061449,1.1010549,2.8709881,2.7059479,-0.52734715,1.1840482,0.52646935,-0.3034166,-0.5168063,2.0557644,0.48739555,1.8422091,2.378153,3.1921842,2.071142,2.7171488,surprised
-571.01013,50.20218,-2.857831,15.233763,-5.576381,8.2373085,-3.2185266,2.8895993,-2.7944047,-0.7206336,-6.5015554,-2.8549712,0.92015415,0.4160356,-4.182398,-1.5778909,-3.3136046,1.814173,-1.5809854,-4.3189416,-1.7837186,-1.5995475,-2.415536,0.992127,-0.7892273,3.0372887,3.2482831,3.4065208,-0.27220663,-0.4079077,-0.60787517,0.16098046,0.44481373,3.8597472,2.8266616,2.4492924,3.798712,3.1559877,2.8975635,3.2087736,surprised
-606.9778,73.963486,6.3607354,27.191917,3.8589401,16.837135,-4.192285,10.653205,-0.5451402,1.3081322,-3.622446,1.2864007,5.4457674,0.7749169,-3.6998944,1.4640015,-1.6409315,2.8178964,1.3799555,-1.4258682,0.8787375,2.3365366,0.4358993,0.79614,-1.159499,1.5182947,-0.9150997,-0.10918877,-0.64797455,0.9736269,-0.3663039,-0.8225151,-2.5564802,1.2966815,-1.257765,-0.45810682,0.8157342,0.14431053,-0.7884157,1.3938688,disgust
-635.47363,63.993034,6.8975763,16.907991,0.07839517,9.819348,-0.16363877,3.4819324,-2.0873644,-0.17977165,-3.0077584,-3.7073565,-0.40139857,1.1301256,-2.5528657,1.0485193,-1.9242581,1.2832459,1.5522873,-0.31063268,-0.56189376,-0.08533246,-0.69366926,0.03080345,-1.3029912,-2.1812425,-1.1700106,0.27536538,-0.9522081,-0.6793886,-2.638419,1.4343979,-1.2259551,-0.32414368,0.2708678,-1.6018392,-1.3871672,0.48987705,-0.52884275,0.1277659,sad
-727.67084,70.09895,16.423569,30.12283,7.419349,14.084158,2.5438063,8.4206915,1.7196255,2.9806879,-1.1151,-1.5581787,2.88185,2.113541,-3.3112502,0.019447694,-3.4575045,1.5704278,3.4869554,-1.2566519,-0.4795822,-0.19958809,-1.3607485,1.5036494,-2.102297,-0.84409505,-0.6666799,1.8597381,-1.6245036,-1.4759635,-0.22316802,0.74111015,-1.8636625,1.2156509,0.32224107,-0.48909834,1.2794714,0.9231866,0.685357,1.2168106,sad
-628.4022,71.628784,18.12577,22.606134,0.6876776,7.724906,-4.5600643,8.276052,-2.570548,2.0133157,-5.076804,-3.1602116,2.518326,-0.5067825,-4.389671,-0.5758304,-2.476469,-0.25480825,-0.85441375,-3.8900445,-2.491532,-4.1228333,-2.463583,-0.6578432,-3.9070036,-1.3706303,-1.6170286,-1.9028248,-3.378443,-2.5218709,-1.6517823,-0.3291899,-3.1866226,-1.1375312,-1.502676,-1.6468207,-1.2004963,-0.6946479,-1.0700996,-0.7476931,disgust
-372.38046,44.784588,-16.108162,12.324383,-9.942547,-2.033505,-10.663689,2.7616918,-3.6376016,-0.60298073,-6.8955135,-6.729144,-2.064318,0.9748469,-7.057776,-0.8022801,-3.255354,-2.2002552,-3.1282775,-6.4452434,-4.3866234,-0.8499397,0.5109583,5.166891,2.7597625,5.391575,3.9981282,2.28371,2.7429354,5.4532375,5.137921,7.8970747,5.328076,4.9400063,1.0176772,0.74016905,0.21040194,2.3154664,1.7143786,1.2980833,angry
-462.72717,50.606747,-12.509428,9.563113,-5.060164,5.7997503,-8.065089,1.1617408,-3.5079677,-6.5436087,-7.583009,-3.5594227,-1.8323157,0.90243995,-4.9912314,-2.4092283,-4.2687445,-2.0488946,1.2126169,-2.4078708,-4.6915584,-2.5487154,-3.1713758,-2.1725223,-3.5682433,-1.6741543,-2.6467845,3.270416,3.5370243,2.5338786,4.2522078,4.761339,2.1919458,4.642796,5.928267,3.9303987,3.2683742,2.3155048,-0.12630731,2.7524214,fearful
-682.21765,72.50126,10.495388,24.943312,2.75027,15.018012,0.91092855,9.396455,1.2740451,3.2063186,-2.5157394,1.4255548,4.151856,4.2333894,-1.771764,3.468277,-2.2052033,2.086438,2.9941263,0.3557493,-0.6536552,0.5606673,-0.26301274,1.6984075,-2.825547,-1.4731493,-1.691428,1.4940202,-1.4512558,-0.56521785,-1.3273321,-0.5994098,-2.8820612,0.15502807,-0.33111557,-2.472364,-1.1216199,0.0435227,-0.95823526,0.6525525,fearful
-611.8498,65.9326,7.326173,21.691463,1.1237141,10.333849,-0.66108,5.3671775,0.2725137,1.1494321,-3.557552,-1.6080968,3.6782796,-0.65420616,-1.4549001,1.7139351,-1.7129685,1.1434628,1.8205993,-1.1753546,-0.7279775,-0.8416542,-0.8315664,0.40441737,-3.352637,0.24005577,-0.34899318,-0.6832582,-0.98932356,-2.0478163,-0.0983879,-0.837603,-2.6300185,0.13838884,-0.16245212,-1.1521215,-0.6509066,0.40066126,0.40598264,0.623607,angry
-603.42084,63.460587,-2.5123177,13.960493,-5.738648,10.271082,-2.4139917,4.424173,-4.890187,-6.7350416,-8.776105,-2.4676695,1.5158813,0.5130042,-4.3340726,0.29642293,-4.3176184,-0.59053236,0.23900546,-1.0528756,-0.6705212,-3.1655698,-1.5625745,-0.048893973,-5.1834702,-1.9137235,0.56197625,3.9915326,3.0517168,3.641234,4.130243,1.5293665,0.5291716,3.6510935,0.35738337,-0.21471097,4.056916,4.4056234,2.5754032,5.111042,surprised
-527.11316,49.621777,-4.658979,14.762074,-5.5727806,5.5491385,-4.479635,1.7607229,-1.8204362,-0.24819694,-5.846453,-1.9976654,0.9735855,0.3438892,-5.96713,-1.8513029,-4.1412272,-0.873322,-2.5847995,-4.6659164,-1.8827283,-2.484418,-1.9431337,-0.07276209,-1.4731753,1.0144429,1.6667166,2.0367773,1.3298867,3.638957,3.5811932,4.9177885,4.696745,4.809506,1.9780701,0.96899223,0.8919103,0.9751354,1.3109373,2.0824218,surprised
-753.7456,86.044205,19.870487,31.126114,12.524379,23.635899,7.207679,11.000594,4.2225504,2.1261406,1.499444,2.4003177,5.1807437,3.5112298,-0.88831776,1.4673784,0.0738599,5.1172333,3.7367325,1.7119905,1.9606961,0.117639706,0.20612216,1.7806636,-2.0766854,0.43406376,1.0601779,0.3221223,-1.4068161,-0.9379036,0.2134651,-0.5829488,-1.3754674,1.2283027,-0.67754745,-0.46716756,-1.3090179,0.57954156,0.19941278,-0.31591,calm
-758.8544,71.90479,19.165865,27.339312,8.181487,17.790678,1.2747114,9.492996,3.1479506,2.6817024,1.2542042,1.4822494,2.8047476,4.3350153,0.10801816,1.7769924,0.61634886,3.8499672,3.4297872,0.30061057,1.9534054,1.0205103,0.29220882,1.9308255,0.096862376,-1.0208,-0.0031899663,0.96119064,-0.44701606,-0.807263,-0.9198904,0.77037305,-1.3898681,1.0930963,-0.6855955,-0.915161,0.59731215,0.6335443,0.27917528,0.53334457,neutral
-752.08905,79.75933,16.11674,31.51675,9.46981,20.750896,4.685381,9.287197,3.576999,2.9288707,1.4672899,2.6454415,7.61683,7.1505685,-0.5574827,2.7942777,-0.98401684,2.309381,3.1862488,-0.077446066,0.9109313,-0.46410742,0.4612218,0.6523466,-2.873367,-0.44643646,-0.23003605,1.2344235,-2.7386606,-2.9251533,0.7411808,0.71620023,-0.92120004,1.5369575,-0.67301476,-0.15744139,0.7047707,0.5488901,0.89540035,-0.1243184,calm
-685.7315,67.12879,11.678577,22.698023,3.232932,16.0328,3.4011943,4.036273,-0.36767486,0.98980397,-2.271305,0.6836375,2.6733751,2.8006015,-0.42720133,3.2919946,-0.90779597,3.0164933,3.8800943,-0.6681032,1.1488011,0.025911575,0.62455237,1.2241402,-3.0040088,-0.9592736,-0.31295043,-0.38867965,-1.8671348,-0.90310955,1.3021505,0.51239383,-1.1801659,0.88010913,-0.52309877,-0.21993358,-0.10386765,-0.45612377,-0.80385536,-0.09189524,happy
-518.1816,67.13934,4.3139734,15.141035,-1.4810348,8.512429,-2.2059863,3.8421106,-1.1363126,-0.61463594,-6.5249534,-3.6665432,1.209945,1.1512643,-2.7153635,1.1617961,-3.2102723,-0.67287123,1.047055,-1.8811357,-0.56200594,-0.45478818,-1.6682814,-0.99635446,-4.286755,-0.38412258,-0.10522357,-0.84236485,-0.8285265,-0.525077,-0.3632046,1.2460159,0.1595199,3.2233224,2.2959335,1.6787103,2.1534774,2.043878,1.6872964,1.7929376,happy
-639.8367,69.84196,6.485267,20.101353,1.3025184,12.839445,-0.06037862,6.6414905,-4.000487,-5.13464,-4.207615,-1.5266212,-0.16529436,1.2082514,-3.237441,0.9949048,-2.3832922,0.6030679,3.380385,-0.9209449,-2.2021616,-1.0451914,-0.741758,-0.5881728,-3.4853597,-1.8746916,-0.8166991,0.68713,-1.6879996,-1.6100829,-1.351995,0.7715732,-2.658608,-0.00021014118,-0.35822278,-2.1954856,-1.1142149,-0.9599927,-1.5219139,-1.30843,fearful
-563.58875,68.88383,2.2525263,20.982065,-3.2884407,8.304085,-2.9706047,4.567684,-3.4868302,-1.4316787,-3.7615685,-6.455773,2.7940562,-1.0977026,-4.574796,1.486028,-3.5309794,-0.019068314,-0.61484057,-3.2811785,-2.7919605,-1.6784779,-0.8306983,-1.3807421,-4.9352713,-1.3551062,-2.109367,-2.173447,-2.4928176,-3.3832548,-0.7601999,-1.9209137,-3.350861,-1.1779513,-2.5631144,-2.511747,-1.6272247,-0.8849909,-0.7117494,-0.17340297,angry
-407.55774,54.45603,-13.608109,13.5738,-6.770722,-0.4278383,-8.232095,0.3622623,-3.5209162,-0.0037951432,-7.0983486,-5.576873,-1.2700323,0.22364263,-4.650738,-0.038472276,-2.4740138,-0.023657076,-1.940132,-2.807692,-0.8123442,-0.61058867,-2.4455965,1.0033393,-2.1365144,1.0554976,0.92940325,4.5547156,4.7285223,5.8720737,7.005023,6.034914,3.5108652,5.1857977,3.3092155,2.4857268,0.64500725,1.8995037,1.5123515,3.708536,angry
-512.7294,64.373215,-9.571568,12.608449,-2.8773801,7.538317,-6.530199,1.5481303,-2.063712,-4.56417,-7.9781766,-3.5056963,-0.9217752,1.737605,-3.0843246,-0.64173436,-3.638234,-2.564407,0.21983819,-2.5341885,-3.0117288,-2.2191865,-2.2379436,-0.47520843,-3.6237857,-2.5094793,-2.5724537,0.71807396,-1.541191,-1.8316711,-0.5883733,-1.1014264,-2.7773166,-0.1646141,0.90284806,1.193612,4.217433,7.706684,6.482727,7.1907234,fearful
-728.32996,70.008354,12.096615,26.873281,8.910946,20.300043,2.7989378,8.51889,3.1881168,4.2155175,-1.7485254,2.7803717,5.090331,2.9552402,-1.1636204,1.6056559,-1.9226522,2.3096864,3.969427,-0.4669358,0.21685694,-0.60868204,-0.08218569,1.4934192,-2.5113342,-1.430298,0.7503074,0.5131512,-1.2392977,-0.85001594,-0.59731245,0.67530113,-2.1081004,0.9358361,0.75899565,-0.24249785,1.252842,0.2799727,0.24112076,1.205365,sad
-621.0192,63.139572,8.43082,20.049997,5.663159,11.390047,-4.064478,8.196553,-0.77209,-0.9812954,-3.2626896,-2.1505773,2.4727726,0.6921842,-2.9360592,0.7924368,-1.5105052,0.2237561,1.6494007,-1.4803064,-0.35213196,-0.8157305,0.62591475,1.959542,-2.1099854,-1.4948416,-1.730138,0.8674941,-2.2851298,-0.6718053,0.23857957,-1.0576959,-1.4646742,0.46849325,-0.6264036,-0.50035673,0.185938,0.8038055,0.2513342,1.2864908,disgust
-572.6427,67.05291,8.615544,20.611252,-1.1430883,7.117086,-3.8800275,6.206889,-2.2448645,-0.636055,-3.2924428,-0.9322019,2.454784,0.41235673,-4.269678,-1.2944524,-2.6929648,0.6238255,-3.4837754,-3.5262473,0.45793045,-1.7501531,-2.050164,-0.6074679,-5.2040153,-2.001879,-1.7530677,-1.4801605,-2.4074206,-1.9843754,-1.1010166,-2.1718495,-4.358025,-1.4083022,-3.2045245,-1.7277306,-1.7730018,-1.335008,-1.2408853,-1.8497528,disgust
-597.0054,61.306602,3.7224643,18.924969,-0.81007683,8.881651,-5.6663995,4.264951,-3.2671347,-4.861645,-5.993853,-5.11075,-4.0681043,1.0898855,-3.6797497,-1.6648059,-3.014636,0.35537386,1.3330168,-4.279516,-2.084395,-2.3627746,-3.2948732,-0.19757819,-2.856084,-4.985906,-2.4946513,-1.9038202,-3.7196786,-2.5926774,-4.204097,-0.5226747,-4.1464047,-2.3621225,-1.3256303,-2.5718098,-0.74256134,0.14228763,-1.5319883,1.4924688,sad
-553.1301,43.558586,-4.5905247,17.52224,-6.128591,6.7883058,-4.5801244,1.3852925,-1.9342744,-1.1717763,-6.341938,-2.1074626,0.73199517,-1.7778715,-5.22114,-2.1784048,-2.4401674,0.49110925,-2.4012806,-3.942531,-2.2496037,-3.2305663,-3.1649714,-0.48812696,-2.9680264,1.0321892,1.343565,2.989116,1.4947715,3.0063698,3.2109723,4.985142,4.797928,4.609833,3.044448,1.0499761,0.2171605,1.6812063,1.3277733,1.4930472,surprised
-664.84436,54.07535,7.8392544,13.926422,-3.8931417,8.116676,-2.015189,3.136302,-2.4818857,0.1077345,-3.237385,-2.8011482,-0.15710315,0.5200696,-4.0345006,-1.4472575,-2.6634889,2.5686762,-1.3401877,-3.9091697,-0.46520457,-1.256861,-1.834819,0.2903727,-1.1159142,0.3569038,2.0681334,2.9152684,-0.146662,1.0640563,2.365073,1.5514191,0.83246493,3.8222616,2.8644414,3.5960138,4.4004807,4.1864686,1.7028794,2.3388178,surprised
-532.39343,68.55252,-3.2168438,13.159064,-4.7356954,6.3896136,-6.5848784,1.6762506,-3.0002737,-3.8860216,-7.778787,-5.6636786,-1.775321,-1.6712946,-4.4127064,-0.12629326,-6.198065,-1.1351932,-0.09724836,-5.4614167,-3.178824,-1.0311674,-3.3693135,-0.6481287,-3.0574088,-1.3229877,-2.551679,-3.0638447,-3.7408276,-1.371361,-2.6344256,-1.7005304,-3.9916937,-0.3167166,-1.5566874,-0.42710838,1.0979378,1.9615545,3.310557,3.8592284,happy
-691.5276,67.64158,11.938577,16.43815,4.749771,13.948555,1.1265167,5.302118,-1.9748182,-0.5397122,-1.1379019,-1.7436153,1.6346164,4.1570916,-1.8004175,0.9254258,0.88808626,2.0378172,2.317039,1.6144011,1.8480514,-1.317846,0.24135,1.2264575,-2.0094254,-0.14999525,0.5786624,0.1657901,-0.26327744,-0.21829717,0.50709265,0.3114765,-1.0002595,1.7028974,-0.95792013,-0.7329908,0.51292664,-0.71528375,-0.5354816,-0.15457903,happy
-774.5937,70.74321,8.281498,31.23466,9.911882,21.056744,6.55848,9.031161,5.864816,4.2574306,2.684318,0.23999701,6.807194,3.7765744,-1.8852309,1.0446289,0.1544099,3.128835,2.9332018,-0.17635131,1.6791625,-0.6194069,-0.7613889,1.0045267,-2.6601887,-0.81472856,0.8714382,1.712676,-0.7444636,-0.7599536,1.170348,-0.03550277,-1.9248165,0.26870897,-0.14054766,0.104331166,-0.2222665,0.17225437,0.048004325,0.6901697,calm
-753.3549,78.284836,15.468353,34.490685,8.380394,22.007301,8.406257,9.259832,4.5958066,3.8315043,0.4468045,2.637773,7.6279807,5.7986493,-0.119106926,0.52699876,-1.6170917,2.274727,2.8245156,0.33206964,1.8468943,-2.644428,-0.9663643,2.5238907,-2.5751562,-1.1682004,0.3892499,0.9346502,-1.1032884,-1.7230388,-0.06903275,0.5957556,-1.6271224,1.0150487,-0.23585546,-0.29218173,0.1038036,0.38507256,-0.5070984,-0.14812034,calm
-739.2804,70.36791,17.302435,28.55305,9.391958,17.10453,1.538597,8.933743,2.2974148,1.7264214,-0.45298377,2.2758436,2.7612371,2.0014439,-1.8103247,1.2989596,-0.72504836,1.388121,3.6257486,1.2700409,0.0063782753,-0.5998642,-0.29460564,0.98709005,-3.2094083,-0.48539945,-1.2148286,1.3190258,-0.54590696,-1.0438683,-0.52241373,0.14309789,-1.1798328,0.64574337,-0.19185024,-0.20616554,0.10072871,0.25418395,-0.17677651,-0.27813423,neutral
-514.6045,62.555244,-0.1640931,14.666084,1.157826,9.740502,-3.0039856,2.7485201,1.1188415,0.16323665,-2.8586307,-0.61221015,1.2960461,2.6483386,-1.9498174,2.1305807,-1.1135164,1.1852702,2.6062684,-0.97898966,0.29760098,0.17735383,-0.06317215,0.8251307,-1.9608285,0.95898426,0.9673455,-1.3854547,-0.70196694,-0.52985525,-0.7366848,1.1157987,-0.63063186,2.3161302,3.247453,2.942178,3.0389569,4.121116,5.192869,4.463716,happy
-680.117,64.21047,13.815179,22.578897,3.9125214,15.696125,-1.2008842,7.06071,-0.65351254,2.1166143,-1.9157318,-1.1438128,0.81872827,3.1591475,-3.1751015,0.6511389,-2.1386101,2.41136,3.0950975,-1.6365625,1.2192259,-0.7437498,0.24578516,-0.04706227,-3.3807518,-1.1824471,-0.77382106,-0.84122515,-2.0261743,-0.5541447,-0.7385012,0.7855769,-1.9839404,0.46245685,-2.0714998,-0.41136494,-0.33463037,-0.21211009,-1.3426683,-0.65996724,happy
-751.35645,74.12404,17.598696,32.9411,9.036399,24.251823,4.0120482,10.606648,4.446538,3.9987245,1.1864195,3.4378946,7.0952277,5.603946,-0.07872604,2.0399213,-0.043967295,4.4307246,2.8868585,-1.78044,2.1544151,-2.0387993,-0.8859566,1.7916743,-2.658621,-0.42622495,0.7650195,0.42552313,-2.381272,-2.0087414,-0.15930356,0.49321786,-1.7819213,0.36614248,-0.9442499,-0.41153216,-0.36262462,0.33746818,0.45902002,-0.06122169,calm
-732.5187,76.38943,17.638344,26.667929,5.4494395,18.02531,1.068386,10.585946,3.3093412,1.4424696,-0.6325084,0.84913534,2.8457286,3.1844864,-1.3354187,1.0610073,0.16881065,3.2341788,3.228607,0.7859136,1.8687907,-0.117695704,-0.48116487,0.48811898,-2.3948948,-1.4529915,0.030205848,1.0119134,0.08939978,-1.830755,-0.864885,0.19007187,-2.4968684,0.9115319,-0.6564885,-1.4656527,-0.19345784,-0.53535324,-1.369549,-0.16559042,neutral
-768.209,72.479195,18.02152,29.731403,10.034633,21.671068,6.7402043,12.245995,6.0878534,3.5209444,2.2097754,4.166663,6.3089046,4.7916245,-0.7474692,1.7046471,0.6763216,5.0007524,2.7694573,2.0077977,1.628555,-0.36984783,0.7648236,2.422792,-2.1905882,-0.19203907,1.1226535,1.1853511,-0.24546437,-1.4690435,-0.2647487,0.2477715,-1.2166171,0.56457984,-1.1998113,-0.113678224,0.08932834,0.6821191,-0.51829255,-0.3630316,calm
-570.80414,64.99627,2.8052137,17.679733,-0.62995845,10.008672,-4.04525,5.4957833,0.0619617,0.2151408,-2.9295423,-1.2619102,1.9666748,0.8263658,-2.685533,0.6521931,-0.95582926,0.8593042,0.99977756,-1.4787672,-0.10589911,-0.835424,-1.8579361,-0.4972014,-3.3428788,-1.2178838,-1.2523911,-1.0786213,-1.4951773,-1.8363243,-0.8276318,-0.23417129,-1.5969238,0.6196908,-0.30120236,-0.78803337,-0.5516894,-0.18068095,-0.15222213,0.5799354,angry
-650.5551,71.148705,11.252196,24.18941,0.17565362,13.545242,-0.8255597,8.978571,2.1034906,2.7192082,-3.1302063,-0.7896443,1.3107779,3.7300406,-1.9459451,2.3069875,-2.520546,1.0956644,1.8649405,-0.1763941,-0.7404299,0.118750155,-0.2509111,0.7868826,-3.579642,-0.49046403,-0.96768886,0.342867,-2.0080178,-0.6990928,-2.178323,-0.37296858,-3.5916762,0.30486003,0.32265854,-1.9267129,-1.2276012,-0.79502463,-1.4218276,-0.9998423,fearful
-452.08484,50.328873,-10.448164,11.337685,-9.023392,5.665282,-5.5315785,2.9118347,-4.7956266,-4.235192,-7.4464116,-3.4620097,-1.5028548,1.8992394,-5.1911793,-0.6115972,-3.8697014,-1.5108562,1.3705645,-2.108143,-3.9360542,-2.63701,-2.8658311,-1.7642318,-3.3421736,-0.41991815,-0.7565517,2.5814617,4.0038795,5.9948506,5.8052025,8.433877,6.4890714,6.3015122,5.2825947,2.478711,1.2886294,2.4147968,3.0556972,4.682354,fearful
-393.40836,57.16402,-5.282651,15.507657,-1.7194499,2.2483082,-11.081664,3.6286786,0.0960947,0.96746767,-5.5669513,-4.3821363,-0.6871108,1.4941053,-4.894139,1.2203858,-1.4165761,-1.9744487,-1.7672781,-4.4359202,-2.3151617,-1.0339097,-3.9304292,0.12862632,-2.3475041,1.5248235,0.6497873,1.5083705,1.9412433,3.241749,1.9497432,2.745882,1.1635053,3.9326706,3.309311,5.5356307,3.3978958,4.2927465,4.184326,3.9504147,angry
-657.07434,65.92716,15.524601,20.474106,0.9697361,10.091519,-0.9571335,8.445911,-2.8448021,2.8921938,-1.7736987,-2.0827084,4.272558,0.80581176,-3.353985,0.7316096,-1.6874888,2.442832,0.8026943,-1.2487041,-0.8236752,-1.9752641,-0.46844763,1.7721987,-3.9000762,-1.1089582,-0.32640988,-0.18978895,-2.4570587,-1.8650056,-1.1712556,-0.58770144,-1.6367956,-0.4291742,-1.2352703,-0.7789842,-0.9609633,0.3480601,-0.64019513,-0.68343055,disgust
-728.0648,68.76649,17.807657,28.844748,6.7409496,16.37297,2.4374135,10.408105,2.4962635,3.4472132,-1.5671787,1.0027066,3.6467543,1.470454,-1.7106363,0.6178566,-2.9852662,3.7816522,2.8694026,-0.6398398,0.39972463,-0.8795683,-0.19621338,2.2358568,-2.8193824,-1.2538233,-0.30365038,0.0040121167,-1.7131368,-1.133787,-1.7328055,1.1873335,-1.3867024,0.5495613,0.070548445,0.31664795,0.32096243,1.2442377,0.10471304,-0.011964757,sad
-579.0722,81.82524,4.5997615,19.850552,2.2410452,12.950649,-1.5788996,0.74000216,-2.3578205,-2.3916228,-3.805175,-4.2085004,-0.14486463,-0.070936754,-2.5897212,0.5455072,-2.6927814,-1.4738336,1.6867712,-2.7259898,-1.7298299,-2.5796125,-3.3217459,-2.3467638,-3.816449,-3.2103124,-3.5179632,-1.2276554,-2.081543,-2.960634,-3.0139577,0.34296358,-2.2018209,-1.2245213,0.89977944,-0.3627976,1.2933851,1.4704849,2.109218,3.2940016,sad
-583.4716,63.945915,4.80797,21.99493,3.5129385,11.254563,-3.1552863,8.18498,-1.1488978,0.14680964,-4.9769907,-0.85772985,4.9166393,2.3366575,-3.041129,2.1354344,-0.72978103,1.9011576,-0.7509612,-1.5548195,0.7191396,0.16087858,0.5123946,1.5330433,-2.8061993,-0.06193162,-1.468292,0.53326553,-0.33355576,1.2296524,-1.1174252,-0.46794897,0.17329317,0.92986274,0.28599304,0.7406673,1.3526323,2.1032016,-0.019299248,0.89829576,disgust
-618.6782,51.336807,0.84473675,13.7760725,-0.73259205,8.760255,-2.8669486,4.1627007,-3.0038083,-0.709388,-3.8070035,-1.6861856,0.91255176,1.1212145,-2.7318618,-1.4922979,-3.123801,0.7628639,-1.5378501,-1.8302892,-0.02835083,-1.9973747,-1.7175279,1.2022195,-1.9384215,0.5997677,1.4452127,2.9583492,0.9726256,0.52141833,2.2304409,1.8641843,1.7532439,5.6521697,4.2561464,3.942374,5.2354827,4.673631,2.7714293,2.5481663,surprised
-605.7032,58.04222,4.126604,18.612099,-0.5964847,9.617891,-1.9341619,5.449337,0.5918927,-0.20220937,-5.631972,-1.7613423,1.2533014,1.5532452,-3.7535088,0.5547032,-2.714678,1.1760625,2.2665195,-0.3619787,-0.6189268,0.13420443,-0.12990585,0.6949621,-3.186634,-0.5535711,0.047784075,-0.24686621,-1.5999651,-1.5065522,-1.6001052,-0.1603749,-1.2856585,0.6351712,1.1631988,2.022608,2.2770767,2.9242861,2.8851442,2.0415268,surprised
-455.84647,39.4031,-21.99267,-2.562673,-8.548673,0.11709265,-9.3583975,-3.9050834,-5.6551003,-7.9723754,-8.638764,-1.1792076,-6.162721,-7.120315,-2.5502596,2.847498,7.260142,6.060592,6.444135,5.931807,3.1625957,3.2250025,-1.3435254,1.8308036,-0.16882333,1.6203201,-1.2764924,-3.4782386,-1.0713582,-1.0660548,1.0450244,2.0996675,0.46203604,1.4339207,2.095004,1.823675,0.10257614,-0.29852113,1.0230912,0.2973217,happy
-677.5961,59.050205,-4.0210147,9.31739,-1.8152846,6.383213,-14.391014,0.61263525,-9.757568,-10.271301,-3.7377582,-3.6654553,-5.7341204,-4.6554165,-8.076538,-3.9302518,-3.2167702,-2.306963,-7.0777273,-6.6587596,-4.2481203,-6.7376833,-4.85585,-5.225888,-6.360761,-1.3943409,-4.389203,1.3045652,0.06788881,1.2360826,0.2528783,1.9090445,1.3043876,1.1045138,2.7392912,3.4498672,2.36479,0.8513929,0.52438176,-0.54748,happy
-726.07166,64.04815,4.5802565,18.614588,-2.3503563,11.221674,-7.0641613,4.242719,-4.9211926,-10.81566,0.10736509,-4.1635,-2.8651361,-1.3252722,-7.476706,-2.5793746,-2.3885026,-1.1738795,-6.431855,-5.395424,-2.5479274,-7.086026,-1.9674332,-4.0912185,-5.880342,-3.6799722,-6.831124,-3.4819653,-5.1601954,-4.239817,-4.513341,-4.4682193,-3.351394,-4.321074,-3.2602677,-2.9408495,-2.1909645,-3.9228542,-0.25256112,1.454977,calm
-720.6222,61.749256,1.7936525,14.88203,-0.6545193,8.332651,-10.6930895,5.308539,-6.543029,-9.690411,-1.8537246,-4.521874,-2.2747447,-3.6215737,-5.691463,-1.0595112,-3.0062165,-0.36623242,-6.270894,-4.7194877,-3.5074043,-5.4398394,-3.4421675,-5.4014854,-4.0215435,-3.7446191,-5.2763314,-3.0384507,-3.595529,-3.0709064,-4.7415166,-3.4829028,-2.9272146,-2.5471227,-2.4434383,0.17806268,1.2546624,0.034497596,3.1074665,2.690164,calm
-764.68945,68.56538,9.405327,13.641615,-2.346594,9.777696,-12.641463,6.8331532,-9.732703,-8.624976,-0.8739629,-4.38308,0.5290721,-4.1018105,-6.122505,-2.420825,-1.0456051,1.8408273,-7.952938,-4.0353813,-2.3518586,-3.4244576,-0.47299746,-6.165557,-3.2518523,-2.8424754,-3.793438,-5.4664764,-4.8520956,-1.5461525,-4.594659,-3.2706792,-3.7715006,-1.4237101,-3.197589,-2.8194678,-1.4357789,-3.8219116,-2.5842,-2.6972692,neutral
-629.67053,58.680077,-10.326651,1.8927282,-8.061831,5.9002366,-11.924639,-0.31668177,-6.3780165,-8.940706,-7.95282,-5.2016296,-0.3130105,-5.6722856,-6.5734086,1.1500057,-5.0170903,-2.6633344,-1.091597,-8.4863825,-5.0189238,-4.359716,-4.1111965,-2.9847648,-3.8683128,3.7755551,0.50582045,2.7527661,5.856331,6.1220465,4.7579603,3.992942,3.688723,3.084117,1.79776,1.9477743,0.07412968,-1.1547785,-0.99237096,0.7125963,fearful
-577.52936,66.42477,-12.177218,-3.2548437,-3.844868,-1.3370513,-13.868962,0.30268484,-7.719314,-12.95057,-8.408251,-2.4692109,-0.6084388,-6.868024,-3.6417322,-3.0238013,-6.27215,-1.572702,-6.511979,-7.104619,-4.5315943,-4.361716,-3.2132666,-4.3866673,-0.66485894,0.34131593,-0.40111113,1.0051923,-0.4480057,-0.0568309,-2.2748322,-2.7286162,-2.421736,-1.3545307,-0.3871672,0.5063605,1.6677877,0.24530117,0.73242265,2.4982836,angry
-398.92044,22.812948,-37.872807,-3.7775106,-16.375286,-6.4607654,-10.403359,-3.0548868,-6.210349,-5.109539,-7.7178035,-4.6176643,-5.071691,-9.368843,-2.2208524,5.1062016,7.1666207,11.557094,9.3932905,1.4880948,-0.8416558,-7.0051885,-3.8577867,2.399611,0.15616408,0.47839245,-4.568746,-5.1218615,-2.0143833,2.9149365,3.1264875,-0.65629894,-0.84637856,2.3006778,4.4727025,3.762508,-2.4334764,-4.152133,-1.5630826,2.5405118,angry
-499.33606,44.588066,-24.63372,-3.2172878,-13.303326,0.8438351,-14.332308,-6.4971333,-5.7984395,-12.186359,-12.486409,-2.448212,-1.047058,-7.860303,-6.513021,-0.8341949,-4.186188,-3.8208241,-0.21486166,-1.0580822,3.8717527,6.107203,7.431502,7.335092,4.311739,7.761177,0.38528913,-1.8407971,0.062807485,0.4003211,0.004822675,-1.4402832,-1.4233612,-1.7990254,-1.5682957,-0.06905911,-1.041778,-2.0428102,-0.916296,-0.8949286,fearful
-707.9209,67.27897,4.447779,13.107912,-8.363963,7.772841,-10.507047,4.6593194,-4.986379,-14.015734,-3.9350357,-4.775755,-2.8165984,-5.9714746,-4.214123,-3.5809076,-5.6400094,0.901907,-7.245524,-4.6037383,-3.4700608,-6.438702,-2.793583,-6.8077483,-5.0145907,-3.3667555,-5.1995134,-4.659906,-5.1562166,-3.503139,-4.71864,-4.547021,-3.4566987,-0.6700733,-0.10973727,0.7963085,3.393357,2.7231138,2.7481747,3.6636522,sad
-618.8852,65.21158,-7.1126013,5.369632,-13.80595,6.7547092,-9.835039,2.5236075,-11.782198,-8.704145,-8.247321,-2.5081186,0.4484466,-5.7601776,-5.0265117,-1.3309271,-5.688546,0.39605862,-4.2657948,-7.828578,-3.9475603,-4.1647806,-5.9341946,-5.069024,-3.9893193,0.69481033,-5.4440584,-1.632515,-0.71685004,-0.945396,-0.9017736,1.2151219,-1.5817034,-1.4541273,-0.14664555,-0.70333743,-0.59399456,0.51313007,0.3977714,1.185249,disgust
-509.0367,37.55888,-22.583635,-2.6307678,-7.3256965,-4.1552467,-14.18966,3.1269612,-10.681503,-9.903638,-10.674848,-1.8905371,-1.5642179,-9.179917,-3.4356265,-4.9672804,-5.3849783,-2.5209467,-5.1301284,-4.2494464,-1.869627,1.9954612,3.843366,5.1092887,4.5828714,3.2364106,0.4731547,-0.32798892,0.18008992,0.14796355,-1.1752261,-1.0429269,-0.77066153,0.118904285,-1.58207,-0.5054067,-1.4934708,-1.1414189,-0.6552059,0.882432,disgust
-522.0626,52.86814,-24.411467,-2.9576595,-7.61023,-3.736794,-16.49682,-9.297041,-12.043566,-15.17613,-13.421271,-6.2683825,-0.8033574,-9.112008,-8.532711,3.177157,-0.027150134,-1.7122923,2.5470493,1.186305,3.2590156,2.9368746,3.2891667,4.4089513,3.061221,6.3889127,0.5423409,-3.3676174,-0.5779038,0.282025,-1.3062692,-0.9787015,-1.032751,-1.6721488,-0.66160333,-0.8390943,1.2859358,-1.1154099,-3.378121,-1.820931,sad
-622.58813,48.524673,-8.944772,9.128386,-8.407891,7.7788982,-9.049195,8.985635,-5.4766135,-5.3616714,-6.162274,-4.459288,-6.066703,-3.2430954,-4.583557,-2.09794,-4.173157,-1.4601405,-2.8554802,-2.9099898,-4.387227,-2.3481882,-1.6555246,-0.571695,-1.0447173,0.9358867,-1.1709794,1.733875,0.3431463,0.973222,0.74848455,1.2610745,2.3082955,2.576184,3.0521252,3.7956107,1.0861666,1.5080348,1.885331,0.957617,surprised
-664.2792,52.933372,4.929223,13.623764,-10.902979,7.573945,-12.35904,4.9124002,-4.46953,-12.72237,-5.6041174,-5.356683,-8.468152,-4.4378405,-7.439272,-4.5542116,-4.0749016,-2.3315656,-4.368235,-5.41293,-3.0111504,-5.802994,-5.5512037,-1.8552957,-5.0681796,-0.5689961,-6.391978,-0.44203043,-0.580513,-1.7233287,-1.390641,-1.912089,0.87232524,-0.1249001,-0.7597902,0.20273352,0.31838065,-0.096167594,-1.3179909,0.13235942,surprised
-604.1796,65.4558,-11.255744,2.1299598,-8.835856,1.154777,-14.423817,1.4362597,-6.549638,-11.341844,-8.910508,-5.495027,-2.3093214,-5.9856415,-6.0845437,-3.6884496,-6.073575,-1.5610192,-6.6004415,-5.9463544,-3.1675656,-6.481986,-2.534962,-2.4347587,-1.4728801,1.596234,-1.3151945,1.4733359,-2.496049,-0.6485566,-0.984921,-1.0064677,0.9082961,2.3980358,1.2645265,1.7046598,2.995559,2.204216,1.4765941,1.6593465,angry
-631.0056,55.563316,-3.2841804,8.9369135,-8.764603,7.746304,-10.777286,4.2413907,-5.7289805,-10.43963,-6.435547,-1.1234722,-2.2516596,-5.4639187,-4.6889534,0.39726883,-4.517226,-0.9144513,-1.1307186,-7.187022,-3.4914675,-4.7730536,-3.974663,-4.0717363,-5.1130204,0.08785482,-6.161406,-1.0285335,-0.1368103,1.3444281,3.8796904,4.7438254,5.33964,5.0464334,4.768704,5.0936933,2.383568,1.4513627,1.585189,0.47287834,fearful
-502.31,49.060562,-26.738482,-3.0020971,-14.048622,2.0120971,-13.700608,-4.179733,-6.120668,-11.116524,-12.501085,-0.30598035,0.9653868,-8.640902,-7.2570047,0.92466384,-3.455705,-2.6763623,-0.05678743,-0.7132373,3.9586139,4.4119906,6.8297243,5.766943,2.7223945,6.962006,0.18397926,-2.3757262,0.44762906,0.7487331,-1.4703801,-0.9063927,-0.35372624,-1.3026776,-2.3679564,-0.38580415,0.53142256,0.16425325,-0.23498848,-2.2100115,fearful
-402.09683,18.9622,-37.676174,-4.6233907,-15.92868,-5.824776,-10.870159,0.6359402,-8.388566,-2.566727,-8.450157,-6.9307966,-3.3681624,-5.381867,4.016206,9.122256,10.68433,12.123346,4.002344,-2.6838756,-4.053623,-6.353747,-3.2192383,1.6248363,-0.33684105,-2.6845388,-4.224256,-2.954019,1.4696841,3.0466661,0.916315,0.46342036,1.3692917,1.7778842,0.4837181,0.65290904,-1.6219517,-1.141465,0.06347238,0.3837726,angry
-580.3468,60.67309,-2.8507252,1.5516607,-5.002619,-0.5919373,-9.869601,3.4721246,-7.8700027,-9.810647,-8.249761,-1.4261526,0.56429964,-8.47894,-5.404503,-0.37707657,-4.4638205,-3.8268833,-5.5785537,-6.743361,-5.0028453,-4.149898,-4.017806,-6.999886,-3.893625,-1.7067487,-6.1077633,-2.9905472,-1.5148373,-1.115662,-0.8622411,0.35574213,-0.3921079,-0.5532407,-0.28507957,-0.6487504,0.5279677,0.58124244,2.1449578,2.261911,disgust
-679.45483,71.6397,-3.606426,4.380863,-4.103542,7.61354,-15.080423,2.461227,-3.2541423,-12.483388,-6.603518,-4.308856,-1.2554712,-5.6617107,-6.0696387,-1.2936232,-7.459969,-2.0387154,-4.8655295,-5.796937,-3.3282533,-5.1580825,-2.2204754,-6.657365,-5.147773,-0.9433863,-4.0878296,-1.7512362,-0.7782041,2.1038296,1.8258898,4.202568,4.0065136,1.6815023,3.3865166,1.6033232,2.4590003,3.9218364,2.5505316,2.2002816,sad
-519.6918,57.609253,-19.453766,-5.1748724,-9.757168,1.2914567,-17.556606,-10.00234,-10.207295,-17.591532,-13.108753,-3.8839931,0.008614452,-8.961986,-10.97835,0.71961457,-3.7867217,-6.26043,-2.3318505,-5.3301,-2.049506,-0.34799886,1.6438394,5.1612415,4.6160693,10.166492,8.197836,3.646138,2.7972767,0.34435233,-3.2824519,-2.371759,-1.3756591,0.21972279,1.5409415,0.1936618,-1.4919698,-3.0936637,-2.3646874,-0.42244253,sad
-485.51373,37.749554,-17.40147,-2.6193197,-11.90424,-0.47726676,-14.820769,0.69658476,-9.940157,-9.774139,-8.676595,-2.124042,-1.3969237,-9.365043,-4.71085,-3.5880125,-7.467892,-3.1124754,-4.7663364,-4.1597476,-0.2792515,0.06599949,1.5217954,0.22498907,-0.50967425,-0.82836884,-1.657793,1.8607134,1.9097085,4.186235,1.3834639,0.031846125,-0.55309206,-0.30033877,-0.037095007,0.20417273,-1.711979,-1.4139924,-0.92660624,1.3483989,disgust
-615.4061,43.64291,-6.402692,12.012578,-11.143824,5.0575676,-10.034646,9.767618,-5.31705,-4.2675724,-7.552485,-4.358122,-6.3807197,-3.3307486,-5.654573,-1.5274451,-3.9164355,-1.5207199,-4.2686443,-1.1914396,-4.0359383,-2.1526065,-0.8482434,1.4831904,-0.494985,2.4411902,-0.30177975,3.0276499,0.88224083,2.191508,0.6752146,3.0992212,3.041049,1.632014,2.04282,2.6485593,1.0508809,2.2153141,1.4882103,0.19202259,surprised
-698.1557,60.091484,6.3738103,14.979794,-5.718834,5.695845,-12.598233,7.080676,-7.129788,-10.265815,-5.7508335,-5.3005595,-5.339964,-4.3102684,-6.7573643,-2.3537436,-3.4529817,-2.3617668,-3.9799304,-4.3321085,-4.454976,-6.577206,-1.7711619,-2.3139658,-3.507307,-2.4277852,-6.7504473,-1.7836443,-2.897262,-1.7606634,-3.3095791,-1.4503608,0.46514618,0.30930266,0.05178949,2.2167084,0.8812178,-0.5601483,1.1235712,0.23120964,surprised
-492.10858,42.304478,-34.118587,-6.3505692,-8.457234,0.3897899,-15.319623,-8.202747,-10.428464,-9.581351,-10.78889,1.8977861,-5.4635983,-8.184197,-4.9108396,2.8999133,4.9959884,4.6354423,8.215956,7.9389567,7.172992,5.3855367,-2.0208912,-0.73760486,-2.84227,2.2972279,-2.2978559,-2.4457471,0.0074069244,-3.6304293,-1.531761,-0.003084172,1.1363122,0.04605844,-0.5383366,2.1492496,2.3400378,1.6789596,1.0083764,-0.027712526,happy
-650.4999,61.521507,-6.8846474,4.444444,-2.592438,6.24413,-10.429364,2.4675057,-8.44164,-10.932005,-3.943893,-5.586445,-5.1840262,-3.7310688,-6.4706697,-3.7557945,-3.4929245,-1.305033,-6.5134864,-6.671893,-4.6069975,-5.711808,-3.5841713,-4.3099766,-3.6506145,-0.841231,-4.014798,0.69540024,-0.32187995,0.20578079,-1.2528393,0.0013713837,-0.55765074,0.055932235,2.032707,2.590968,1.3334655,0.44971284,0.74696565,1.0472189,happy
-749.35004,68.83982,2.028281,20.5895,0.856299,11.225975,-9.47981,5.449946,-3.3252885,-10.442801,-0.3407134,-4.8847094,-1.4189574,-3.375825,-5.5502295,-1.5676147,-2.1239374,0.64183426,-6.1321335,-3.6046464,-3.1731982,-5.745636,-2.3209083,-4.4294333,-4.4937334,-4.230855,-6.0346913,-4.7795267,-4.3460507,-4.397343,-3.3477144,-3.830906,-3.0732963,-2.076018,-3.742407,-2.8846393,-1.268716,-3.680386,-1.1396843,1.5996304,calm
-785.0691,59.15985,12.515004,17.7636,-4.26778,7.6800723,-11.846792,9.54002,-7.778509,-8.979356,-2.9706116,-3.595892,-1.0531087,-3.0821264,-4.781385,-3.1683114,-2.8540697,2.3783822,-6.8861165,-3.5112693,-2.7272258,-3.5752642,-1.4647843,-7.0708413,-4.004397,-3.5799155,-3.6573656,-5.2993627,-5.0145273,-1.1244092,-4.6516933,-3.5708003,-2.9640148,-1.2599055,-3.8444817,-4.2898602,-2.9025085,-4.3771844,-2.3633525,-0.53487426,neutral
-707.4629,61.71383,9.312499,15.514553,-2.9084477,11.471708,-7.640927,4.978368,-5.326109,-10.510428,-1.2476317,-4.4533367,-3.9483528,-2.5134954,-6.632356,-1.610038,-3.291442,0.08907779,-6.1895576,-3.2644465,-3.1723566,-6.184557,-3.732318,-5.11469,-5.355477,-3.9276323,-5.7490253,-3.5046906,-5.1269054,-2.920266,-5.242212,-3.287333,-3.7171643,-2.201247,-2.8972375,-0.4385195,0.20302631,-0.8564235,0.7280192,2.2876945,calm
-541.4923,53.22712,-26.561357,-5.9657993,-12.180582,-5.2539034,-15.648673,-6.9507613,-10.661845,-13.543088,-13.656575,-6.377178,0.016810484,-6.9165397,-6.908,6.1581354,3.942268,2.757825,5.7971206,1.686565,3.6055427,2.49437,3.5012379,4.6133566,0.96265537,2.2220945,-2.4340913,-6.2249446,-1.7098478,0.7402243,-1.523842,-0.5202488,-2.6278563,-1.3890711,1.372244,0.47984567,0.18475427,-4.145309,-4.1175303,0.080346756,sad
-516.5845,41.96442,-12.288616,-1.9679466,-6.53949,-5.2233562,-12.017015,-0.0041928245,-10.824507,-9.956346,-11.5578985,-3.547512,-1.7812296,-7.806282,-5.4468136,-4.4805217,-5.2920713,-4.199579,-6.7351556,-6.765498,-5.715767,-4.082805,-2.2767541,-0.7346023,1.8766199,3.7579408,2.003934,3.8768256,3.4441202,2.877473,4.205974,3.4936218,0.90718246,0.053090576,-1.6353971,-0.6738426,0.5057594,0.32865492,-0.4280434,-1.1248505,disgust
-598.18866,59.422256,-1.4895415,3.5391922,-10.25005,6.200447,-10.931191,1.0275557,-10.835167,-10.086814,-7.100991,-3.588604,0.11573605,-6.221177,-4.3948255,-0.7373341,-4.907268,-1.9074472,-2.978535,-5.8216233,-3.8164196,-4.411255,-4.2858825,-4.08385,-4.408129,-0.98784333,-4.8275557,-1.8960708,-1.4674377,-0.15517318,-0.12832898,0.8679369,0.94614303,0.5729574,0.8842224,2.4183955,2.8151782,2.721804,1.3109809,1.8706915,disgust
-723.12286,59.119186,9.214816,13.400778,-6.966353,7.6045346,-11.728665,7.682487,-6.862984,-10.753265,-3.0503283,-4.3620205,-3.3356771,-4.714387,-6.3105793,-3.061702,-3.3768861,-0.11833464,-8.095563,-3.2585652,-3.5839822,-5.9446726,-2.9401474,-7.208842,-4.413219,-4.018676,-4.1582136,-5.226141,-5.1647816,-1.6472242,-5.0602036,-3.9749303,-4.0950994,-1.3137379,-2.9521043,-1.5886098,1.0580844,0.552437,2.8332818,2.5397267,sad
-545.42725,48.67006,-19.531494,4.3400183,-13.57731,5.0383368,-12.0924835,-3.9302666,-8.256691,-11.292128,-8.646495,-0.37709007,-1.1942378,-7.1310086,-6.7801313,0.16617608,-5.572213,-4.7425137,-3.547431,-3.9141371,1.5338535,3.3408918,6.147513,8.580611,5.580729,6.7867002,1.1859684,0.79347175,0.4782455,0.60101825,0.3573683,-0.8814359,-1.3461317,-0.6534166,-1.2387216,-1.3747517,-0.326134,0.7170396,-1.3086344,-1.4536165,fearful
-401.084,25.331026,-38.479202,-5.0326467,-18.697584,-8.060392,-9.078775,-1.3143599,-5.6630855,-5.0939837,-6.768844,-4.863029,-5.6504097,-7.6602974,-1.8838515,3.4678216,7.4847555,10.812482,10.293391,2.2370646,-1.5560002,-5.437535,-2.6818912,2.1636906,-0.25336632,1.1801345,-3.230825,-5.599812,-3.0001683,0.7058881,1.4641958,0.27228537,0.52780586,0.83390945,1.1849204,3.775709,0.6550116,-1.9354051,-1.7839125,0.83544415,angry
-593.33264,72.956505,-13.331355,5.087068,-7.035333,1.3338492,-13.315836,8.464623,-8.667774,-12.896172,-9.352843,-2.759902,-1.5201509,-5.3122697,-3.4794009,-3.7351468,-5.4145045,-0.54277754,-4.2261415,-5.1858177,-7.7987695,-5.453516,-2.8002493,-3.9516144,-3.241627,-1.3883696,-3.9419181,-0.5659457,-0.699927,-0.16114107,-1.0727925,-0.25982338,-1.0635624,0.61834216,-0.17696972,1.2348509,0.13020933,0.7525719,2.1225262,2.0433733,angry
-609.46,62.59998,-8.533149,-0.44424295,-10.947049,3.449654,-12.856941,0.32903558,-7.2083254,-12.405253,-6.8502607,-1.1466696,-1.4078212,-6.5223937,-5.9568887,-0.37866217,-4.8791533,-2.643936,-1.9555464,-8.694922,-5.2817864,-5.26261,-3.000287,-3.8952093,-3.110496,5.7337446,-0.17670283,4.6471376,7.1239047,5.599752,3.9719129,3.356882,2.085045,0.9278492,0.68070585,2.0567994,2.554674,0.26295093,0.6493129,0.082590915,fearful
-699.9483,54.74702,1.8782455,14.633469,-6.6950765,9.224676,-10.008348,7.0308514,-4.7925515,-8.428759,-5.4231014,-5.041843,-7.0253916,-4.661053,-6.5238204,-4.367684,-3.5093734,-1.5341524,-4.1643376,-6.3124213,-3.3715825,-5.904492,-2.7280908,-3.0588787,-4.300394,-0.8203972,-6.745635,-1.0938936,-2.484998,-0.95891565,-1.9267404,-0.26940858,1.0481594,1.4742651,1.3775413,2.2464027,1.9006718,0.31786498,0.13604552,0.07426234,surprised
-628.50574,48.4362,-4.3991995,12.62347,-10.814904,3.7285457,-10.646004,8.467681,-4.0539083,-7.635023,-8.088514,-6.2172894,-6.6408134,-3.8181891,-6.389506,-3.2247524,-3.0767834,-3.766061,-5.691274,-2.9723017,-3.7757685,-4.7224593,-1.7143596,-2.546171,-1.4934341,1.2411665,-2.4416802,2.0584059,1.0488195,1.0210344,-0.77327317,0.9528621,2.2851796,0.03857461,1.1562438,3.1509318,1.0502278,1.9477413,1.4093677,1.0556458,surprised
-776.58417,67.14871,8.78092,14.383939,-0.13287804,10.260218,-13.132438,6.926582,-9.562615,-9.002353,-1.769607,-4.1137323,1.7367764,-4.7683096,-5.6059594,-1.8326869,-0.32179782,1.0986853,-8.030909,-2.68139,-3.4606843,-2.955097,-1.156312,-6.6436234,-2.4650762,-2.037693,-2.4145372,-4.770233,-3.7710054,-0.95114124,-4.1204886,-3.6173162,-3.7126877,-1.8451154,-2.514283,-3.280494,-1.8971522,-3.2503006,-2.557275,-3.241528,neutral
-733.8371,67.95543,2.9854016,13.132645,2.8292713,9.173278,-11.106443,7.9236784,-7.2644057,-8.801796,-0.59714204,-3.7836246,-0.83947504,-2.9730906,-7.0046983,-1.1395471,-1.260508,-0.2395055,-7.038713,-3.4013124,-4.539055,-3.9758697,-1.8322964,-6.6184816,-4.3858395,-3.2131703,-5.9112716,-3.739381,-4.2829957,-2.8697019,-4.9684114,-3.2094772,-4.149779,-1.9167382,-3.9144826,-0.5363819,-0.5526691,-2.278419,0.60069734,0.8249596,calm
-719.27734,59.59689,5.2834754,14.971994,-4.22105,11.400226,-8.386884,5.43118,-5.619642,-10.144651,0.21841206,-4.874405,-4.1614122,-2.1207802,-7.2170057,-2.0122337,-2.7944732,0.4622038,-5.2822504,-3.956602,-3.682026,-5.965663,-3.1940148,-4.3228025,-4.7266583,-3.7478266,-7.333668,-3.7136576,-4.675416,-2.7838326,-4.834509,-3.8521092,-3.5779595,-3.5208006,-3.9403265,-2.4169893,-1.1090969,-2.5426307,0.7927407,1.7607256,calm
-695.3707,68.06368,-4.1603146,7.9907274,0.30152482,7.6260867,-8.85144,2.442038,-9.702423,-10.936587,-3.5460851,-3.8790588,-5.2389445,-2.6536994,-6.5750012,-3.019849,-1.6686977,-0.7860115,-6.5164633,-6.808325,-3.4214246,-5.4687886,-4.761582,-6.44353,-5.439026,-2.8378863,-6.343789,-2.961489,-3.0094924,-2.0261326,-3.2271276,-2.2665465,-0.17315201,0.32902938,0.020919563,1.1978233,0.6074724,-1.5512964,-0.771101,-0.00016383121,happy
-435.63382,30.41416,-23.069136,-5.525141,-10.644697,-2.2362359,-10.10989,-4.973722,-4.378268,-8.310051,-9.420911,-2.187839,-6.0112877,-5.6873884,-1.162784,3.2138696,8.859248,9.698972,9.680315,5.751152,2.226376,1.1050388,-0.7766803,1.9908425,0.058041416,0.24679501,-4.811,-5.2671566,-0.0044801356,-0.7061146,1.6922479,1.368197,1.2180488,1.8833119,2.7668848,1.698957,-0.31870106,-1.4031304,0.46944785,1.1387287,happy
-717.7396,66.69447,7.624549,17.123014,-2.2784202,10.637121,-6.0229964,4.213785,-5.8658686,-9.819799,-0.7131906,-5.773388,-3.816944,-2.232373,-7.3663883,-1.5128306,-4.2118397,-1.0838041,-7.0640807,-3.3556678,-4.169324,-6.477844,-4.7407694,-4.4441204,-5.1309266,-4.0408125,-6.5119433,-3.9630826,-5.6966295,-3.1526408,-5.603475,-4.255123,-4.1005673,-2.4648957,-2.6367278,0.521,1.7464625,0.17632878,2.1576247,0.789038,calm
-791.3226,70.86482,9.540017,12.143424,-4.176733,7.5994625,-10.357199,5.9817505,-9.464372,-9.75619,-2.372332,-3.238916,1.9354327,-5.443946,-2.9275281,-0.9758985,-2.2410507,0.89490205,-7.740185,-3.4849112,-3.0918305,-2.7562144,-2.2433622,-6.120751,-2.602517,-3.3590004,-2.5401783,-5.0963955,-4.51263,-1.1154827,-3.9554927,-3.5258245,-3.9979143,-2.5555294,-2.1494558,-4.0855565,-3.017406,-3.6955094,-2.8407056,-3.6331756,neutral
-742.2926,63.671303,-1.489987,17.553986,0.073392205,8.155811,-9.610529,4.99316,-4.0380645,-11.5866785,-0.9956143,-4.9104724,-4.1967044,-2.8825657,-7.8861365,-1.5754781,-3.8234892,-0.7086882,-6.5866766,-4.26387,-3.2415652,-6.5625973,-2.4903991,-4.928253,-3.941134,-4.4501724,-6.3134375,-3.535222,-4.805924,-3.6252968,-3.910356,-3.7406714,-3.8018987,-3.3341613,-3.282056,-1.9833293,-0.69128555,-1.4516367,1.5500965,3.397917,calm
-659.3728,60.433094,-11.170637,3.4961622,-1.1086311,6.5946097,-13.950198,0.043474633,-12.831551,-10.950245,-3.7233663,-0.7505852,-4.5102987,-4.400849,-8.13645,-2.4118454,-1.6940033,-1.1394497,-6.628181,-5.0485964,-2.5090976,-5.363605,-4.139293,-3.5367632,-3.9984486,-2.4079046,-5.503832,0.73816323,2.599116,4.8582687,4.4199853,4.9243946,4.075431,1.4804522,2.2206762,1.2664249,-0.15885605,0.63045,0.98956645,1.2319927,happy
-439.20355,29.96304,-27.670982,-6.093647,-11.945277,-2.4211128,-11.969351,-6.7953005,-6.816496,-9.634317,-7.370639,-0.31232557,-6.67275,-6.6004667,-2.517285,1.4576074,6.6785283,8.311851,10.115367,9.169906,6.3133464,2.2766516,-1.2840664,0.8398875,-3.66502,-1.7126799,-4.428734,-3.9160933,0.27513933,-1.6323467,-0.57025695,0.58986247,1.3266189,1.8407179,1.3666624,-0.33462736,-2.104368,-1.7282457,2.1864598,2.4158847,happy
-501.9472,44.17207,-11.031918,-3.3101327,-10.378845,0.35534596,-15.37332,3.4113636,-11.094648,-10.508227,-7.942953,-1.5448662,-0.9805842,-7.266027,-1.9712416,-3.5524273,-4.287512,-3.168298,-7.320386,-6.504669,-5.1579957,-4.084366,-2.8015528,-0.7767548,1.1977285,2.9371476,-0.2638069,1.1468302,0.9200606,1.103458,0.71078837,1.9376493,1.5064284,1.9485655,0.16368836,0.21309316,-0.30820212,-0.2664872,-0.21617658,-1.2354584,disgust
-535.3101,57.843544,-26.71888,-1.4529504,-11.555067,0.7592019,-17.656168,-11.869724,-7.3193355,-16.051098,-14.171878,-3.6005585,0.00036460027,-11.084943,-9.501804,3.1330943,-5.2022734,-3.4065425,-1.2005626,-5.120051,-0.40276745,-1.2123039,2.7289286,5.7105346,4.4048333,11.301697,5.8226666,1.4901421,2.0909908,0.2783264,-1.3509077,-1.9102647,0.06402325,1.889626,-0.23750916,0.930823,0.38974223,-4.018641,-2.9536862,-0.91857487,sad
-692.8894,68.48083,-1.9817263,6.339781,-8.118032,5.022191,-13.959387,5.1676135,-5.325347,-10.689814,-7.984652,-2.7584684,-1.4985992,-6.9140515,-6.406333,-1.1208932,-6.986415,-1.5313392,-5.1868396,-4.7292,-3.4925308,-5.63776,-1.8386976,-5.3100796,-5.220877,-0.506801,-3.0194654,-2.1443114,-1.1076261,1.2895544,-0.011135605,2.636731,1.5826201,2.0799596,2.9700875,1.8364276,3.630205,2.4796205,1.3721682,0.81523484,sad
-645.1961,64.79048,-0.30664334,7.644783,-4.7968497,1.9077482,-9.393701,6.5421805,-8.617155,-6.758532,-7.878101,-3.8733478,1.8972478,-4.7431035,-4.5328107,-1.0445936,-3.0748134,-1.2502384,-3.962563,-6.6057453,-5.5914373,-2.9757364,-3.1506796,-4.8429723,-4.10728,-0.7443266,-4.834304,-3.2012455,-2.4447176,-1.6698823,-1.9131163,0.114715576,-1.0537364,-0.86844486,-0.6321691,-0.34238425,-0.23373295,-0.5235859,0.54159033,0.21668278,disgust
-411.2887,25.658417,-33.063904,-5.1307735,-10.87821,-6.1960588,-13.299936,-1.7995654,-5.5116887,-3.8884969,-9.321005,-5.120658,-3.0789878,-7.752686,-2.6092412,1.9921778,4.366392,9.430605,9.243135,4.560939,2.8098671,-4.2391,-4.8458085,-2.1566193,-1.7945206,3.5142713,0.24629812,-2.0689552,-4.4147515,-2.9144456,0.3467064,1.2530507,-0.5011548,-0.9157322,0.9583229,3.9044046,2.038564,-1.0251291,-1.1196944,-0.7986117,angry
-493.5906,45.543186,-21.465,-2.7342434,-10.200647,0.08030242,-10.672798,-4.0195003,-5.2806716,-9.423756,-10.2353325,-1.1182358,1.0136664,-5.1395173,-6.499156,0.1748226,-0.9099932,-2.4339063,-0.60932356,-1.1777408,2.1711905,6.042118,9.429925,8.836739,4.8288317,5.8042874,-2.2278516,-3.2475455,0.8296976,1.1325227,0.92537457,-1.6144776,-1.6714035,-1.2830292,-1.6719255,-0.3097046,0.56253195,-1.456895,-1.907431,-1.3837184,fearful
-606.31006,69.51655,-7.0605984,2.778395,-8.13037,7.1355596,-11.923903,3.6027536,-6.421681,-14.666798,-6.205822,-0.45138195,-2.400251,-5.952632,-5.36274,1.4625975,-5.109872,-0.22988714,-0.6879963,-8.879616,-6.1193676,-4.5324244,-3.568297,-2.9070296,-2.2263112,3.066873,-3.967024,0.06469483,0.10011179,0.81934726,2.7514865,3.7120688,4.6932144,5.4743342,5.5114284,6.19928,3.5156672,0.41884804,0.39421138,0.8324636,fearful
-582.1395,55.954144,-8.914265,4.5497546,-6.830102,0.4632551,-11.83745,-0.00083191285,-6.441773,-12.171426,-9.026666,-4.323584,-2.9410772,-5.2673473,-5.1076617,-3.751451,-6.123669,-1.7549822,-5.7848587,-5.1787524,-3.1789737,-4.447009,-2.9445643,-3.673999,-2.8765633,-1.082398,-4.1657662,-1.4125793,-2.0743723,0.8242284,1.7698275,1.8242546,2.5537577,2.4891894,1.4525979,2.3281696,1.0379868,0.068370044,-0.73867005,-0.0076543097,angry
-694.92224,64.70917,-4.611453,10.060948,-5.210668,6.370267,-16.677208,6.7471423,-8.16823,-13.710858,-5.171452,-7.9038734,-7.2010264,-4.6354494,-7.1243625,-3.6049106,-5.1902413,-1.4570273,-3.3573303,-6.1663446,-3.0678818,-3.6814723,-0.1020645,-2.8624024,-3.286111,-3.0588386,-6.7696433,-0.5260143,-4.2537313,-1.6641952,-1.9719042,-0.18984526,2.8946862,2.4638727,3.6601906,3.8699875,2.7453694,0.8212012,1.1935967,1.0353273,surprised
-601.02136,44.4921,-0.4725774,12.770543,-10.8080225,5.769923,-13.748767,6.0496855,-6.4887815,-10.707225,-10.1272,-6.126527,-9.16268,-4.967164,-6.829777,-3.440101,-4.3528514,-3.2704659,-5.056709,-3.3297095,-6.1186247,-4.6400905,-3.3810976,-1.6035013,-3.3882859,0.42710948,-3.9294133,-0.12132511,-0.66101706,-0.5822801,-0.28061208,1.8756427,2.028258,2.0355067,1.8253443,1.8357179,-0.65081114,0.14229636,0.15862334,-0.8323197,surprised
-717.3812,51.189217,-10.805838,6.456191,-5.1784506,3.5753567,-7.8627234,-0.5267299,-13.204646,-7.0598483,-3.648671,-3.349611,-5.2239037,-3.6931136,-4.697551,-1.1141416,-3.8886414,-3.1223896,-5.9346347,-4.6168,-4.3085837,-3.5024712,-3.1365466,-3.8970687,-2.1864166,0.94999576,-2.8021643,-1.2312014,-1.5362082,0.09571047,-2.7416296,-2.281758,-1.4011108,-1.6660898,-2.221208,-0.4400643,-1.4154047,-0.52832437,0.037139777,1.305457,surprised
-527.27814,56.267395,-24.903807,2.0987084,-8.145054,-2.9493089,-17.689379,-1.0354322,-13.587098,-10.085804,-5.5266542,-4.4095073,-8.090686,-5.281757,-4.3086286,-1.1012343,0.1807036,-0.38321158,-5.491346,-0.46923184,1.0988917,-0.39205953,0.21492794,-2.3271358,-0.18310477,1.3926113,-3.4230971,0.5518815,1.0993217,1.843195,-1.1391587,-0.6573893,0.4944108,0.7788658,-0.24915834,1.317232,-0.51258343,1.302225,1.0956941,0.9286516,surprised
-522.64044,51.505016,-29.94377,-5.666643,-8.850276,-3.1306043,-23.63224,-10.781091,-9.714712,-21.439531,-14.4464855,-2.348407,-10.024679,-7.7048426,1.6488587,-1.0925272,-0.8879806,4.6609507,0.3588003,0.5129261,7.781599,7.529334,3.8140163,1.0873584,-0.78212565,0.12671405,-1.5592341,0.110942096,-1.1314844,-1.0781578,-1.1304694,-1.3247463,-0.3254978,-2.4425821,-3.3297687,0.14332482,1.5141705,1.3095516,-1.0110363,-1.4185702,sad
-671.78217,50.70359,-5.8298526,12.161356,-8.373692,2.7778406,-12.400687,0.22669186,-8.616441,-8.038242,-7.6951504,-2.8450646,-3.1255085,-5.7357225,-4.240155,-0.9651054,-3.494578,-2.3354192,-4.5311995,-4.0137076,-2.6006293,0.47744823,-1.0324103,0.40590852,1.1064214,1.6916735,-0.86469483,2.0767164,-0.06662071,1.6404855,0.026971593,1.2190967,1.1821948,-0.4150764,-0.46047592,0.9589611,-1.1931045,0.5180947,-0.32838276,0.2451968,disgust
-734.43134,54.311768,1.341139,12.54481,-8.250696,6.9333467,-10.011933,1.0732639,-13.27999,-4.0824466,-3.898822,-4.5131803,-5.266292,-4.499149,-5.2506814,0.11990486,-5.243117,-1.8178786,-6.851217,-4.277288,-3.5475066,-3.6147802,-4.9211836,-5.1913195,-4.916373,-2.3153605,-4.248094,-3.6177144,-4.1865444,-2.540848,-3.4695961,-0.3674482,-0.09387762,0.8326227,-0.28959697,1.8298465,1.2486147,1.8144506,1.5455325,2.212249,disgust
-826.80133,61.338158,-4.7844462,15.5404625,2.000658,7.7921515,-1.2634214,3.9589689,-11.875425,-9.168425,-4.6280513,-1.2449272,-0.78973144,-4.6652975,-4.6710596,-0.30224004,-0.8312277,-3.0700781,-5.211047,-4.4225674,-3.0336022,-3.2317414,-0.7645424,-3.2433054,-3.9127166,-2.0419142,-3.1111922,-2.3858616,-1.3236701,-0.30142677,-2.2359774,-1.4527586,0.30646905,-1.8193413,-1.6976844,-0.67301226,-0.26129436,-0.55851275,-1.1883065,-0.25701305,sad
-361.18896,27.845062,-24.417683,-5.8142385,-16.108303,-6.1196904,-15.578503,-6.361972,-9.919807,-11.709809,-0.93006223,3.3356032,2.407822,7.526676,7.8327174,3.7783167,4.6733093,-2.0221968,-7.9567485,-0.15127814,2.883605,1.0658343,-0.7431521,0.5225592,2.0395217,5.397116,2.9480128,-0.76690376,-2.6136339,-1.7617394,-1.2415508,-1.0472509,0.0179277,-0.37780577,-0.4355485,1.8642324,1.8827753,0.5185032,-0.3222411,0.794542,fearful
-355.2038,37.438984,-22.085077,-6.2234907,-16.082157,-5.2786603,-18.333103,-3.2804697,-7.4402833,-8.63948,-4.178927,-5.434779,-3.5017743,-3.33311,-6.340202,-0.67182314,0.122012235,-0.49325746,-0.37451082,2.094973,2.5906234,3.4593496,-0.0852568,-0.64030313,-0.22331168,1.4359219,-0.41055232,1.8599125,-0.34952182,-0.119188875,-1.7202144,-0.88868517,0.7148909,0.01856821,-1.1861714,-0.5388232,0.4774383,1.6114138,0.25428116,0.8467949,angry
-747.6314,52.891716,-4.1807866,11.69194,-3.4282026,3.4137092,-6.4345307,0.2275819,-7.80784,-7.427311,-3.1882942,-6.8817163,-4.050827,-1.1446897,-6.2823696,-3.5964637,-2.41891,-4.192234,-3.6461732,-4.6185217,-3.6242054,-3.7407057,-2.8528197,-3.9831808,-3.4115086,-2.4801717,-3.3916156,-2.7232232,-2.7437286,-1.5489167,-1.5461231,-1.1836061,-0.6678462,-2.2016177,-3.2686534,-1.6231419,-1.3964962,-0.52183515,0.8351572,0.9532575,angry
-746.5089,43.637203,-10.270214,6.827247,-3.9282422,0.6471489,-11.98194,-4.5196204,-9.142078,-9.131349,-0.2039074,-5.3544173,-7.915498,-1.0528523,-3.9989502,-4.9300494,-2.2960727,-2.0516436,-4.329538,-4.765815,-1.2407752,-3.3004115,-3.5394192,-1.8490914,-2.770671,1.1693908,-0.81788284,1.4210628,2.3842459,1.7871525,3.777836,2.5374417,4.7232933,3.9125059,1.8912199,1.6230391,0.2239267,-0.57514304,-0.08637154,-0.18280844,fearful
-730.7835,56.75626,-12.5367365,10.968934,-1.9580789,1.9669604,-13.763713,0.01771969,-9.321493,-7.345358,-3.0561292,-3.2825348,-5.018789,-2.4768596,-6.537232,-2.4173095,-2.5120723,-3.7985365,-6.6156483,-3.56058,-3.1550949,-4.182445,-1.6936474,-2.495205,-2.2763963,2.3374217,-2.2387967,-0.1320374,-1.1094522,-0.50190586,-0.84845626,1.0766739,3.8080153,2.9220083,2.4251926,2.912832,1.3145435,1.1623342,-0.26866415,0.65197533,neutral
-818.6541,54.588047,-8.855901,12.798459,0.597035,4.5523486,-11.999045,-0.980717,-10.778257,-6.4238167,-2.0219967,-5.9669466,-1.4940666,-5.4974413,-6.1094246,-0.5606343,-4.981681,-3.5724225,-4.891447,-3.5819178,-4.183823,-3.297097,-2.6484673,-5.0651655,-3.8977473,-1.2108673,-4.687255,-2.8122244,-2.7850475,-1.9953938,-3.0054967,-2.7221792,-1.3964335,-1.8822558,-1.5255542,0.996394,-0.6274636,0.7293867,1.5319542,2.1147552,calm
-840.587,59.326096,-3.0309832,16.46602,-1.0631168,7.79771,-9.016523,0.17668487,-9.699053,-7.062033,-0.13092424,-2.69937,-1.3831224,-4.66111,-4.0465264,-1.5477041,-2.4520957,-3.6315947,-4.1403847,-2.4179957,-2.19327,-3.1618104,-0.62206596,-5.867737,-3.9075413,-0.11631773,-4.561956,-1.9716368,-1.5119032,-0.84758574,-2.070929,-2.1565878,-0.5728521,-3.1748052,-2.145562,-1.0348582,-2.0962484,1.172713,1.760512,2.4397879,calm
-701.2096,51.621227,-17.159756,5.7558756,-8.5191555,3.1141002,-13.370895,-2.3960044,-11.172315,-12.694246,-3.6686478,-6.6275377,-6.6731644,-0.40183082,-5.060832,-5.097593,0.98652524,-3.904646,-6.8088164,-2.118534,-1.1429217,-0.124565504,1.1699269,2.9305148,1.0975088,4.4320273,-0.47372493,0.80233115,-1.0423434,-0.42794743,-0.017369509,-1.0516145,0.15970251,0.48925233,-1.9590683,-0.21546182,-1.3061603,-1.7955647,-0.97413874,0.3297252,happy
-520.1623,63.045876,-38.493347,-2.7349517,-10.855653,-5.4346466,-22.02048,-5.6394944,-12.053558,-17.709774,-4.857716,-6.309401,-12.519988,-2.7497692,-2.1746473,-0.34848776,4.3222523,2.395485,-2.3144054,4.4772897,2.8422918,1.449136,1.816842,0.24640587,-0.00012241023,0.8422876,-2.6265483,2.2676888,1.1588868,-1.1351701,-1.95891,-0.3669545,0.3635128,-0.7096124,-2.2080913,0.9906159,0.7851277,-0.5525103,0.49661195,0.37323523,happy
-814.472,52.883774,-3.764805,16.831594,-3.9487944,7.8574486,-9.551528,0.5858817,-8.976347,-6.7989573,-0.8824806,-5.614718,-1.2469739,-4.5381722,-6.3812532,-0.36008427,-2.0219665,-4.572782,-5.587233,-3.8249898,-1.7791449,-2.5960517,-3.1545863,-4.5755725,-3.1129622,-0.41856083,-4.65705,-2.9830585,-2.311588,-1.8220315,-3.3092883,-1.8600458,0.6728254,-0.69252497,1.4097294,2.3094165,0.7014214,1.7372966,2.0392325,2.190914,calm
-745.69836,53.83832,-3.7709806,11.012442,-2.2976382,3.439384,-10.863487,0.86690754,-9.964824,-5.620054,-2.457335,-3.1111033,-3.7628179,-2.8806422,-6.604651,-1.1160156,-2.5878446,-3.6803074,-5.9411664,-2.8417318,-3.02108,-3.5317965,-2.3517277,-3.5859292,-2.5058513,0.024720702,-4.06615,-0.43441904,-1.1354676,1.9685211,0.37519866,1.5739379,2.0131054,2.6093209,1.5883551,1.7580241,1.4032153,1.9724941,1.6792238,1.8575975,neutral
-848.269,58.99201,-5.404661,14.093776,5.1442456,6.211785,-7.538814,0.5617615,-6.7800083,-7.4047666,-1.0537472,-4.682241,-1.9251354,-5.296308,-5.5054674,-0.9763555,-1.9121957,-5.22079,-5.490424,-3.5495496,-4.0330997,-3.3051417,-2.5856414,-5.482708,-4.3894978,-1.0587338,-5.883653,-3.2337205,-2.819869,-2.579737,-3.7632482,-2.960191,-0.7750403,-3.0306368,-1.4004568,0.78695136,-0.8037712,1.0192177,2.4917986,1.9559598,calm
-595.36053,53.898674,-14.6572895,4.079139,-2.300215,-0.9895492,-14.506567,-2.5397744,-9.126775,-13.126265,-4.5705447,-5.004628,-8.157405,-3.6145306,-3.674377,-7.739552,-2.8415759,-2.3639255,-7.8026857,-2.742164,-2.776332,-3.114884,-2.3913243,-2.6703787,-0.18383917,1.768868,-1.4229397,0.23400806,-0.72073346,0.54462564,1.4834119,0.7582886,2.051574,0.98115605,-0.3123081,0.5501421,0.651274,1.0919158,0.35920614,1.3465765,happy
-497.91278,43.58906,-26.594019,-3.301037,-8.187172,-7.3591514,-17.114447,-7.581009,-14.437506,-11.308444,-4.5763674,-3.004922,-3.1286068,-1.0928457,-2.6287258,-1.2870754,1.242249,-2.294097,-3.8248339,1.3541671,1.8886114,2.2849169,3.370948,0.82113165,-0.08975839,3.1577845,-0.7746739,0.3479567,0.32804954,1.0082735,1.0309999,-1.2623802,0.829871,0.36768422,-0.81353927,2.070623,0.3781043,-0.011324709,0.17224911,0.18162736,happy
-612.81696,58.136963,-15.066643,4.787646,-4.8134723,0.7532782,-13.830414,-1.4770788,-10.00758,-8.163968,-5.3514395,-5.470542,-5.403174,-4.0669527,-6.3754373,-3.1054275,-4.0298,-3.826232,-6.7833753,-3.3507135,-0.9402528,0.4527494,2.289052,0.12379906,2.093261,3.8927326,0.035653368,2.9976618,0.9743814,1.2802973,0.101989105,-1.8217773,-0.9164622,0.26256946,-1.0268972,0.9431194,-1.0365956,-0.45247528,-1.1020112,-1.0773913,surprised
-615.78674,53.243088,-18.665054,4.90229,-5.0748167,2.7177367,-12.459074,0.46543497,-15.718543,-9.009681,-2.625159,-3.3661423,-7.5670457,-4.8137827,-5.6088367,-3.5976117,-4.45862,-5.884667,-8.036819,-6.078789,-6.0030613,-5.1938705,-4.3023367,-5.435377,-1.9046857,1.5872678,-0.10573604,3.0600162,3.0348017,3.8181667,0.6789273,-0.091098376,1.223914,0.3797568,1.667785,3.1269531,1.1384714,0.21425135,0.08578009,-0.24264643,surprised
-567.80334,54.74064,-14.658242,6.7561154,-18.906065,0.67786855,-14.126146,0.031227386,-12.362721,-11.296851,-8.187755,-4.09067,-4.5274925,-6.9896116,-9.219051,-3.3635798,-6.5256186,-5.6091256,-7.8930974,-4.546507,-1.6794454,0.4795016,-0.98452526,1.4119235,2.8752058,4.518119,-0.22280803,1.7553405,-1.6383061,-1.0456764,-2.5973961,1.8849943,0.81841856,-2.0342548,-0.4560521,-0.19076298,-2.444371,0.338966,-1.0304679,-0.3855695,disgust
-735.0926,51.483166,-4.4507637,8.333259,-4.127596,2.7216945,-11.042992,-6.9362416,-10.730995,-13.841309,-6.706721,-3.0326307,-7.7717595,-4.2692165,-0.8086659,-4.4523387,-4.839724,-0.4969716,-4.9398756,-6.355743,-0.3291372,-2.2844138,-2.5056772,-1.1298348,-0.9683761,1.7985989,0.5055474,0.120746,2.4032643,2.8529332,2.0482478,2.8244083,1.607975,0.3359388,-1.1251472,-0.8888363,0.3816503,1.4928972,0.13238327,0.1557991,sad
-781.4376,65.72155,-14.2793665,14.6308565,-1.9612501,4.6912613,-9.679202,2.9728348,-16.032162,-9.741715,-2.4161258,-5.3143563,-4.3356957,-5.7471433,-4.183995,-1.4496572,-5.1576157,-3.3344867,-2.4590173,-3.0705762,-2.2569034,-3.0626054,-2.4201515,-3.8108969,-2.504077,-0.6991839,-2.4752147,-3.1825833,-2.179373,-1.0321382,-2.7796466,-1.3967093,-0.569766,-2.7714355,-2.707231,-2.3653214,-0.79928726,-0.40619636,-0.0707395,2.682472,sad
-714.358,72.247696,-3.8086672,7.487391,-5.362573,6.9265475,-13.889935,-0.5115544,-11.692696,-0.797561,-0.95715356,-1.9280673,-3.4378145,-2.521635,-3.160095,0.22686915,-1.2968994,-1.2182624,-4.3695307,-4.2899466,-3.06419,-2.7911477,-3.4529665,-3.8283017,-2.9845333,0.15176888,-1.6244735,-0.31447077,-1.354194,0.6028492,-0.020040138,1.7724617,0.5676812,1.3260612,0.10764272,1.7382339,-0.6474604,0.3175864,-0.75691503,0.37285537,disgust
-387.36707,43.635365,-27.829414,-2.9361365,-16.62569,-8.808377,-21.672407,-3.7753162,-9.805802,-10.551474,-3.3780143,-3.3883293,-3.524979,0.23013453,-4.16471,-4.1336236,-2.2189217,0.6306531,-0.9833569,3.0185752,4.1623254,3.8153179,3.214838,2.4541059,2.5758297,1.8565195,-3.382593,-1.4723378,-1.1835377,-1.6970646,-2.5136673,-1.9968961,0.24018784,1.2658765,0.02414203,0.9108607,1.0903854,1.0488884,0.39630303,1.05885,angry
-383.44806,51.788807,-32.859566,-7.3265095,-12.185316,-5.74948,-17.667572,-3.0894113,-11.728675,-10.756276,-0.07433676,-1.5322248,-6.4866853,0.66472924,-1.6305994,3.2997189,7.601122,1.722191,-2.340132,5.3539505,3.913568,0.9366412,5.2977233,2.733972,0.967431,6.2408957,0.13518205,2.1761343,2.256295,-0.8030693,-2.8492188,-0.52325296,2.2408133,-0.7699725,-2.3933103,1.1485547,0.07720236,0.11809919,1.7139668,2.1525295,fearful
-769.32874,38.486492,-6.8537564,12.7571945,-2.127409,5.5453568,-7.995834,-2.2975135,-14.598733,-4.8992305,0.079553366,-3.115549,-5.3318086,-3.3666577,-4.381294,-1.6574377,-1.0376154,-2.6050384,-4.220443,-4.228129,-1.7371694,-2.9605315,-2.809469,-3.216177,-3.5341625,-0.31936237,-3.909861,-1.3074211,-2.0080998,-0.7029008,0.92486227,1.7169267,3.9750223,3.5270474,1.4948701,2.526073,1.3936322,0.3814755,1.9750413,1.9494044,fearful
-549.0992,57.285984,-25.18723,2.1913855,-11.901295,-1.1083059,-17.173405,-5.254576,-11.706978,-12.933358,-4.9188724,-6.243893,-4.441655,-3.3053222,-9.241167,-5.628198,-3.9837582,-7.86265,-10.539516,-6.330327,-7.803906,-6.126517,-5.952766,-3.4789257,-1.7591201,2.7987566,-0.6267015,1.7019371,-0.27437678,0.6906463,0.12040834,-0.7481627,0.04058667,-0.7200117,-0.3888424,2.0211146,1.1282977,1.3630123,0.20600429,1.4616356,angry
-557.93243,52.81717,-30.490772,-5.7391253,-8.47847,-8.446119,-19.983122,-5.639327,-11.734632,-14.09382,-6.109115,-3.0728097,-9.939729,-4.6332774,-3.441477,-7.5214243,-3.305968,-0.17948705,-3.6608212,0.9561343,3.3320665,0.54318535,1.7419672,-0.43727717,1.1793133,4.190127,-0.07325204,1.2793188,1.3402337,1.0912209,2.0418732,1.0420592,1.6287856,0.99450046,-0.17465472,-0.033911176,0.85094965,1.6746738,0.583662,1.3530927,happy
-665.86804,60.922413,-7.8168902,15.1571665,0.42914137,3.9855695,-8.724277,-0.5065357,-10.584974,-9.008353,-4.0078254,-6.305463,-7.4837937,-2.868878,-5.2344136,-4.3800488,-1.2398537,-5.6561885,-9.389675,-3.3385725,-2.0672002,-4.975688,-6.7479916,-4.1194215,-3.6537366,-3.1846235,-4.831131,-4.14568,-5.209016,-3.5752518,-2.788252,-3.2717173,-0.22369824,2.5189552,1.6796598,4.5623207,3.194148,0.1404447,-0.852048,-0.027938,happy
-873.2423,47.49095,-4.1082325,15.002878,-1.6197702,4.2254453,-7.8070617,0.67397225,-8.472163,-7.2482185,-3.17898,-4.196705,-2.7426777,-6.4843407,-5.9908457,-2.1245687,-1.88618,-5.92872,-5.3621087,-3.2587428,-2.8807275,-3.7712445,-2.8609364,-4.369602,-2.656458,-0.35471275,-2.1618688,-1.1047065,-1.1947942,-0.50421786,-2.1807988,-2.8460417,0.3674814,-1.9536573,-1.8242438,-0.15755093,-0.85987866,-0.17419353,0.07848235,1.9207971,calm
-823.37415,52.18623,-10.142682,10.648246,-2.6114569,3.2808154,-9.381936,-2.1161735,-9.196388,-7.7184644,-2.7434697,-5.867174,-2.1640801,-7.2822967,-6.8431764,-1.5083563,-2.9265053,-4.289729,-6.317436,-3.9598887,-4.3039007,-3.2483613,-4.0823145,-5.3379145,-3.607408,-1.6027218,-3.8649516,-2.1734283,-1.1567112,-0.47743684,-1.2632856,-0.7484171,0.70496637,-2.1818306,-0.9229123,0.48531345,-1.7162656,0.61283904,1.1199917,1.60103,calm
-753.01434,54.917286,-8.304626,10.233337,-1.6515218,2.1753936,-11.139573,0.3638126,-10.149351,-5.9359107,-2.9854677,-3.9582968,-2.3144467,-2.947329,-7.477903,-0.98795867,-3.9930058,-3.3374298,-5.8408036,-4.3790307,-2.6380298,-3.9869957,-2.812557,-3.5779169,-3.9178734,-1.3565136,-3.6938162,-1.1495597,-0.8912915,1.8549709,-0.1932622,0.37013546,1.0372885,-0.793281,-0.13455676,-0.044206455,0.64584625,1.9755803,1.39,1.8585953,neutral
-693.9787,59.103443,-14.176633,2.7872267,-5.7837863,-1.4151787,-13.230183,0.056114398,-14.062324,-9.03488,-5.75593,-5.7742777,-6.4678664,-4.385791,-5.9749975,-3.9758842,-3.342599,-2.5077212,-5.428846,-3.845631,-3.6644323,-5.239145,-2.531794,-3.4731934,-2.5420017,1.0067742,-2.183248,-0.9648731,-0.99406916,-0.07746596,-0.23639807,-0.42963004,-0.02515542,-0.08412411,-0.43689448,1.0287682,-0.24660723,-0.0018614217,-0.42253128,0.48818293,surprised
-703.6359,57.355385,-14.369708,5.223923,-2.721664,-0.3590179,-10.713078,-0.749667,-14.1529665,-8.226538,-1.0936744,-5.3185587,-5.42227,-2.1488233,-4.354788,1.2435851,0.09047914,-0.059965216,-2.1214063,-3.8591547,-1.578865,-4.0886273,-1.7316296,-3.308721,-3.3164456,-1.0334712,-2.9002626,-2.1159863,-2.3923619,-0.37474075,-0.38123867,-1.4904162,0.8661697,-0.66617805,-1.4434259,-0.13529928,-1.3912264,-1.3839531,-0.13473494,0.6804477,surprised
-743.6188,42.45057,-8.277298,7.0143433,-1.8678927,-1.0172275,-9.626599,-4.5544467,-7.8926725,-7.5341406,-1.5218205,-4.238689,-6.18262,-2.1522305,-3.5473218,-4.33671,-2.182235,-1.8147376,-3.8714132,-3.90185,-1.3700944,-3.066619,-3.392909,-2.8147578,-2.2175713,-0.06420956,-2.455977,-0.96661836,-0.29098025,0.63226473,2.195672,1.3695225,4.6433973,3.2604916,1.5588796,3.1102316,1.0438901,0.3790968,1.2010125,0.07867174,fearful
-595.6473,46.199554,-13.741197,4.288748,-10.609288,-1.1654966,-10.099291,-1.5633371,-7.375106,-10.405723,-5.1999736,-6.2802763,-5.79413,-2.175497,-7.2268023,-5.0063214,-4.477563,-5.6411924,-6.219874,-3.2680461,-2.3186796,-0.35459843,2.622577,2.7555943,3.72474,4.3813343,-1.1176171,1.5077671,-0.1491647,2.1009827,1.5243667,-0.34270057,-0.0054768184,-1.7759233,-1.1009371,0.55800915,-0.54468024,-0.73401386,-2.2337375,-1.2970462,angry
-491.55704,37.130943,-14.195751,7.8988304,-2.4059348,-3.2617118,-9.313029,-0.8786369,-12.417548,-8.419578,-5.78886,-6.6919146,-6.1757092,-2.6691217,-7.621373,-4.547739,-3.0801077,-3.292688,-4.616986,-1.7335961,-1.1382345,0.43908194,0.6010412,0.82608473,-0.9712477,1.8057808,-1.1235402,-0.08308307,-0.99051255,0.6213181,-0.21445079,0.23432909,0.2897727,-0.2120023,-1.6364347,0.64989734,-0.76237166,0.39918205,-1.379269,-0.41620442,angry
-388.61932,37.003063,-29.311163,-15.114929,-19.728373,-5.785509,-21.606178,-5.9291053,-10.992545,-6.9784684,-1.8928288,0.82467526,-0.6913714,2.4586,-6.5333166,-1.1686003,1.2684195,2.918299,0.6453753,3.5379827,1.1644229,-2.0911102,1.3192762,0.24858257,-1.6391741,1.6023741,-3.7792673,-4.3491535,-3.1717062,-1.924533,-2.1787152,-0.13502327,-0.25163564,0.28730658,-0.5067716,2.5083747,2.5486505,-0.2869621,-1.9012333,0.53667766,fearful
-829.12885,51.820835,-2.2729766,12.78214,-0.6308414,5.8214145,-4.216399,4.6770687,-11.263784,-6.3274517,-2.1743224,-1.5786219,-2.8676944,-2.1849968,-4.1841636,0.43056253,-1.1707805,-2.7041245,-5.178165,-4.353817,-2.3405206,-2.732454,-3.8791203,-4.102007,-2.7742865,-0.75542,-2.94165,-2.0807202,-2.3925776,-1.312373,-3.1999676,-1.4547766,-0.36645696,-2.5628204,-1.1901898,-1.9745985,-0.67919683,-0.30151162,-0.31436953,1.0846324,sad
-708.07794,50.66046,-0.22071703,13.301193,-8.69236,8.44087,-12.917727,-1.4035361,-15.367789,-3.5271742,-5.3918576,-3.5640283,-6.868892,-3.6944754,-5.7722044,-1.5380151,-4.241505,-4.4990544,-8.59709,-5.992728,-5.6320386,-4.7322803,-5.3889365,-6.2498116,-6.1713734,-2.5972686,-4.934044,-1.8033632,-2.4372795,-1.5980966,-3.550574,-1.7617662,-1.6727766,-0.15691341,0.2176506,3.09309,2.3735693,3.9001417,1.6038103,2.5091898,disgust
-629.61597,41.29935,-9.099054,5.5263367,-6.7881913,1.2442671,-12.171976,-2.007286,-8.043741,-6.573359,-4.7449555,-5.3067603,-4.4283605,-2.8316753,-4.386389,-3.3606935,-3.758984,-3.7462862,-6.234783,-4.013072,-4.117825,-3.0363288,-1.1104165,-1.7902625,-0.8686815,2.2078311,-1.1845511,0.7539293,-0.13225731,2.3430798,2.0945952,4.141245,5.2560844,2.5239143,2.116958,0.78758323,-0.76061803,0.82027674,-0.2237001,-0.93188506,disgust
-699.6219,61.925816,-9.843608,5.0883446,2.7215335,2.1269944,-13.9404545,-7.5626764,-9.591365,-14.608024,-5.8146057,-4.1997395,-6.8381457,-4.266346,-0.7967705,-5.010287,-5.530366,-1.1665425,-4.66506,-5.4385104,-3.7584753,-4.2215548,-1.6875421,-5.4673543,-5.3262095,-1.2342324,-2.257539,-0.6115918,1.1693481,3.8732069,1.9719309,1.9449209,2.7557535,-0.86913925,0.47351617,1.7296584,1.8545139,3.415691,2.4403384,1.5987433,sad
-532.54065,63.206,-31.056423,5.5103703,-8.487681,3.215446,-16.63758,1.5776985,-16.210207,-15.472168,-9.140266,-2.5905967,-11.0159025,-7.272976,-6.269831,-3.8663228,-3.7355793,-4.9709144,-8.02395,-3.3821504,0.038229335,0.87465054,1.6794183,0.86249375,2.5082674,4.9720325,-2.0658598,1.173558,1.4275603,1.1135441,1.3356355,0.7692841,0.8662512,1.2207506,-0.54123205,2.876007,-0.201712,1.0513763,0.96177757,0.0373642,surprised
-675.50146,51.637356,-15.045032,2.7866335,-1.3527608,0.63984007,-11.095135,-0.88430655,-13.246498,-8.967824,-3.6656904,-4.3055215,-6.3247323,-3.1983578,-3.967545,-3.3214767,-2.8692274,-3.2481718,-6.8102827,-5.2813826,-5.5797668,-5.158325,-3.4252572,-4.284201,-2.5916965,0.07106139,-2.2832057,1.1408077,0.40219155,1.2084527,1.0805318,-1.026089,0.9181684,0.8435054,0.25463024,2.8596103,1.1551483,1.3323623,-0.6981828,-1.8497804,surprised
-662.8063,53.951828,-18.076538,8.747986,-4.0078645,-0.00025086335,-12.404879,-2.1351666,-13.3328085,-9.214782,-4.595155,-3.8976238,-3.9941707,-1.8501846,-5.3349504,-3.8890154,-4.347598,-3.012145,-5.2255287,-2.8709946,-2.4448657,-3.03088,-3.841429,-4.4836664,-3.055238,-0.33021432,-2.6446333,-2.3620188,-3.6432235,-1.9506181,-2.5271888,-2.7237988,-1.8640841,-2.1893375,-2.2245347,0.38859254,1.6903331,2.960782,1.5116456,3.6677728,angry
-792.9522,57.668556,-7.576886,16.819056,-0.9910068,4.578677,-10.015674,-3.9076157,-15.84813,-9.174617,-1.3685639,-3.646493,-7.255128,-2.3480196,-4.0601254,-2.6272893,-2.9205673,-2.810259,-5.787051,-6.184617,-3.0621305,-2.8642666,-3.9361753,-4.566206,-3.2799413,-0.892409,-4.6284604,-1.2572001,-0.4162704,-1.710028,-0.3645372,-0.8216506,2.0548792,2.2289667,1.7975512,4.5811853,6.537044,3.8054554,5.776061,4.8509603,fearful
-355.47827,57.434917,-43.756554,-4.80476,-21.321007,-9.761465,-18.201544,-4.9649653,-12.490133,-17.506252,-0.478477,1.1858494,-7.8136225,2.4404447,1.8686632,4.151791,10.744312,3.2631643,-2.8151293,2.7010384,2.738105,-0.05885743,1.9330631,5.411724,2.8227425,6.1704392,-0.02305572,1.3157778,2.9602966,1.1662289,-1.3030101,-0.51416796,1.2372334,-0.3775416,-0.74147713,0.97963697,-0.10374283,-2.9812436,-0.8812587,1.5271417,fearful
-461.56403,58.03665,-21.08333,15.289799,-3.210731,-1.9831622,-14.861036,1.4998217,-11.479173,-9.705467,-3.591154,-5.9589515,-6.3687644,-0.8888073,-5.75556,-2.2064226,-2.0200732,-2.0433815,-4.236777,-2.375527,-1.814903,-2.774986,-3.1319363,-3.4805133,-2.8151,-0.022355031,-1.5390729,0.85066944,-0.81061214,0.17376882,-1.4863088,-0.43557236,0.7447364,0.6119889,-0.24679746,1.5742826,1.646497,1.5363269,-0.22295049,-0.049021248,angry
-675.885,56.92987,-7.732255,7.505897,-7.3021317,3.2451286,-13.362057,0.42228422,-10.99242,-6.973064,-4.919104,-3.1382449,-3.7033994,-6.1592226,-3.8578126,-1.9105662,-5.087421,-2.9731617,-7.5713873,-5.238028,-4.50434,-2.1990705,-4.5360527,-2.804644,-1.2065217,0.09807076,-2.3829894,-1.3248281,-2.1056008,0.69094807,-1.434964,-0.05823847,-0.09864574,-0.9059845,-1.2571261,1.8828617,0.6371305,1.821618,0.22279543,0.8744697,disgust
-863.6392,56.917854,-3.45632,11.713878,2.8443792,4.2767944,-2.3578596,0.68334794,-9.397497,-4.692305,-4.538089,-3.31589,-2.4600444,-4.2667413,-3.30671,1.5425471,-2.6876533,-3.971713,-3.6525774,-4.7930837,-1.8941847,-2.472157,-1.1531655,-4.194138,-2.840178,-0.19704258,-1.7134076,-2.064073,-1.9547932,-1.1040033,-1.6407024,-1.4522341,-0.7357519,-1.3729011,-1.1888229,-0.3533004,-0.7102384,-0.23770317,0.24262272,-0.2080111,sad
-550.45953,49.983337,-27.499138,-2.427307,-9.932305,-4.041608,-23.56049,-11.636764,-11.473484,-18.40225,-16.424019,-3.4789884,-4.671769,-7.5414753,-0.10949822,-1.8930764,-2.8519971,3.8623405,3.507485,-0.9885553,4.6536274,7.7798524,2.7580109,0.22039427,-0.7053484,-0.3792257,-1.6050388,-1.3481884,-0.19034468,1.5495014,-2.5222564,-2.1540604,-0.2607931,-1.3093829,-0.8401586,0.049447495,-0.57810324,0.5519884,-0.5980168,0.087059535,sad
-577.5546,31.037724,-8.8449335,3.3683994,-16.129536,-0.5480312,-13.224456,-6.7411494,-11.372066,-9.587445,-6.9921446,-2.9903595,-5.8867044,-8.258912,-6.915332,-2.126513,-4.340411,-4.2160425,-4.040335,-2.0474706,-0.4844237,-0.95613885,-0.06235653,0.053006496,-0.09814096,3.0712974,-1.2719382,3.3492243,-1.562124,-0.47504088,-0.7710999,-0.84800076,0.91356546,-0.99037105,0.36824223,0.48806065,-1.0889215,0.31010902,-0.8742981,0.1540072,disgust
-451.69757,33.00361,-31.087862,-9.281821,-17.636606,-8.280524,-19.20019,-9.287549,-11.01007,-13.475285,-2.4997861,0.55802685,2.0150466,9.045076,6.9874935,4.784595,3.8943229,-3.223425,-8.208612,-1.053789,-0.57714885,-5.0463514,-2.0918453,-1.587022,1.2953557,7.795817,1.4415046,0.6988411,0.06504173,0.34296298,-0.08085347,-2.2469332,-0.4076259,-0.35093457,-0.64982265,2.3127666,1.5836595,0.09886891,0.1897704,-0.80758923,happy
-658.98737,57.7808,-15.421014,7.043191,-5.502955,-0.09134244,-15.610534,-1.1280609,-10.829281,-11.008883,-2.9166458,-7.6213884,-6.8685484,0.21420087,-8.369769,-4.4496083,0.301706,-5.725206,-6.6003,-3.1938732,-4.882589,-4.622246,-3.356373,-1.9607154,-0.5764002,3.035428,0.085111775,3.0300286,1.8513757,2.2523196,0.16050869,-1.1462054,0.30629078,0.33222944,0.27277914,3.1367335,-0.09222947,1.0340196,-0.4943197,-0.110766776,happy
-848.1974,58.638943,-3.791766,11.980078,1.5994995,4.44071,-8.278629,-1.8525989,-8.652186,-5.8538036,-2.2817152,-5.455067,-3.6883821,-2.7518816,-4.5604906,-0.5718935,-2.0313158,-4.301977,-2.479643,-2.6789546,-3.8940282,-1.7351905,-0.71297485,-4.9896727,-2.3916786,0.6026827,-2.5088344,-1.1288276,-0.37131032,-0.14028876,-2.224677,-2.5116084,-0.40005073,-2.426468,-0.9831096,0.19090587,-1.3650446,-0.10915768,0.27978382,1.0286194,calm
-732.2666,51.451668,-8.581237,11.2424965,-3.364698,3.6419759,-13.261434,0.2852951,-11.349353,-6.3505616,-2.433368,-3.6046143,-4.57421,-1.9942278,-7.3568044,-1.0432003,-2.928883,-4.9122853,-5.8638844,-3.238318,-2.8359764,-4.4095244,-1.7967912,-4.120726,-2.9756672,0.13876233,-3.6437833,0.055097096,-0.00705912,2.7382817,1.5538617,1.830519,1.7402663,1.4686702,0.049315486,0.99675196,0.15564977,0.3347253,0.1783427,1.1759986,neutral
-840.60065,49.438396,-1.6757653,15.480057,-3.0665631,7.4091735,-6.14605,0.9112463,-8.646751,-6.3229628,-4.095772,-3.9829187,-3.1423151,-4.563386,-4.616274,-1.6865532,-1.4221298,-5.280698,-6.258869,-3.308703,-2.38424,-2.8067057,-2.7353897,-4.0565987,-3.085107,-0.76167196,-4.3145165,-1.9094898,-1.5656012,-0.064976215,-0.16382353,-0.12128056,1.6431903,-0.269568,-0.2508098,0.27614996,-1.384058,-0.35086924,0.40400755,0.5960433,calm
-542.39984,65.47364,-7.828966,10.903416,2.711054,9.964898,-9.779137,-2.8865726,-2.6315563,-6.89631,-10.993249,-0.47516656,-1.8913952,-8.832088,-5.405748,0.42935166,-4.135037,-1.947044,-1.8459707,-4.0176105,-3.6850238,-2.5011868,0.18694164,-2.9164217,-2.9104633,-0.5557627,-3.028944,-1.9332865,-3.468868,-1.5037566,-0.44181263,-2.5143108,0.023891058,1.0300313,-0.34937847,1.9778265,1.6045122,0.98589355,1.2466989,0.88478166,surprised
-568.61505,63.27793,-5.0980253,8.281205,2.2490072,9.543932,-9.137433,-0.122074336,-3.6771357,-7.5608163,-7.3357353,-1.5842928,-3.149374,-8.36299,-5.6903634,-1.9134811,-3.221376,-1.5579631,-1.6221434,-4.1737905,-3.818478,-2.653487,-1.2807996,-2.7317832,-3.810365,-1.2429796,-1.6376773,-0.1554527,-4.179468,-1.8549939,-0.7049263,-3.335256,-1.0168041,-0.28323266,-1.6091535,0.14383903,0.64271617,-0.1468195,-0.7759494,-1.0024515,surprised
-605.31244,78.914925,-3.1258786,9.58342,7.9324656,12.383397,-9.771394,3.0098987,-2.5242326,-6.6304345,-6.937341,0.20522352,0.9813059,-4.9033585,-6.009732,0.68378204,-0.931307,-1.4944088,-0.031209655,-2.9197953,-2.112498,-0.17567839,-1.0273179,-1.3451798,-3.5255673,-1.5929013,-2.4935846,-2.7680082,-3.507692,-0.5459378,-1.2976874,-1.7586766,-1.2945459,-1.4711759,0.19489188,-0.23160648,-1.133336,-1.1370175,-1.6617545,-0.711043,fearful
-475.29608,72.55443,-15.413278,7.009411,7.358938,10.749163,-12.728761,-2.4639666,0.022742439,-9.997449,-12.449621,0.14193419,0.6065211,-5.4973636,-6.9463596,0.678531,-2.349306,-3.720282,-0.80541545,-4.0347915,-3.495939,-1.4923933,-2.1377916,-2.9049604,-2.9371696,-2.6659617,-3.196095,-1.3290594,-4.5471706,-2.3378947,-0.79425204,-2.7792962,-2.8219695,-2.2176049,-1.3937689,-1.9266002,-1.4543079,-1.6808684,-3.879035,-3.0761588,angry
-417.44418,60.577873,-15.396584,4.364392,3.277806,8.420803,-12.211696,-3.7630904,-1.5761137,-11.238401,-11.355139,-1.6215037,-0.8220971,-6.824991,-7.6838703,-0.830603,-2.575739,-3.189837,-1.817677,-5.116871,-3.2378507,-0.23690706,-2.8261073,-3.7732606,-4.066016,-2.280839,-3.9007552,-3.0124366,-5.994677,-4.570082,-2.1194453,-4.655003,-4.146043,-2.4570858,-3.7318618,-3.371677,-2.6404667,-1.8310666,-1.0902135,0.6379168,angry
-522.7564,67.2421,-4.0782895,8.533293,5.061265,13.714884,-8.086922,-0.22607543,-1.7379421,-5.606011,-7.7135077,-1.9233314,-1.5879927,-7.505632,-5.2706466,-0.5122408,-2.0186968,-1.9764451,-0.65311843,-3.23036,-5.1719184,-2.2973268,-1.7528876,-3.0934296,-3.0633729,-3.535626,-3.2160978,-1.3976908,-4.362984,-1.9929036,-2.1597974,-3.2094047,-3.3438709,-2.4365718,-1.7440596,-1.2886583,-1.4700456,-2.609513,-2.2041788,-1.7731906,fearful
-676.2164,82.72106,2.6418917,17.79517,9.1214285,15.174008,-6.4830995,8.8279505,-1.7162236,-5.9401774,-5.108236,-0.61902255,-0.4120533,-2.2366064,-4.4387197,1.3964047,-1.7088535,-1.0784366,1.1919998,-4.3274484,-1.5079277,0.5810792,0.4526011,0.7322599,-4.1274524,0.49832493,-1.0583878,-1.9734296,-2.4837122,-0.6733644,-1.5009818,-1.2004926,-2.0306334,-1.0626929,0.055026826,-0.025142603,-0.6840859,-1.0753951,0.16371162,-0.6102265,sad
-581.41376,75.40856,-4.5681663,11.042054,7.1807795,15.603318,-10.107022,-0.49719772,-1.0120689,-6.282689,-6.031547,1.3854178,-0.8650314,-3.7871737,-6.645439,-0.80242527,-1.7573962,-2.0983846,-0.07525028,-3.2390888,-0.9016947,-0.55905086,-2.4451187,-1.1067988,-2.025545,-0.97996354,-1.8329164,-2.539116,-2.7346754,-1.4741656,-3.3689544,-1.2862841,-0.54213774,-1.0678756,-0.48824108,-0.43337962,-1.4459203,-0.14330368,-1.4199979,-2.2824676,disgust
-626.3644,85.229454,-3.5819333,9.515907,7.661771,19.551546,-8.907881,4.1937976,1.7114812,-6.687214,-3.334902,4.8171024,2.7156453,2.3770304,-4.3288665,3.18625,1.555095,0.56299883,2.1289272,-3.190036,-0.90484506,0.3286661,-0.6991451,0.1398381,-2.5151997,-0.24341811,-1.344433,-2.1872692,-3.431684,-0.27682823,-1.7135866,-1.3612022,-1.1727653,-0.6110265,0.7739623,-0.37414718,-1.1577806,-0.11863952,-1.2104937,-0.52575314,disgust
-551.14886,79.70029,-9.187001,4.9539847,7.1074038,14.205878,-7.628701,-11.831109,-5.358673,-7.5578094,-16.627752,-6.047764,4.6934843,-7.8058043,-10.478749,-0.27425382,-2.6429477,-5.145096,-2.6541274,-1.9197942,-4.650137,-2.1037424,0.820509,-3.7180128,-2.4554732,-0.32012323,-4.7632475,-1.6030393,-1.7726184,-4.0795,-2.087445,-2.5521898,-2.4281685,-1.4186196,-2.3406463,-1.9086441,-0.31905672,-0.19515748,-3.7458594,-2.3133163,sad
-527.3722,72.43521,-12.256225,3.503888,6.7742047,10.808753,-10.59567,-3.3689525,0.6085558,-7.303868,-10.62133,-0.44360897,-0.3204376,-6.917004,-4.8763356,0.93822813,-3.8288176,-3.9518957,-3.0822926,-4.1250453,-4.1988273,-4.3759933,-1.402187,-3.311943,-4.9410706,-2.2966743,-2.7044213,-3.1819568,-5.715303,-2.896685,-1.8965428,-4.109018,-2.5721436,-0.65125334,-0.098919556,0.4099003,0.14892817,0.51329356,0.114304535,-0.49156263,happy
-606.38983,82.72842,-0.968339,8.95646,6.7520957,12.67962,-6.4221373,0.8286161,-5.338769,-6.827598,-4.832495,-0.481079,-0.0463473,-4.3726177,-2.975577,1.0305247,-1.1090063,-1.0280641,-2.5421896,-4.357436,-2.4293678,-1.9545691,-1.5354804,-3.653814,-4.792796,-2.0183902,-1.8027632,-1.7477729,-5.2928543,-1.4277267,-1.2481312,-1.6339576,-1.605977,-1.62751,-1.3058932,-0.3233086,-0.96994424,-2.0936182,-2.3027499,-1.2981539,happy
-621.4217,85.623146,7.1625423,14.328388,10.574206,19.92952,-9.537478,6.5271907,-2.9023979,-7.529663,-3.391246,0.4284322,2.778315,-2.1442716,-1.1914101,3.0571346,2.8640854,0.23273082,0.07394559,-2.1981242,0.39764625,0.61146307,0.52390593,-0.8674963,-4.2916007,-0.07561343,-0.347002,-1.3932983,-4.9689646,-1.2326453,-1.8499784,-2.0902073,-1.1859909,-1.7034215,0.31616378,0.3593706,0.86038405,-0.587097,-2.7432647,-0.7712507,calm
-664.46844,86.81846,14.738372,16.534563,8.812849,16.622524,-4.91224,6.0436254,-1.5783949,-4.0492215,-2.1370885,0.09170226,3.0136397,0.5266933,-1.3199064,2.5076728,2.5863242,0.28022423,-0.12010781,-2.882294,0.34996963,-0.50510144,0.26211393,-0.7548133,-3.161643,-0.38676718,-0.2074432,-1.7739277,-4.0648885,-0.5569976,-1.127275,-1.1665043,-0.93053967,-1.322512,-0.0038845697,-0.17190455,0.495951,-0.71907246,-1.8423408,-1.2232075,calm
-636.8203,82.71262,14.480188,15.6943035,10.175739,12.973734,-5.75006,6.175653,0.86277235,-5.6335373,-3.6741252,-0.05774523,2.37004,-1.5384127,-1.242419,2.093215,2.2218645,0.47174072,0.044688,-0.58301973,-0.11637731,0.4365047,1.2378145,-0.053637467,-1.771826,-0.30229333,-0.51107067,-1.1225697,-2.7332366,-1.4175011,-0.84482497,-1.449385,-1.6368003,-1.1699477,-0.40718558,0.5264904,0.44492832,-0.5453033,-0.8997937,-1.065791,neutral
-532.1059,75.85605,-3.0543666,4.4442496,6.8761973,10.652037,-10.580307,-2.0720296,-4.2409306,-6.6110835,-8.944993,0.6324284,-0.5230573,-7.242952,-2.7027354,0.06761556,-3.277533,-2.4323595,-1.7063282,-4.796931,-3.6502922,-1.6477745,-1.2891567,-2.7338276,-4.300158,-1.9789082,-2.0099058,-1.6476971,-5.6046257,-2.9500492,-1.3083162,-3.153118,-2.249266,-2.0432138,-1.7881896,-0.6308881,-1.5117056,-1.6078148,-2.4991891,-2.6622086,happy
-613.1665,79.949554,3.2805834,9.276792,8.438169,12.0814495,-8.131537,1.7429991,-1.8364904,-5.8814616,-5.6228433,0.57778364,-0.529412,-4.3242345,-2.766026,1.0772171,-1.3992146,-2.181696,-2.7489023,-3.0035868,-1.4018327,-0.8077234,-0.39090058,-1.7298183,-3.009589,-0.85598916,-1.6829902,-2.2929761,-3.8365417,-1.3585039,-1.1561836,-2.2996478,-0.8491002,-1.4331027,-0.826651,-0.22792993,-1.2502121,-1.520811,-1.4533752,-0.8687389,happy
-628.7844,91.57647,2.6896033,14.668294,11.216597,14.878981,-6.612028,4.697083,-4.2119646,-7.2890644,-3.0641985,0.031470317,3.0983493,-1.7948157,-2.8087769,2.2155576,1.5329067,-0.6015548,-0.95166445,-2.2460494,-0.64980954,-0.30347702,0.9744333,-0.36196977,-2.6863284,-1.0676657,-0.40385574,-2.1973825,-4.74929,-0.75963336,-2.089957,-2.766036,-1.0010123,-1.6684473,0.26563632,0.6108469,0.14318994,-1.122763,-1.612623,-1.1551874,calm
-639.174,82.66588,8.42459,13.437811,7.239353,13.008188,-5.7305975,5.0960937,-0.6625724,-6.499319,-5.6319113,-0.70615166,1.1822313,-0.93070287,-3.3107839,-0.3190968,0.52206784,0.26738027,-0.39739192,-1.0793909,0.8157486,-0.24467376,0.17887467,-0.76388186,-3.2287865,-0.6198538,-0.7988788,-1.396479,-4.190745,-1.6560806,-0.8702152,-0.69893223,-1.8537633,-1.6075187,-0.23525956,0.099912316,-0.057988048,-0.54983026,-1.6608253,-1.092324,neutral
-665.7127,94.798676,13.1056185,21.403505,11.991526,20.901585,-2.2884166,5.2772202,-1.9985656,-3.7327478,0.031228589,1.5975348,2.7973578,-0.0092661595,-1.5457575,4.33661,2.8002527,1.4135156,0.65876025,-1.5387484,0.13228028,0.1343331,1.319609,0.1276994,-3.3900793,-0.7206556,-0.21677622,-1.7063533,-4.2000585,-0.6142876,-1.8493698,-0.40678266,0.15450862,-1.1919881,0.27986178,0.7168854,0.059518386,-0.299069,-1.2419838,-0.6583748,calm
-540.8637,61.330112,-9.318194,14.311654,0.7002956,10.04251,-8.720129,-2.2538874,-3.264636,-8.769154,-9.339117,-0.43305606,-2.1427844,-9.090676,-4.5249853,-1.1163971,-5.1536417,-1.2057722,-0.8777501,-4.275357,-4.1006927,-2.9401276,-0.3239623,-3.269515,-4.3529086,-0.47415447,-3.1831157,-1.9909843,-3.0521572,-2.2200146,-0.22651227,-2.1266425,1.0039285,1.6743599,-0.27968764,1.8739424,0.35080242,-1.190982,-0.7336154,-0.124556944,surprised
-586.9518,68.51535,-1.2139237,10.34092,1.9309397,11.037204,-9.026823,0.7015292,-0.6052467,-6.1753783,-7.508596,-1.8672781,-2.3772418,-6.0929675,-5.0298448,-1.0569563,-4.4872026,-2.789615,-1.0078276,-3.8691616,-2.617301,-1.950344,-1.1400926,-2.551186,-4.134845,-2.3099992,-3.0760894,-2.1511674,-3.422421,-1.9189808,-1.2497172,-3.06876,-0.7554605,-0.3428627,-0.86653036,0.60924554,-0.28967753,-0.3669062,-0.5614909,0.22439055,surprised
-480.47702,69.99519,-13.003665,9.114495,7.001051,11.727306,-12.601887,-1.1096704,-0.10519673,-9.869279,-12.565726,0.04513789,0.41307208,-7.20628,-8.26354,0.9263707,-3.0731122,-4.057565,-1.0570682,-5.01964,-3.3298101,-0.9827099,-1.9346142,-2.082774,-3.42011,-2.4421222,-3.040866,-0.7899084,-4.6454887,-3.274254,-1.244876,-2.972844,-3.0935988,-2.5140252,-2.371987,-2.1189206,-1.4859706,-1.7335067,-3.6497169,-3.0977077,angry
-605.5425,71.94467,-1.6720749,12.170442,5.3728485,16.08185,-7.040884,5.336703,-2.3711987,-6.0204124,-4.488046,0.68638223,1.2253026,-6.3268275,-2.897879,0.9123823,-0.5697853,0.8707712,0.6489172,-2.5757596,-3.5017745,-1.9141672,-1.021479,-0.82682127,-3.4781263,-2.3321164,-2.2365415,-1.3931965,-4.1224256,-1.0793293,-0.6261753,-1.6058038,-1.6903559,-1.323703,-0.604388,-0.04656873,-0.41620365,-1.303789,-2.2903764,-1.3253671,fearful
-526.4833,71.98238,-14.949861,7.913615,4.961266,12.558085,-10.181505,-2.670351,-2.3048894,-7.1402335,-8.538377,-0.3031613,2.0456247,-6.3853626,-4.8806753,1.299157,0.06826422,-0.61398995,0.5241319,-3.5410385,-4.3061085,-1.4712782,-1.3585591,-4.072745,-2.8975768,-1.7828808,-3.9183967,-1.377696,-3.2332535,-1.8459307,-1.5054283,-2.80709,-1.2032733,-2.051774,-1.4829935,-0.29771283,-0.4992309,-1.4904461,-2.766995,-2.3896866,fearful
-402.70172,68.49836,-22.379478,0.0013340542,3.6759188,10.752214,-12.802112,-4.8211474,-4.8473196,-7.5523496,-12.410705,-0.4044044,0.76482415,-7.7057815,-6.537502,-0.29831013,-4.27723,-4.160235,-4.4250727,-5.292446,-3.408859,-4.404011,-3.6937726,-4.688803,-6.5677643,-3.4416173,-3.6450863,-2.7413423,-4.975631,-2.1127121,0.75165,-2.5429997,-1.0186855,1.9030887,0.026560029,1.2943468,1.5776951,3.6476882,1.5212646,1.0824381,angry
-586.1288,78.39212,-5.2287736,9.652576,9.001623,15.120263,-11.21821,2.946384,1.136435,-5.6569924,-6.452955,0.95913106,0.9403778,0.1031133,-6.2233977,0.63389194,-0.07975953,-2.4465566,0.0037137177,-3.8461127,-2.199695,-0.45017174,-1.840026,-0.7063335,-2.3525107,0.240304,-1.6698664,-3.030878,-2.7312746,-0.7446364,-1.9625992,-2.1060023,-1.5364563,-0.91109025,-0.4649214,-0.7394068,-1.509439,-0.32172263,-1.7827368,-0.69237256,disgust
-690.59326,83.641594,5.5532336,18.508171,8.995994,15.054207,-7.89164,8.149053,-0.87060946,-6.8486395,-4.507333,-2.4302564,-0.15790899,-3.0220864,-4.766432,1.1029254,-1.9101286,-1.2424722,0.820646,-4.547208,-1.2086891,-0.7003033,-1.2038807,0.4189257,-3.3157544,-0.0100389235,-0.93206596,-1.8796352,-3.6449823,-1.1222183,-0.46879554,-2.082839,-2.1235187,-1.6316347,-0.5760239,-0.031540502,-1.1438824,-1.2959431,-0.97620356,-0.67942774,sad
-576.34045,81.46463,-4.9205823,7.7554936,10.993713,15.704956,-9.740493,-5.324623,-0.982889,-11.599356,-12.219512,-2.4162712,0.86837965,-7.2388396,-6.9955688,-0.50906634,-4.072109,-2.7693193,-1.3694812,-3.771183,-2.6346993,-0.63342315,-0.76229966,-1.5182588,-2.6668599,-2.3822432,-1.6902522,-0.40000516,-3.2610137,-2.4084415,-1.6029366,-2.183054,-1.7116822,-0.91212034,-0.60168463,-0.31354436,-0.13558175,-1.1018813,-1.5454412,-0.051086158,sad
-618.6751,85.83496,-1.0958582,18.13473,8.961025,20.293146,-6.4913483,5.1617336,2.261781,-4.3415275,-4.1624103,4.0185466,4.613577,2.037133,-1.6856931,3.6140137,3.2217278,1.6365005,1.253576,-2.018941,-0.6026058,1.0746126,-1.2257415,0.62620306,-2.3194685,-0.21927732,-0.93135214,-2.607494,-3.3599443,-0.06334856,-1.8310943,-1.5426627,-0.20196022,-0.4800043,0.5574049,0.2700439,-1.388379,0.1142392,-0.7703777,-0.30487984,disgust
-625.9124,77.416275,10.293318,11.364496,7.873705,13.188769,-8.483958,4.9011307,0.79378426,-4.9484944,-4.851121,-0.73330605,1.7137854,-2.5787857,-2.1764126,1.0559531,1.3731395,-0.47031987,-1.042688,-1.8313065,-0.5516856,-0.36919004,0.222893,0.0569511,-2.0168185,-0.3724244,-0.89859605,-1.8813789,-3.7140198,-1.4139891,-1.2078124,-1.943626,-2.1377187,-1.5324382,-0.22533782,-1.1648433,-0.2687031,-0.6754602,-1.1678648,-1.1121573,neutral
-641.7172,90.89462,10.229212,13.374674,8.747333,15.625737,-7.469733,2.661899,-0.3337903,-6.5001807,-2.6911924,-0.25181666,1.5852487,-0.887979,-2.5590844,3.158728,2.4574978,-0.9947888,-0.33731893,-2.634834,0.7142698,-0.050783675,0.39993653,-0.7331926,-2.969265,-0.65515214,-1.2659624,-1.8690671,-3.5810611,-0.60481733,-0.95876664,-1.719061,-0.95968497,-1.4680176,0.20230976,-0.004333009,0.19640519,-0.5971764,-2.2319865,-1.3323978,calm
-641.4544,94.33523,2.2067266,15.261353,8.908536,19.352638,-7.359502,5.7029085,-6.643128,-6.1280556,-2.6215687,-0.33734635,0.7181023,-1.960405,-1.6827811,2.4440267,2.2093198,0.820311,0.12023492,-2.455222,0.49711904,-0.65898997,0.87940216,-1.217773,-4.3162045,0.6929241,-0.15185353,-0.9642958,-5.1803274,0.16835533,-2.4019723,-2.3240938,-0.37718582,-2.8529737,0.15013303,0.9928091,0.696758,-0.33182436,-3.3734646,-0.5967914,calm
-575.9889,82.357635,-3.4429286,7.4506106,11.775027,12.833205,-9.18045,0.9027708,-4.400044,-7.9579706,-6.9856586,0.72369295,-1.5437622,-5.1620927,-3.2631626,1.8963195,-0.34958437,-1.6147093,-1.908732,-4.4313374,-2.0886865,-1.1798002,0.2911483,-3.0501695,-4.050186,-2.089089,-1.2845008,-1.1134516,-5.2707057,-0.4579477,-1.057672,-2.0585318,-1.0119119,-1.7200454,-0.23974377,0.49336177,-0.9241566,-1.2386624,-1.5200523,-0.9410837,happy
-506.64594,74.190414,-10.375494,2.9197776,8.257594,8.889101,-12.12696,-2.5246036,-1.5995092,-6.974895,-10.457637,-1.3787519,-0.28853452,-8.159738,-4.676932,0.8604467,-4.313129,-3.2992337,-2.2017853,-3.9364004,-3.220018,-3.9070468,-1.9499764,-3.5333726,-5.574506,-2.5112777,-2.1019955,-2.7090476,-5.6320624,-3.000436,-1.85706,-4.030419,-3.0835683,-1.8835181,-0.59878343,0.014727381,-0.7358154,-0.1931715,-0.5788572,0.03270976,happy
-546.7428,65.57077,0.50800055,11.213584,1.8764714,9.438198,-8.134423,-1.1343533,-0.57714826,-7.847348,-5.938314,-1.0369558,-3.5773313,-6.8420963,-5.576553,-2.636496,-3.7747974,-2.790957,-1.495472,-3.3556192,-2.1140125,-1.884127,-1.9690586,-3.4497602,-4.347518,-1.2764137,-1.7692707,-1.1963167,-4.7835264,-3.0995479,-1.0416908,-3.151083,-1.4761242,-1.1657662,-1.5673869,-0.13356164,-2.1783834,-2.1575372,-2.0061278,-1.3639419,surprised
-541.0384,71.56266,-10.367346,9.80173,3.2799678,8.6581135,-12.0461445,-3.6914828,-3.3751686,-6.2731724,-11.734287,-2.4474754,-2.3528047,-8.83994,-5.635171,0.113800585,-5.479714,-2.0601964,-2.146629,-5.93487,-4.685672,-3.4539769,-1.9996785,-3.241532,-3.6643686,-0.3145017,-3.3238478,-1.248564,-2.407352,-0.77249664,1.1231196,-1.7110964,0.06527893,1.265459,-0.63287604,0.1999812,0.7276691,-0.43028283,-0.65657806,0.90585375,surprised
-550.9282,85.21536,-11.63859,4.963064,8.053914,15.186555,-8.188183,-11.930827,-4.3401375,-5.3054175,-17.051992,-7.4893193,3.9165497,-7.808358,-10.163508,-0.9415196,-1.2508231,-4.2793646,-2.6867466,-0.34477133,-5.2001204,-1.5110362,0.846743,-4.341662,-1.7679311,-1.2997491,-4.514345,-1.70203,-1.9244068,-3.3439848,-1.8475536,-2.1318667,-2.2638938,-1.6042993,-2.0168073,-1.5210931,-0.5325748,-0.32645452,-3.634691,-1.8493215,sad
-618.3725,81.28828,-4.165785,10.351996,8.017727,15.318882,-10.149558,5.2495594,4.023048,-7.0634613,-5.0671005,2.2300231,1.7020342,0.8769921,-3.8706493,2.785224,0.23635148,-0.3373896,1.4827412,-2.9142315,-1.4629394,-0.3376216,0.31296927,-0.08675342,-1.8399588,-0.30826685,-0.23738655,-2.3206353,-3.4617565,0.55193377,-1.2890291,-1.8505292,-1.7017188,-1.270957,0.9918405,-0.41784236,-0.27218017,-0.31544185,-1.6739124,-0.39864048,disgust
-581.71875,70.49751,-7.8880787,10.743504,8.414219,13.295676,-10.530475,-1.4813246,1.5756842,-7.0418434,-6.751242,0.922856,-0.2654345,-2.5411966,-5.311951,-0.5501552,-2.6951375,-2.6879096,-0.2628877,-3.7233965,-0.55462635,-0.6319562,-2.0668678,-1.4991729,-2.7393787,0.041204575,-0.58621836,-2.0088677,-2.931577,-0.99566543,-2.286849,-1.202225,-1.5240552,-1.4484348,-0.27404216,-0.29984733,-1.4619727,-1.3280288,-1.8842117,-2.0342789,disgust
-650.389,79.628,4.4590964,18.31098,8.652277,13.244896,-6.105599,8.866323,-2.790128,-7.1830506,-3.541791,0.5189863,0.79435784,-1.2551116,-3.259561,0.9571697,-0.788816,-0.8086942,-0.18203032,-6.046186,-1.6782194,0.22935516,1.45965,0.4516923,-4.5134225,-0.3334613,-0.97070384,-1.4665494,-3.9358773,-0.6024577,-2.3169596,-0.869159,-1.4328843,-0.13335453,1.7493254,-0.2834493,-1.0211837,-0.2375394,-0.18250361,-1.3939795,sad
-510.89227,73.67175,-7.9380054,7.7646666,5.8979163,12.57178,-8.398145,-0.97009116,-2.6847966,-8.092547,-9.162245,-2.6033397,-0.06153003,-7.176336,-5.774791,-0.25616878,-2.0531807,-1.7203397,-0.5473126,-3.5819626,-5.296715,-2.5155015,-1.1246184,-3.8713589,-3.381245,-2.878788,-3.758039,-1.7245535,-4.360274,-2.6212435,-2.394927,-2.9229522,-2.7386966,-2.3898506,-1.0123719,-1.2290015,-1.5842203,-2.896156,-2.7962878,-1.7528676,fearful
-394.30966,58.839634,-19.951685,3.4690046,3.1986198,8.317451,-14.012962,-5.4904985,-2.5688334,-9.329293,-11.5176325,-2.2782636,-0.8041398,-6.3481145,-6.144563,-0.33971697,-2.2348962,-3.4892726,-2.4419212,-5.991108,-3.8434973,-2.8397315,-3.8838842,-4.9628205,-6.5213466,-4.18698,-4.805252,-3.233576,-5.8615723,-4.9249053,-2.0668998,-3.7370467,-2.4790583,-0.046388943,0.33676612,2.3107007,2.3280554,2.9802585,0.6757001,-1.1454803,angry
-489.52805,73.92799,-12.970003,7.0212765,7.991067,12.624577,-12.2606735,-1.2282956,1.1619087,-9.3125925,-12.188603,0.014970912,0.41978103,-5.191939,-6.9929395,0.54498345,-2.3651555,-4.637256,-1.2401742,-3.6097455,-3.9981463,-1.5148549,-1.8472111,-2.710909,-2.2727203,-1.7618587,-2.6367981,-0.98834586,-4.473116,-3.1352367,-1.4930861,-2.6052716,-2.7173388,-2.2775729,-1.8504388,-2.31149,-1.7735648,-1.6536388,-2.8624241,-2.2611551,angry
-597.7213,81.57759,-2.2886782,11.337332,9.961904,12.678176,-7.9881015,3.193784,-1.5666225,-7.654693,-6.9705644,0.34368643,1.9583346,-5.644077,-6.077134,1.7583723,0.89814323,-1.0907856,0.18195872,-1.9186972,-1.4619199,-1.1166952,-0.6911704,-0.8231497,-2.0714476,-1.2882038,-1.7573062,-2.3791158,-3.8879907,-0.4328139,-0.8512133,-1.7369791,-1.2456259,-0.9632978,0.08972675,-0.10344271,0.016755698,-0.8179952,-1.2207794,-0.8416509,fearful
-568.5793,72.25591,-0.96032494,9.171285,2.5687785,11.502727,-10.653265,-1.4381504,-2.1713684,-7.579601,-8.189473,-1.4186004,-2.1525507,-7.448569,-4.451333,-0.7325777,-3.5061877,-2.8726418,-0.44884443,-4.0399547,-2.649881,-1.9144267,0.0423571,-1.5460169,-2.9161181,-1.3383886,-2.8180804,-2.3441,-3.6868062,-1.2466784,-0.982834,-3.9414375,-1.5682342,-0.91120183,-1.6843325,-0.18041357,-1.2898486,-1.2907001,-1.4243152,-1.0729473,surprised
-561.73816,63.771156,-8.193513,10.717543,1.5283039,11.123491,-9.027409,-1.6191399,-2.9386926,-9.928778,-9.759049,1.4796623,-0.939398,-8.157356,-5.5410705,-0.6391123,-3.2047787,-1.8915083,-1.9077699,-3.590592,-4.0286384,-2.9052634,0.37235543,-1.4521632,-4.070373,-1.26181,-2.1464496,-0.2519643,-3.4981878,-1.6798077,-1.1418543,-3.7775116,-0.8238618,0.7005719,-0.6067145,1.6503618,0.9254472,0.62610775,0.571387,-0.25380352,surprised
-608.3955,75.852615,-7.1619997,14.447198,7.309509,15.9723625,-9.387496,3.208526,1.500563,-4.4566545,-5.2321534,4.2329874,1.2483313,-0.19673009,-3.4404483,2.544967,0.09284973,0.046708867,0.9463238,-3.6686685,-2.1374745,0.4772757,-1.979945,-0.16195476,-3.5129259,0.65766186,-1.2340493,-2.7615726,-3.231784,-0.43106523,-2.3166897,-1.7302088,-0.796526,-0.39132884,-0.8728465,0.062841535,-1.4523705,-0.21585336,-1.1064066,-1.0233136,disgust
-595.16486,87.50039,-7.7632856,9.406065,8.883636,17.664549,-7.8377624,-6.2187643,-1.274316,-8.385517,-12.35546,-3.4568887,3.0609453,-7.127991,-7.0097184,0.77467537,-2.797746,-1.9717116,-0.91476786,-1.4941921,-2.6171212,-0.4073046,0.044899713,-2.416067,-1.3613945,-0.9402433,-2.6674302,0.06296394,-1.7511047,-2.3194442,-1.6362727,-0.78318757,-2.3606741,-2.23565,-0.077536255,-1.359235,0.40252632,0.10757499,-2.9228723,-0.13139658,sad
-686.30804,86.99661,6.2427564,19.721575,9.41089,13.729199,-7.170513,8.836268,-1.0135273,-5.9257936,-1.7483168,-2.3682115,-0.75962067,-2.294099,-3.0269625,0.9100023,-1.2494493,-0.6785016,0.9553738,-4.795139,-1.5194318,-0.9079177,-0.77427727,-0.2627459,-3.562549,-0.9021595,-2.0777297,-2.428951,-3.2844195,-1.0265675,-0.08887199,-0.4532597,-1.5498995,-1.1809078,0.15873201,-0.7279342,-0.95631737,-1.0864882,-1.1765921,-0.8734829,sad
-586.8313,77.8322,-3.1223397,11.767134,8.290456,12.686183,-9.67832,1.948636,1.4980059,-7.359687,-6.6029444,0.69040126,1.0976355,-2.348757,-6.7844095,-1.3084052,-2.4168305,-2.2104695,-0.7816877,-3.7011485,-2.2174578,-1.1350166,-1.6955287,-1.297127,-3.34921,-1.4314662,-1.1276572,-2.8484223,-3.2839503,-0.92893493,-1.6411849,-1.6743747,-1.6809999,-1.4238752,-0.112314604,-0.42401016,-1.5386956,-0.556575,-1.5896552,-1.475387,disgust
-382.97934,66.60858,-17.706032,1.7126262,4.908599,9.020983,-13.56261,-7.152241,0.25452963,-7.342922,-10.889815,-0.44945768,0.53663146,-5.994277,-6.956622,0.0026955209,-2.8945742,-4.1258802,-2.5946372,-4.719004,-1.944294,-2.3853111,-2.6155846,-4.35926,-5.112312,-3.3559866,-4.2474136,-1.9628427,-5.642818,-4.4019346,-2.476118,-4.9697914,-4.29866,-2.9944913,-1.6747812,0.44172335,1.7408226,4.7048483,3.3760686,1.4069219,angry
-528.0351,74.394394,-13.838411,8.654824,3.8275912,12.350808,-9.247616,-2.9921122,-2.8087819,-5.7093263,-9.668952,-2.2680817,2.0880804,-6.620092,-5.9682846,0.22064306,-1.1448255,-0.7857264,0.7558118,-3.7264836,-5.418187,-1.8849313,-0.9985129,-4.285134,-2.3952513,-2.4869118,-5.077986,-1.3211062,-4.064249,-3.4829774,-1.3667372,-3.4295359,-2.7017007,-2.5454793,-2.3738003,-1.1426675,-0.93249714,-2.5041583,-4.5731273,-2.4918203,fearful
-612.5071,68.84904,4.1818542,11.881519,6.2485657,10.826619,-4.718977,4.922271,-0.8427947,-6.970411,-4.4872227,-0.597252,-0.86637646,-4.5076714,-4.9261065,-0.21104914,-1.6872987,-0.48104507,-0.579754,-3.781099,-3.860666,-3.0349422,-1.370119,-2.0504496,-4.1087127,-2.4548662,-2.8450263,-2.218811,-3.3805544,-0.64701945,-1.2023803,-1.7274474,-1.5244004,-0.67770904,-0.19017792,-0.20617351,-0.85343015,-1.1567215,-1.4404715,-0.7637218,fearful
-444.77933,63.140446,-10.677057,8.255427,5.7452264,8.807361,-11.652422,-2.321948,0.33148465,-8.946356,-10.921577,-2.959239,-0.009134502,-6.7693954,-7.1333137,-0.15792695,-3.2084622,-2.9399312,-0.9235397,-5.0007124,-3.430202,-1.1437335,-1.552777,-2.9395068,-4.491342,-1.49354,-2.6137388,-1.9878634,-4.552767,-3.8566678,-2.3554397,-3.3782575,-3.7272947,-2.9872613,-2.1869133,-2.594655,-1.5077096,-1.4159268,-3.3957443,-2.821102,angry
-668.52527,85.19064,17.277266,21.915611,10.794418,19.859766,-2.7477598,9.821264,-0.0775962,-3.184524,0.052712236,0.91504353,3.194889,1.6050038,0.6876971,4.7009573,2.9524822,2.7656596,1.7927529,-0.8435798,1.6086819,0.75867,1.230752,-0.34652025,-2.7611566,0.3729836,-0.38581905,-0.4774063,-3.6366465,-0.16219366,-1.0113852,-0.7156225,-0.6593571,-1.3741435,0.58136404,0.14831342,0.3079007,0.23569272,-1.6721175,-0.7834016,calm
-648.77716,81.550735,8.514517,12.44976,7.8600297,14.682076,-3.1039953,4.0233374,-1.4574728,-6.314276,-4.53848,0.26184127,1.1791818,-1.5085863,-1.7476536,1.0056508,1.3191615,0.04721107,-0.7146592,-2.3931885,-0.8121483,-0.09553508,-0.27478045,-0.5207086,-3.056119,-1.236426,-1.1538087,-1.2095826,-4.0069456,-2.0821776,-1.3598506,-1.3648903,-1.0837795,-1.9000431,-0.60131913,0.32507473,-0.6120038,-1.4359906,-2.0809884,-1.7430922,neutral
-648.2008,88.65393,3.8540835,18.683939,10.469302,17.142677,-6.1051025,6.6426463,-3.6502287,-3.9732053,-1.057377,1.1016378,3.3908348,0.39376643,-1.5500431,3.6527317,3.2799494,-0.39128554,0.21209206,-1.3979404,0.6059128,0.3782921,2.1656055,1.1252294,-3.492583,-0.095058806,-0.85403895,-1.3053952,-3.3209832,0.19294313,-1.2818419,-1.9667604,0.14121307,-0.7322027,0.1668475,0.45066217,1.1315405,-0.70701194,-2.6495943,-0.96486175,calm
-600.9882,81.75661,0.18038675,7.995958,10.266257,15.838972,-8.378905,1.3350807,-0.2106937,-5.318373,-5.93031,1.095242,1.5488172,-4.286306,-2.5337284,2.2045822,0.0064881053,-1.1000749,-1.9988853,-2.624676,-2.0689037,-1.6512896,-0.80707735,-1.3240669,-3.6141887,-1.3645879,-0.98974335,-1.6516614,-3.6438494,-1.6917523,-1.2294929,-2.321893,-1.522047,-0.74695283,-0.6194289,-0.2826139,-0.6557784,-1.6315607,-1.5894638,-1.052043,happy
-490.31146,70.95855,-8.82344,3.4780145,6.7720923,7.298233,-11.671516,-3.1804829,-3.0030148,-7.145251,-11.019262,-1.6654475,-0.3327629,-8.177585,-4.1921344,0.34802365,-3.1775396,-3.836037,-2.9691908,-4.672774,-4.7308564,-3.3820412,-1.7929287,-3.9917889,-5.6317616,-3.0347729,-1.9899234,-3.157164,-6.188527,-2.8904943,-1.4970222,-2.8581698,-1.6760554,-1.6161578,-1.6259308,-0.37150958,-1.4007695,-2.0060766,-2.7390466,-1.8034822,happy
-748.77057,94.283585,13.172687,23.818283,7.978391,15.245954,1.0013419,9.203763,-4.628801,-3.8384082,-5.7266774,-0.49448153,4.5783668,-2.896672,1.5791527,4.6230454,1.4067087,-1.587849,3.1381524,2.9154215,-1.3447473,-1.9699372,3.285204,3.993549,-0.9991653,-2.0898583,-1.3779244,-0.3000402,-3.386977,0.7871438,0.6326811,-0.040315453,0.5300319,-0.15846583,1.6809168,-0.066188864,1.3051176,1.7507151,-1.8915124,-1.5660031,neutral
-788.3855,80.48802,18.790678,32.92984,10.20526,18.362104,10.092591,7.8558693,-0.21809587,1.3896163,1.4552126,0.44184855,5.335185,0.16972338,-0.13406673,1.9963021,-1.3602383,1.0505105,3.9457633,2.4757595,-0.82484907,-1.234287,2.8622632,1.325847,-1.4889266,-0.08223914,0.09434194,-2.8511808,-2.6697779,-0.5835382,-0.3291083,-0.36477786,-0.7933201,1.1947922,0.49709544,-0.34775203,0.64827114,-0.7316707,-1.2043577,-1.0220108,calm
-728.72345,80.68122,8.507964,30.49712,8.558078,20.295546,5.276358,7.3371863,-4.3905873,-2.5857985,-0.30582568,3.906068,5.113031,-1.4454036,-1.0656155,3.287535,-2.354445,-1.3777244,4.431332,1.8039113,-0.8954494,-2.5394382,3.1566133,2.8887522,-3.9180958,-2.1865156,0.27732334,-3.2859905,-3.1541092,-1.0407591,-1.3870302,0.9798714,-0.6763246,-0.6123059,-0.07606169,-1.0412674,-0.73652905,-2.1203115,-2.5888262,-0.5391803,calm
-683.28894,87.44535,2.6664038,21.167562,5.467172,10.055058,5.6529317,10.823007,-5.1258082,0.09361887,-3.6583083,0.30522028,7.69074,-3.5113025,-0.3859697,4.580502,-0.2640822,1.8434566,1.0850109,-0.21311478,-3.061452,1.2671336,4.0500455,-0.38828382,-3.5022588,-0.79150873,-0.21578199,0.29341227,-4.4271374,-1.055387,-0.7503531,-1.9943643,-0.83159024,-0.84766924,-0.90786725,0.37980062,-1.1401981,-1.2916901,-2.7774713,-0.9943769,happy
-543.3674,73.06883,-17.213863,8.874999,-6.897733,7.6514535,-2.8602934,0.42157683,-14.664878,-8.897484,-5.4762006,-3.5195973,3.010528,-2.7368152,-7.9204416,0.6177748,-1.3776156,-0.2574967,1.4351504,-2.9081063,-1.4006442,3.3343854,-0.8252597,-2.7042742,-4.9710207,-2.2256591,-1.1141622,0.0865605,4.643468,9.452138,12.655916,14.277499,10.516112,8.3243475,2.380995,2.1339622,4.3168554,1.8475473,3.3687727,4.222668,happy
-689.1852,82.49487,1.9106557,17.335287,6.6053143,15.966344,0.5234973,5.4782987,-8.557275,1.0963035,-3.0390766,-4.3712068,1.958783,0.3005213,-1.7614217,-0.78456503,0.59897834,1.1020603,-0.7809872,-0.6913722,1.9147736,0.68335104,-0.37364617,2.4308913,0.7592182,0.5521528,-1.6431569,-1.8569984,0.78577334,1.7394676,-3.6027565,0.8294924,0.7710787,0.9632803,0.42046294,-0.47851077,2.3304822,1.6740611,-0.025354978,-0.36061448,sad
-568.23346,56.58485,-2.3884976,18.491722,-1.2053919,5.9400096,-4.457189,2.4333441,-9.257548,-6.9428277,-5.827027,-8.26562,-1.9142796,0.47123545,-8.930968,-0.20302011,0.40029448,-2.8047452,0.6869668,0.4711715,-0.27794337,2.169122,2.7680497,3.149396,0.75257146,1.0098776,-1.5916598,-1.2813272,-1.3618867,0.61758816,-0.14719914,-0.18501593,-1.9281336,1.879517,3.324274,4.0009775,3.5004861,3.7158332,0.42432606,1.5066894,disgust
-635.88336,76.80676,3.821524,23.764061,-0.52497244,9.931178,-1.1734567,5.9782515,-11.91114,-3.2042148,-1.9957688,-0.31311727,3.3164823,-4.8293166,-0.78759515,4.6177526,-4.5896926,0.16147208,2.746037,-0.8749765,-0.9103333,-0.9651121,-0.20099927,2.4296262,0.65019614,-0.6265065,-2.347507,-0.13237673,-1.7993511,-0.43398193,-1.177772,0.7067513,-0.8332479,0.91611284,0.42173907,-0.04137514,1.5617589,2.5376656,0.9254054,3.1452706,disgust
-763.4525,92.49262,15.3817005,26.738228,10.011418,15.370918,6.223761,11.426339,-2.373375,-1.6800652,-1.1737303,0.1105214,7.285378,0.68442136,1.068999,6.4237285,1.0621701,-0.5529785,4.271568,0.91020346,-0.7806782,-2.1612234,-0.47870448,2.3114636,-1.7253773,-1.4589218,0.81265765,-0.61635935,-3.11787,-0.5830901,-0.52057576,-1.3501687,-0.86714506,0.6887655,1.0168555,-0.5684527,0.7723608,-0.7084666,-1.4418741,-0.2369238,sad
-450.98764,49.818035,-29.205908,7.111694,-8.579675,2.2917814,-8.934336,-0.24990511,-17.32422,-8.188103,-1.1245855,-2.2041395,2.0295362,-3.286601,-2.5335865,7.6633353,2.3307014,2.9825044,5.1340895,5.0386977,1.4371493,5.8187666,10.592347,12.372627,9.823951,6.19465,0.33400193,4.7281394,1.4964445,1.5079819,2.1775873,7.2517223,3.343719,2.6020095,2.3795655,3.5591948,3.8084095,3.1724424,0.31439584,2.6200643,fearful
-333.37796,50.872055,-29.549711,-5.585022,-9.335829,-4.8856945,-16.105867,-2.1162014,-9.7341795,0.6610605,-10.889682,-4.561246,4.5941076,-7.300296,-6.385011,1.547442,-7.555964,-5.099486,-6.6519237,-2.103981,-1.7457517,-3.0825262,5.636596,6.7407746,2.1475832,5.1513305,4.6044226,6.2954154,-0.48728836,-0.24918382,3.0421178,1.2723922,-2.5325766,3.068762,0.83777815,0.51920235,1.2816069,1.9208269,0.33863443,-1.1454722,angry
-558.0512,64.93948,-6.308864,11.722996,3.860693,7.621563,-5.836643,4.29615,-4.8432302,-1.6591263,-7.207257,-3.60341,4.7379727,-1.5393373,-4.1319838,2.413422,-1.4741083,-2.0794642,-0.1666833,0.11280383,-1.8957385,-0.9647554,0.517143,-0.105977334,-2.74367,-0.30628747,-1.2862959,-0.3343727,-0.7493041,1.7977751,2.2951505,1.608882,-0.09660572,2.559537,2.2976408,1.1246585,2.1852672,2.8313346,0.34742048,1.205767,angry
-676.4827,74.90651,-1.6572165,19.116383,2.4874814,16.948439,-0.2836506,2.330626,-9.0218935,-2.9490094,-0.015783524,-0.3843226,2.262405,-1.3346555,-1.7220836,2.996901,1.3611695,0.53655076,3.3885546,3.4745107,-0.25929987,-2.0289073,-0.15137202,1.294717,0.7560018,-1.8509369,-3.094016,-0.5034385,-0.28707096,-1.6503457,-0.3629522,2.0421708,0.70657617,1.1704144,0.8059146,-0.52724373,1.6005359,2.858549,0.23042098,2.4884183,fearful
-697.3357,94.45921,2.9619403,30.520607,6.5406036,10.638836,-2.7036405,8.679976,-4.807235,-5.089751,1.4945506,1.6448171,2.9423745,-3.4882305,-2.750845,4.492707,-3.450229,-4.265034,3.885724,-0.15656537,-6.0169587,-1.9330704,1.6634903,1.4492832,-2.165856,-1.8097048,-2.4805927,0.255031,-2.3063238,-1.96339,0.717035,0.9451959,-1.5950456,1.3791162,0.6027281,-0.8743505,-0.42078444,0.17427917,-0.48187608,1.2570988,surprised
-608.0709,78.621056,-0.21126503,18.836021,-0.6195722,10.042688,-3.7115862,3.3080144,-9.152447,-7.688473,-2.0705683,-6.6877217,-0.74494994,-3.61093,-4.6417885,3.288189,-0.8818385,-2.3860412,2.9992409,1.4794465,-4.78768,-1.8878968,2.4267888,-0.28675467,-1.5333848,1.048189,-2.7131462,-2.3652973,-2.3428683,-2.7456484,-1.7659495,0.5226161,-1.0358022,-0.36210355,2.2315795,-0.26654053,-0.62546045,1.0214708,-1.5810946,-0.25872162,surprised
-487.29718,58.428097,-5.079902,19.668097,0.72576344,11.126462,-9.248844,7.09296,-5.965405,-0.43378675,-6.419025,-2.9487631,3.7218237,-1.2108055,-5.864687,2.298208,-1.1956652,-4.832435,-0.9529099,3.224024,-2.7475286,-0.33491772,0.95776576,1.437848,-0.23001567,1.5838348,-1.4424008,2.4487665,1.9151484,4.380649,0.2884727,3.7785954,-0.28525755,2.6454878,1.9805106,2.5693698,3.515282,3.6715817,0.6452528,1.7490757,disgust
-654.1603,82.15464,5.6015015,14.446498,5.4206743,10.667193,3.8656604,-0.2922306,-9.561085,0.4523204,-2.944915,-9.67523,-2.9461083,-3.1151283,-0.8604258,-0.2832489,-0.18728676,0.19705686,0.33639416,-0.9864818,0.20452376,-0.18555745,-1.3168151,1.5070328,1.9721915,-0.80452883,-3.9107826,-1.5843184,0.5530458,-1.5305904,-2.8699846,0.89755744,0.4574159,1.0522516,0.26359123,-0.85049886,2.8923507,0.6785625,-0.31788343,-2.3469586,sad
-754.7105,81.55184,15.237498,26.49564,5.7561584,17.70044,4.635104,14.731714,-1.3478377,1.3447965,0.32082874,0.29758927,5.005987,-0.21518567,0.65022755,4.270312,0.1834148,2.8047454,5.1549425,-1.3578082,0.054549936,1.4931237,1.1451746,2.228972,-1.1566547,-3.1847737,0.12494709,0.34452692,-2.7808943,-0.47725797,0.6421877,-0.21423481,-0.8380107,0.66428727,0.029632498,0.30861926,1.5239713,0.2032903,-1.580338,-0.7060169,sad
-636.9187,85.8544,6.364119,13.548305,-1.4649136,7.2526097,-3.8401034,7.5926595,-14.677294,-4.091826,-2.0365944,-2.9786456,1.5803833,-2.2915947,-3.2302234,4.523159,-6.2041616,-3.5999444,2.4678297,-1.0303346,-1.7229024,-0.62374836,-1.1401452,0.59948903,-0.59560746,-1.0090092,-3.7230148,-0.008771636,-0.63418436,-1.5433455,-0.1463807,1.843019,-1.5393574,1.7325184,1.0758423,0.11432103,-0.12069065,-0.7915538,-1.0403243,1.0287449,disgust
-382.24332,59.969563,-32.373936,-4.047814,-6.247598,-6.855563,-16.80137,0.028876463,-7.47128,0.2829323,-12.097858,-3.3198583,4.961324,-3.9338393,-8.83589,2.9051938,-5.615485,-4.8528843,-5.5638156,-0.7385941,-1.9911013,-3.620059,5.133004,7.8077927,3.0324724,8.955705,6.6698394,8.081882,1.2885054,0.7218058,3.3153193,4.6418486,-0.8673538,5.046167,1.8927194,-0.049884804,1.1339331,3.3759737,1.3783423,1.552615,angry
-520.88184,70.51287,-28.24948,-1.3771325,-3.1646671,4.9607716,-9.626356,-4.5268354,-20.117947,-6.560513,-11.59042,-8.483106,5.4457192,-8.196373,-10.823044,5.5961304,5.8247747,-3.4145594,-0.026255757,3.8195703,-1.914841,-1.7641746,1.1939058,3.9128351,2.0858786,2.0940638,1.3760026,8.340876,8.3997965,7.919763,6.4028063,7.083964,1.4146742,2.3170183,3.2274039,0.32111698,1.9663926,3.676601,0.9274755,0.89588964,fearful
-645.8094,60.779633,-12.393126,22.643173,-2.549463,11.6773205,-1.3597277,5.6581903,-15.076332,-4.9391713,-1.4228355,-1.7072808,-0.7903848,-4.998938,-4.3919597,1.9311198,-1.4223526,-2.103695,0.6543381,-1.330574,-4.659381,-3.270814,0.9427894,-1.2024522,-3.915151,-2.8215268,-4.547866,-0.8054133,-1.0009705,-1.3889047,-0.09931916,4.504058,2.732198,1.3724202,1.1351217,1.891185,2.7397926,2.8978643,2.1600175,4.0207043,fearful
-565.1035,65.293884,4.3440423,19.718563,6.4343386,8.145812,-4.7628193,4.131821,-1.6032808,-1.7982492,-7.123181,-2.684825,4.4078865,-4.379622,-4.179159,1.47295,-0.86953187,-0.8503963,0.22761112,-1.9732032,-1.3921384,-0.19911811,0.7672325,0.01473826,-3.0850556,-1.1420699,-0.1501186,-0.66818815,-4.3087163,-2.0233243,-0.8996311,-1.250351,-2.4734573,0.16567037,0.6507894,-1.740931,-0.59686744,-0.080108345,-1.2841108,0.14783026,angry
-686.7554,94.88566,7.0290775,12.993561,0.7228399,7.540716,-0.90974104,4.6079087,-8.476825,-5.370916,-2.0541499,-6.5220566,2.9095173,-2.013956,-2.3278842,3.2537165,-2.1431403,-5.5408344,1.5197179,0.71443224,-4.1626673,-1.1765058,2.3347492,1.8058661,-0.28570896,-1.7546794,-3.2314086,-0.7332843,-1.0734279,-2.1160305,-0.8021264,-0.15758558,-1.9149586,0.32556358,1.6914696,-1.8079808,-0.045864426,0.64449,-1.0264614,-0.90432024,surprised
-696.1875,72.68891,6.99372,24.897886,2.9081511,9.816713,1.0068105,9.548923,-5.151385,-1.4996601,0.88418174,-2.9453692,4.41745,-2.974473,-2.0043502,3.064341,-0.08890665,0.3268052,0.7986645,-0.088988364,0.3415662,1.0938929,3.1838112,2.3058307,-1.232018,1.3294315,-0.78359693,-0.5108426,-2.3319123,-1.0449996,-1.4535877,0.013100093,-0.2619037,0.13259806,0.49383217,0.28863585,0.40503517,1.3370645,-0.12346151,0.8152807,surprised
-781.6213,76.05636,16.618614,36.563427,13.83231,19.150215,8.551208,9.479683,-1.3870047,1.3777211,1.7078894,3.310108,8.559483,1.8071634,0.74820995,3.0117114,0.21464193,1.9617952,3.2058644,1.6779368,0.9053975,-0.7946001,3.0039904,3.4360554,-1.5646833,-0.928054,0.56551236,-2.6595428,-2.651864,0.14053804,0.13101552,1.7389412,0.5295297,0.597482,0.4650481,-0.7260429,-1.126003,-0.4382956,0.1621713,0.5825791,calm
-746.71844,84.853096,10.113579,24.941141,10.38995,16.089588,3.329077,9.692618,-2.2739754,-1.9814483,-5.3411508,2.4257512,5.594714,-3.3701344,0.59977776,4.4073133,0.7129403,-2.2086363,4.084358,4.1555104,-0.7702976,-1.2260398,4.3891163,2.625987,-1.8139442,-1.5428126,0.12434924,-0.18980125,-3.1017985,0.064633645,0.41328967,-0.17780843,-0.30871868,0.0021743774,0.31436378,-1.1663933,0.5121633,1.2052782,-1.2101113,-1.1664828,neutral
-714.01105,89.1045,9.167523,33.6558,7.709776,22.469355,4.802043,8.521916,0.19564353,0.87369484,-0.36326522,0.93033797,2.7681074,-3.460902,-0.35439387,3.092407,-1.2826232,1.6402005,6.0470605,0.7128035,-0.84777915,-0.100656554,2.9540248,1.8036842,-2.6551015,1.2652326,0.8858122,-3.3613849,-2.3828197,0.005888987,0.60975975,-0.26352483,0.3154327,1.6178223,-0.2460989,-0.2267184,-0.6165948,-0.4844732,-1.431486,-0.09401749,calm
-689.5386,93.82917,7.4693737,20.691269,0.20707636,12.704982,2.2462342,3.6091392,-6.5673046,-3.1764245,-4.467596,-3.5457327,8.061084,-3.0684345,-3.0979075,0.36966398,-0.4981584,0.56806403,0.14004499,-0.5020484,-1.8626027,0.58993256,2.0643668,0.74266225,-1.6545478,-0.5584995,-0.36788246,-1.452777,-3.6561542,-0.87911236,0.84387296,-2.294002,-0.36425292,-0.5773895,-1.618754,-0.8627658,-0.99225116,-1.6254141,-2.7122238,-1.3212216,happy
-517.35767,64.50358,-9.270983,16.542917,-1.1332262,9.194867,-3.0456495,2.8716114,-11.887144,-5.868906,-5.465456,-2.5369513,4.2939196,-5.424141,-5.485672,1.9913992,-2.0368485,-2.363596,-1.1504112,-0.5516631,-3.9955416,-3.0203428,-1.2811795,-1.1675684,-4.9638247,-0.8915588,-0.41240534,1.1454479,0.4727871,3.5051777,4.044682,4.359832,1.7947538,4.0621147,2.7151313,2.1495094,5.480042,4.799787,2.8239918,4.0074296,happy
-641.9524,76.72192,-5.412595,19.414806,2.6594992,14.8597975,-7.047138,5.5253906,-10.666487,-2.3601887,-3.2466023,-3.5745661,4.0557704,-6.3264847,-4.3110604,2.8206992,-0.90009946,-2.8883457,0.31639552,-0.4687169,-2.7875614,-0.88232106,2.010148,-0.4004342,-2.650927,-2.7377496,-4.193854,-1.5818541,-2.6415505,-3.2116868,-2.2014713,-1.1576768,-2.0558097,0.06451258,-0.052511018,-2.2549057,0.5680498,1.7290144,-2.6759994,-0.6370479,fearful
-597.4674,76.551216,-2.509523,13.164075,8.3234005,10.686421,-0.49226415,2.1718168,-3.6867146,-1.5902311,-6.145914,-1.3049835,6.5132465,-1.5234956,-4.290057,4.0428114,1.0657756,-0.91270906,2.2537491,0.663072,-2.1938312,0.8228719,2.1876106,2.4633477,-0.55080396,0.62345105,-0.8371298,-0.512717,-0.92071813,0.100735195,0.4001101,-0.6623919,-0.68104815,0.48803765,0.47394675,-1.1315911,0.27773362,0.9143096,-1.652078,0.38912964,angry
-435.33838,50.196636,-23.627258,5.7190847,0.618715,0.62833714,-15.708985,-3.1469922,-6.8110414,-2.0740478,-11.135592,-4.13401,3.6573248,-4.5767384,-6.8316693,2.2472517,-4.6889725,-6.50512,-6.6954737,-2.038648,-5.958054,-6.314978,0.89955246,1.8112755,-1.6440818,0.6731141,0.30051905,2.6666176,-1.0619717,0.9739345,3.6986105,3.1995492,1.998523,5.0686116,4.35214,2.5290656,0.042698868,2.4177291,0.47498614,0.49603403,angry
-489.59122,38.795708,-21.63984,3.8336258,-11.088061,-1.7055843,-9.096063,0.43481308,-15.359306,-3.5623338,-2.4754612,-3.88671,-0.6696427,-4.8052807,-1.2839742,6.3950667,1.1432722,2.9228659,3.6155055,4.2997704,0.47794586,-0.4907418,7.0225496,9.640782,5.037731,6.773211,3.3079453,6.174847,2.1768825,1.966729,4.355772,6.234542,2.1709604,2.6973863,2.4161706,2.7442794,1.4740022,1.7620815,1.1293232,0.9181232,fearful
-742.4854,87.74168,10.9772415,18.536736,3.9201472,15.040648,7.4695563,10.131972,-6.236155,-5.5634456,0.34368026,2.9379535,8.723259,-2.1594846,-0.2562176,5.8100977,-0.66156065,0.93789333,4.9838095,2.0238101,0.6691769,-1.2102371,1.8880358,3.1764474,-2.5887787,-1.6653452,-0.8544788,-2.0094256,-2.0981352,-0.28538823,-0.6961534,0.21318728,0.66078466,0.41127044,1.2719766,0.6167547,0.31355786,0.6361075,-1.6697689,-1.6945604,sad
-636.2742,63.736717,-1.9936022,18.774506,-4.1659036,2.8574505,-4.377559,4.843394,-13.564891,-3.0619435,-3.52975,-4.571966,2.4632807,-4.3353343,-4.026909,1.654973,-4.8609724,-3.9201894,1.2660023,-2.0007534,-3.1231043,-0.22165808,1.1669902,0.45600057,-0.13761342,-1.0653698,-3.6982574,-0.5914894,-1.7687703,-2.4548297,-1.8805027,0.50804347,-1.7481043,0.59100217,2.0237074,1.0263995,1.6780745,0.82639277,-1.4231199,-0.20996207,disgust
-490.2048,50.333805,-18.54089,14.203277,-5.772608,0.56833285,-11.674704,2.123715,-13.284012,-3.700049,-6.101387,-7.4344006,-1.1951277,-2.318421,-5.919024,-0.9360866,-4.677827,-5.4142947,-1.8115338,-0.8877139,-4.0200453,-1.1732037,-1.3754952,-2.3421323,-1.8492118,1.0340174,-2.060321,2.1989288,2.7746487,3.398666,2.1342912,4.904009,2.1816251,2.511051,1.9207718,1.346337,0.43639266,2.9206433,0.09292109,1.0307944,disgust
-553.1747,58.913803,1.5594054,15.493359,5.82181,15.029499,-0.6668263,0.93664926,-8.599382,0.60173553,-2.0548868,-5.1108346,-0.26415855,-2.5716133,-2.8811555,-1.0458971,-0.68933284,0.23978935,-0.16100653,-0.54608893,0.55432236,1.4493062,0.5475037,2.7776077,1.8099235,1.9543135,1.1074674,1.4041678,1.0749753,2.4112318,0.707596,2.6248593,1.0277294,2.1556537,3.2316167,3.3725522,4.3788686,3.8899071,3.914854,2.2110639,sad
-599.5573,73.550186,-5.173158,16.511961,1.6631583,12.70854,-5.071184,2.7706099,-12.564417,-7.292513,-6.361124,-3.471531,2.4735994,-5.2590055,-4.5202646,4.1400404,-0.17389224,-1.3441614,1.7004443,-0.84410626,-5.9897304,-2.213625,0.36678094,-2.1221485,-4.067374,-0.057116207,-2.9743242,-1.3439829,-1.5547562,-2.2637212,-1.294314,-0.87556726,-0.7888044,0.23591505,0.555931,-0.44691178,-1.2762903,0.55031705,-0.3771048,0.30892462,surprised
-774.60785,76.40628,13.6992,24.771713,7.8715277,10.201298,1.1395166,9.480952,-0.32974774,-1.6415405,-2.0264702,0.48728433,5.340453,-1.2329351,0.74849343,4.7272177,0.2561901,-0.3921173,3.8287692,0.62844735,-0.2115907,-0.04564063,3.5008426,2.965808,-0.001320521,1.2942228,-0.15254657,0.6458218,-0.07152838,0.7649524,0.9208782,0.9919372,0.6751039,0.9347718,0.48063177,0.17282136,1.0069063,0.42157805,-0.39047474,0.01467881,surprised
-622.56067,77.29836,2.5113106,22.080553,-0.3855589,9.037428,-0.079089664,5.239521,-7.5224442,-2.0562725,-5.724963,-0.5403315,6.581602,-0.20659624,-4.25128,2.1866333,1.314012,2.2551808,1.6102228,-1.7419206,-1.8409749,-0.376675,-0.03259105,-0.07730275,-3.8805366,0.5408724,0.040922433,1.0548371,2.8878102,3.2191215,3.303012,2.6011448,0.041335974,3.2351468,1.4971108,1.870109,3.2263896,1.7491887,-0.41504845,1.7408159,happy
-721.0215,89.48578,12.203624,25.903587,6.27397,13.19099,9.462798,8.2741375,-4.892338,-0.38055658,-3.0976837,-1.2961879,5.652433,-2.664186,0.23363715,2.7030606,-0.8864691,-1.6155351,1.6520295,1.1484152,-2.435129,-0.9844203,1.5196369,0.041149277,-2.2402802,-0.21119381,-0.6655446,0.23278013,-1.9574144,0.22274919,-1.5909111,0.44210598,1.7907078,1.1862444,2.9902062,3.4250584,2.6924186,2.6049576,0.8087889,0.8800183,happy
-733.6199,89.57907,12.5666685,35.432575,9.959444,21.510374,6.1459765,5.596901,-2.4240944,-2.8382726,-4.972593,-1.8723235,1.9791803,-4.7511034,-0.007759661,2.9843006,-0.6101297,1.5651735,5.2642307,3.4241793,-5.355095,-4.762265,4.1516633,1.0051701,-5.001596,-0.6588171,0.40705192,-2.66987,-2.5072582,0.033923764,-1.2983749,-0.8000029,0.17789285,-0.25905272,1.0070153,-0.4499527,-1.5960605,-0.6948286,-0.8245739,-0.0026774642,calm
-774.56104,87.54636,19.20773,33.024025,11.656987,20.653204,7.657378,7.0383334,0.20865797,-0.5546277,-0.7447874,1.2421247,5.809557,0.40556392,0.5790133,2.334892,0.543622,0.26786172,2.4924915,1.2485543,-1.4872198,-0.27529973,2.1031742,0.31907853,-0.49684027,-1.070031,0.07374573,-1.3755794,-4.1008477,0.8339336,-0.84673524,-0.28421313,0.9437006,-0.41133952,-0.20834315,-1.4277055,-0.80536807,-0.38712472,-2.2479386,-0.31400713,calm
-752.79407,92.82699,13.840122,21.288548,7.730475,12.856149,1.9424825,8.698071,-0.63630056,-2.3548272,-3.3139076,-0.1151211,4.0278907,-2.2711964,0.52967757,6.426784,1.8141564,-3.656328,4.125713,3.3018208,-1.5918629,-1.2388344,3.0729425,2.2117727,-2.2482326,-2.505954,-0.4734107,-0.15842047,-2.783076,0.7414347,0.50610465,0.43039617,0.28309336,0.7696835,1.7851976,-0.053022265,1.3703208,1.8318952,-0.8258181,-1.0182096,neutral
-629.53656,72.542595,6.043394,27.69171,3.5074592,10.616635,-0.58994323,6.363511,-4.3274717,-0.68007016,-5.1897483,-3.2654097,3.8813937,-4.512018,-4.482691,0.80691075,-1.7380435,-0.37383708,-1.1466477,-2.964805,-2.4349601,-0.43683153,0.7162842,-0.327248,-3.5220456,-0.17404667,-2.5403364,-0.3600526,-2.9803948,-2.652372,-0.8686241,-1.0610391,-2.5921648,2.064233,1.8871119,1.5084211,2.2078297,2.282003,-0.4294079,0.68056285,happy
-653.6959,84.608734,2.169138,23.388176,3.6868794,12.7852545,3.6116238,8.135796,-5.0066266,-0.32523847,-1.699451,-4.3058286,6.7313,-3.7262728,-4.8149157,2.6413915,0.36641106,-0.56834537,0.7729531,-0.3918286,-0.591756,1.7469639,1.988709,-0.39445215,-2.150322,-0.26063767,-1.7764071,-1.3608164,-2.9720964,-1.5606556,-0.521269,-1.0161519,-0.34810036,1.4849845,-0.27167928,-0.4324658,1.1645185,1.0525833,0.079895675,1.4293201,happy
-705.339,95.13448,9.557616,30.822731,4.349822,18.179691,3.5449529,5.143393,-4.537493,-3.7948673,-4.6288576,-6.0844593,4.0801277,-7.215664,-4.3191047,2.9857454,-3.0815473,1.6343448,6.6178584,3.1775131,-3.8829994,-5.4467907,3.5345185,1.1589005,-5.1838593,-0.7688705,-0.87196094,-4.3868284,-4.358568,-1.3302319,-0.7387178,-0.9511467,-1.3916991,-0.92691237,-1.1775641,-1.3757876,-2.6351042,-1.8783908,-2.4375176,-1.840963,calm
-738.2863,80.14383,10.001028,23.844364,9.246031,13.425353,2.3552887,8.208501,-5.2568326,-3.7405076,-5.4776044,0.5540812,3.7995937,-3.8356962,-0.24150145,5.239164,0.8801866,-2.252443,3.7598758,5.0538917,-1.6607065,-1.9981596,4.6087966,2.8739572,-2.6008584,-1.8180853,-0.03383152,-1.5861197,-3.5774405,-0.56437504,-0.114201106,-0.874105,-0.9212515,-0.49459484,0.5517642,-0.32902995,0.43109307,-0.35971177,-1.8718352,-0.6520206,neutral
-764.86194,76.164406,13.825056,33.419353,11.955141,18.457256,5.193124,10.448943,0.6141894,-0.8885039,-3.8643909,3.0110543,4.6855793,-2.2985885,1.1844819,3.4774325,-0.4103684,1.4393089,3.024097,0.815444,-1.0646796,0.3942445,4.1081595,-0.12059104,-1.31254,0.19940826,0.13540244,-1.6515234,-2.9716146,0.499739,0.79728955,0.39957127,-0.5296542,0.853936,0.85824704,-0.5819238,0.30265838,-0.9865118,-1.2693495,0.9020197,calm
-618.41644,56.099495,5.8077474,16.594248,5.859149,5.9914126,-1.1076962,1.7924403,-5.206154,-3.0094047,-3.0623715,0.00010917417,3.627708,-4.075594,-2.2321324,3.5464315,-0.90713876,-1.8959794,0.66550034,-1.5047853,-2.166468,0.77761,3.9085548,1.1384008,-2.5965438,-0.83946276,-1.7279195,-2.7556808,-2.1067717,-0.63505554,0.40228143,1.3796288,2.1711736,2.4018002,1.2890918,0.23602979,0.005046992,-0.3336385,-0.76755923,-0.49562904,angry
-676.1473,71.354126,5.757283,27.666292,4.254641,15.065077,0.75676596,8.503619,-9.153605,-1.7203141,-0.587026,1.8114393,2.7836473,-3.4425511,0.0777541,3.518404,0.2575416,-1.9182976,3.1835334,1.10186,-2.3920107,-1.3984154,0.7101921,1.778286,-0.04103456,-1.513655,-3.2478156,1.0196005,-0.25968468,-3.4609199,-0.7230458,2.9357512,-1.2274473,-0.20226808,1.4438525,-0.786752,0.33077526,0.9879415,-1.6051717,-0.7829415,fearful
-451.27454,36.182907,-27.630154,-0.4481962,-8.697721,-2.6687393,-14.674698,-5.582366,-19.322618,-7.980079,-7.539689,-3.8557975,-3.3807425,0.113222525,-0.6609928,4.5959377,7.231487,1.6877311,-4.962957,-1.2484657,-4.018823,-3.671833,1.6588544,9.396545,7.5327444,7.868016,4.4795303,7.3890905,6.839359,4.468053,-1.6266879,2.5574427,1.9745994,3.143124,2.0044408,-0.7780017,-0.7793795,0.7131033,0.75084275,0.49591666,fearful
-435.13693,51.788685,-21.236313,3.9540884,-0.8001452,1.4546965,-13.708468,-0.88845295,-5.2727914,-1.1943517,-10.051502,-3.8040376,2.9494042,-5.159742,-6.6913304,3.8864877,-3.635298,-4.5978594,-3.5369575,-0.8113914,-3.0314994,-2.936643,2.130319,2.1688423,-0.95128787,3.7226696,0.9648462,2.2608285,1.8673863,4.5697103,2.3819773,3.0842867,0.6916589,3.3955183,3.4199631,2.1879745,2.284784,2.4019814,-0.6499451,1.4738114,angry
-642.1646,82.81597,8.369738,24.758583,4.917644,5.711844,-3.8412418,5.3516884,-10.691515,-2.1399233,-1.852676,-7.2691517,3.0829313,-1.5219439,-2.7038689,3.8299437,-4.090042,-1.4213278,3.605004,1.32276,-0.9357019,-0.5480709,0.2368674,0.2622789,-0.9034727,-2.6049955,-2.9663444,-0.67095447,-2.6195214,-0.94494796,-1.5671595,-0.26705965,-0.75316566,1.398862,-0.7591528,0.46070847,1.7276647,0.18798028,-0.82787466,0.7427042,disgust
-777.16144,82.7864,13.401789,26.560884,6.3370013,17.373932,6.8865714,11.744255,-3.1112,-2.3337014,2.914097,-0.7694311,4.537789,-0.65595037,-1.3130251,2.4947386,-0.41350523,2.7901242,4.843881,-0.18610848,-0.6553704,-0.25328693,0.16440797,1.575593,-1.673098,-1.8475621,-1.067527,-0.9812355,-1.4358839,-0.95209175,0.6274123,0.15669405,-0.3508071,0.5357848,0.6526608,0.39599812,0.35010445,0.120344035,-1.3775134,-0.502583,sad
-628.5195,83.7185,3.1425571,14.223954,8.287106,16.429182,3.9674406,1.4451123,-8.028412,3.5152133,-2.0845387,-8.508586,1.1611434,-1.0554242,-1.226297,0.8879802,3.305521,3.611761,3.8265307,0.78682107,1.8415111,1.9893867,1.1813442,4.819966,3.4047303,-0.7623634,-1.2468747,1.4751409,2.4601586,2.1609135,-0.07903688,1.8848729,1.5794368,2.9441676,2.740411,-0.11023097,2.6706345,1.3817445,0.83497065,0.39474487,sad
-452.16623,35.14191,-23.503103,24.011532,-15.855396,-6.781456,-8.151766,2.8431451,-14.555911,-7.523597,-3.4244423,-4.2145424,-2.2496536,-1.621615,-4.1679425,-0.39713615,-6.207454,-1.3632022,1.9219172,-1.1198758,0.29583898,7.240206,5.752607,3.357474,2.608018,4.022324,-0.34822792,3.4071581,2.5279415,7.3396454,6.051275,5.278697,-0.29453698,3.6621401,4.1783195,3.4809258,3.008529,3.6177728,-0.91660166,1.5472891,disgust
-635.995,83.34726,3.4976063,19.47724,4.069772,10.226214,-4.105387,5.37065,-5.1485243,-3.5015786,0.2653395,-1.1362478,2.6569967,-4.266833,-1.9712827,5.130547,0.026310569,0.61761683,5.065278,0.06489312,-1.7389315,1.47039,1.1650772,0.38230112,-0.05664268,-1.3822639,-1.9202896,-0.122603565,-1.8615725,-0.5781105,-0.4322056,0.31546256,-0.12384716,0.23707466,1.371153,0.88572615,1.4868261,1.5490083,0.4850034,1.7410463,surprised
-695.03546,89.54068,9.15577,22.483864,5.0720544,14.256648,0.13466147,7.839978,-6.676373,-4.2083144,-4.5125055,-3.71355,2.562438,-4.249038,-1.3720123,2.0106738,-0.9911127,-1.1930817,2.5107682,1.5276148,-1.7611337,-0.99057955,2.138833,1.3933008,-0.70473486,0.2500467,-1.3367102,0.3254977,-1.5471765,0.01335468,0.5755132,0.094880454,0.7338456,1.4323319,1.8009363,1.6967264,0.5072755,2.2439327,0.10272373,-0.40598872,surprised
-391.66772,50.540382,-27.797194,-5.3079314,-4.2769437,4.182506,-19.880129,-7.113822,-10.059876,-17.584042,-10.786218,-0.8335675,-8.884531,-12.311201,-4.3371544,-0.3269921,-3.9838789,1.7085979,4.814658,1.0211986,0.8100193,7.594894,5.7260413,0.7617963,2.2030334,3.428984,3.2726808,1.9917538,0.36788154,0.5320129,0.41668603,0.903337,-1.6072752,1.1417913,-0.8024259,-0.83758634,0.030755827,-0.19365583,0.36265036,-1.32604,happy
-529.4572,59.658825,-3.9162123,1.9397029,-0.030130772,7.6929955,-12.442547,-2.2602546,-11.08167,-10.726847,-5.354788,-0.24625663,-5.263194,-8.51647,-3.6691933,-1.8501748,-6.5967703,-1.2849383,-1.2646806,-5.8433,-4.4688997,-4.7428637,-3.1615365,-1.5366684,-2.3547914,4.5271597,4.773435,5.569257,6.0218215,4.6535044,2.754877,2.321214,0.009563212,1.2946453,3.3063164,0.097742185,-0.059161507,1.2341889,0.08194466,-0.15189233,happy
-584.09845,74.61062,-0.5562803,5.7222786,1.155087,13.801445,-12.21127,-1.4731797,-17.286144,-10.782847,-2.6320283,-0.26959682,-1.9759915,-3.3063571,-3.8222852,2.9862704,-1.7283614,0.46322033,2.0669909,-0.5726328,-5.6342998,-3.0134223,-0.43796632,-5.902893,-5.9896717,-0.65855,-5.3630204,-4.834509,-3.1835158,-3.0170734,-2.4183693,-0.3708663,1.2386805,4.723494,5.2711163,5.527285,6.519712,5.06231,4.459148,5.925584,calm
-557.1139,61.53977,-1.3741652,12.489706,2.0059764,8.978362,-18.886354,8.524689,-16.038456,-11.179732,-3.6539905,-3.9874504,-2.3584929,-6.725433,-4.3031054,0.14729224,-4.9719853,-3.6490686,-2.269796,1.3947486,-3.7629495,-3.513999,1.6767024,-3.4147165,-7.161374,0.5101151,-4.9766536,-3.82723,-4.633361,-4.6731687,-4.9668293,-0.39795458,0.21476571,4.256515,8.4519825,6.467772,7.2703223,5.549312,4.069337,4.274514,calm
-618.22595,64.04152,9.29801,18.992546,2.3333464,13.190053,-6.9062486,4.870789,-8.8215475,-3.6123178,-2.2860515,-0.7838297,-1.8436751,-5.758459,-1.5040429,-0.020007323,-3.3250594,1.5499163,-0.74027747,0.19045551,-2.5371144,-1.4822999,0.7002871,-4.297709,-7.9942894,-1.3526462,-5.026873,-5.1192737,-2.8034866,-4.6210303,-3.5813162,-0.46761662,-3.22223,0.31337503,3.955157,-0.1839773,1.3679509,2.2545311,-0.19808394,4.3439054,neutral
-608.02515,59.844227,8.679351,13.863491,0.46856207,12.895133,-6.9407296,5.083264,-10.899532,-6.2234664,2.4504328,0.18926482,-1.7884673,-6.77824,-1.611903,0.6299396,-3.4932585,2.246599,-1.8042041,-1.0778259,-3.9125485,-1.351605,-0.9690428,-5.990072,-6.3174167,0.081694566,-4.379973,-3.2643192,-3.4079175,-2.8199036,-3.3037426,-1.4160546,-3.6056178,0.24371697,3.8463051,2.4344199,5.2134566,5.256884,2.5806234,3.3675601,fearful
-534.1194,78.02651,-2.2567406,4.935314,-2.4330258,7.734362,-10.023837,0.68462414,-13.829264,-9.341181,-2.6267073,-1.9240074,-4.2135787,-4.7611,1.6508062,-1.304765,-6.0371923,-0.15941249,-2.6378617,-3.400054,-5.0529637,-4.561455,-2.9058745,-4.783318,-6.5880747,-1.636863,-3.1869838,-3.2531056,-5.083814,-3.4270356,-2.216442,-2.0899665,-2.984029,-0.662473,0.64549196,-0.8952612,0.33963323,1.5099238,0.11196329,1.3146931,angry
-387.10577,57.350224,-14.919951,-1.1047063,-0.7639222,-2.6003342,-15.092123,-2.0791073,-9.92163,-10.112856,-3.5207872,-4.5788155,-5.3045206,-7.2773886,-3.8202465,-3.3403242,-7.2191734,-1.1736195,-4.6564083,-5.434352,-3.0289683,-3.7848275,-3.1657653,-0.93318784,-1.5619152,-0.34390897,0.88293463,1.5379044,-1.2012867,1.8084608,2.5385265,0.050844815,2.5255861,3.6431243,3.7137856,1.0780212,1.4691279,1.2188259,-1.7557192,0.083974175,angry
-499.41486,61.027737,-19.182016,0.7407791,-2.7776911,5.6433625,-17.922499,-3.6160502,-11.969255,-14.113431,-4.7447033,-0.9563909,-3.4269276,-10.421619,-5.155061,1.3852607,-8.114768,-1.4373593,-1.1060824,-5.306912,-4.103764,-1.7692461,2.6468694,2.939746,4.869451,10.956922,6.4600425,3.0911255,3.5816524,1.6669579,-1.8773241,2.5357776,2.3125746,1.3895873,2.3329,0.7135879,-0.36770105,0.80747265,-0.1958599,-0.83800036,fearful
-628.594,77.31315,6.5591493,12.851236,0.32287768,14.039377,-9.931388,5.592822,-13.277714,-10.0428915,-0.50202537,0.9986848,0.86362255,-5.782435,-2.408977,1.6374846,0.75060195,1.5477104,0.9481423,2.9708595,-0.9389734,-2.6105473,2.0877755,-1.5124998,-7.1188293,1.1345091,-3.4285226,-3.8245337,-3.7965672,-4.0518646,-4.8806567,-2.1750805,-2.7079206,-4.287586,-1.3409557,-1.7714262,-1.2835124,-0.638459,-1.600143,1.8875316,sad
-636.0877,85.168045,1.8340468,9.812815,3.814052,10.5914,-9.112691,7.6494,-11.184824,-8.160668,0.81433576,-0.35297367,-2.0785844,-5.385032,2.1513038,1.0077989,-3.9802632,0.6608974,-0.048616167,-0.69523895,-2.3366578,-3.1567373,-1.059263,-2.2831993,-5.740046,-0.21317613,-2.404761,-2.065109,-4.5848265,-2.4571543,-3.2900085,-4.192609,-2.9755123,-1.2337137,-1.4820029,-2.0323303,0.065089084,-0.48662305,-0.6407353,-0.86033756,disgust
-515.4236,72.37723,-9.096274,-1.7219102,-3.6338017,7.4969115,-17.193258,2.6472244,-21.486061,-11.457668,-0.7597916,-1.5592248,-10.737356,-6.3803225,-1.0251664,-6.568871,-8.873777,3.357864,-5.0824103,-6.661123,-5.147569,-7.436661,-3.3123121,-5.6204004,-4.0117555,0.76833576,2.4348724,2.1409502,-1.1728587,3.1271305,4.8634434,2.9120042,6.0854435,8.658355,4.4418845,4.286392,2.8299487,-0.30498824,0.3775027,0.9615911,disgust
-611.62354,66.78094,3.449656,19.386967,5.769998,12.156928,-5.88949,3.9846542,-10.693566,-10.592658,0.17221522,-3.7423608,-6.819871,-4.6838775,-2.052007,-1.5852703,-4.957487,1.1105388,1.3075459,-3.6381056,-0.8284259,-2.004201,-0.89302176,-1.4884315,-5.0261836,-1.5465926,-0.48181668,-1.8955381,-2.4505436,0.30758002,0.89543456,-0.43725523,-0.45250326,0.6978819,-0.37380877,-1.4300088,-1.4318278,-1.1993468,1.1762033,1.7963481,sad
-466.98376,45.48193,-3.3368535,2.0831475,-9.271566,5.9087863,-13.520139,-2.262851,-7.104465,-7.264107,-7.666126,-2.0499134,-7.079326,-9.524529,-6.40411,-3.9113748,-7.875587,-2.126177,-2.9753368,-3.711083,1.3921435,3.1426668,4.5134153,4.361343,2.0330284,6.974684,0.7170369,-0.28685674,-1.6311955,-0.6085051,-2.1346188,0.10269018,-1.4279959,-0.057153832,0.8225692,-2.5304992,1.3394897,0.8520975,-1.002235,0.5725703,surprised
-570.5164,53.70195,1.327142,9.562967,0.8598364,8.916296,-10.791361,1.0856649,-9.239048,-3.1580951,0.55675226,-1.3061169,-4.80719,-5.5052767,-1.4971263,-3.192901,-3.9869437,2.7759402,-1.3104198,-3.5149062,-2.2380328,1.3314976,0.21439023,-0.5830531,-0.024368888,3.5355787,1.004459,1.8424698,-0.71733946,1.2936621,0.84602123,0.1838663,-0.6520868,3.3260536,2.5574512,2.724001,4.1205473,1.1574478,0.028720178,0.16243285,surprised
-505.87006,81.6538,-12.842392,1.0868381,0.42972454,2.614168,-13.505511,0.96336687,-11.061433,-11.353541,-2.7054658,-3.367589,-1.559436,-5.9202642,-4.4869685,0.14760931,-4.7301273,-1.6525629,-5.5785704,-1.1421981,-1.5788412,-5.9757066,-2.529373,-0.7079398,-2.8660843,0.78377974,0.82964283,1.0958512,-0.5488763,0.17509039,-0.9317017,-1.6959563,-1.4396673,-0.28904435,1.3493474,-0.5836406,-0.07012444,1.9688958,1.9222218,3.994505,angry
-571.376,73.519936,-6.626982,5.5569487,0.11920385,12.270017,-9.628481,-3.703713,-17.401941,-14.563513,-0.96971685,3.2422905,-1.0769434,-6.067725,-0.23527041,3.1875498,-3.0787573,3.847486,1.8550678,-3.3054345,-6.6829214,-5.2754517,-2.831263,-4.9776425,-5.3626127,-0.1894267,-0.41735572,-2.8357224,0.8246957,3.3071792,4.606691,7.4150553,5.400178,2.7966132,5.055417,3.1300104,0.871994,0.88774204,-0.21868715,1.1415054,fearful
-477.25894,55.464527,-11.763212,2.9441724,-3.2857013,3.8635623,-16.97844,-3.5644443,-12.757457,-14.06837,-7.2951374,-2.648612,-4.988352,-11.770016,-5.7109237,1.1587044,-8.79983,-1.1808449,-1.8822743,-7.4951,-5.229775,0.46256125,2.4321358,2.1714952,4.6985927,8.314598,5.753089,4.7868905,2.0438776,2.113742,1.0160834,2.5888996,1.8966664,2.0535622,2.0982013,-0.16137217,-0.029471261,2.2860618,1.8348175,-0.584596,fearful
-414.0394,55.819607,-19.067303,1.8836799,-8.054758,-4.679798,-16.170132,-2.3083324,-10.847314,-9.434908,-8.544183,-5.6883974,-5.7119145,-7.89826,-5.1671395,-6.312419,-7.2190733,-0.42706817,-7.5655465,-4.5100646,0.844053,1.051034,-1.2001841,3.4116828,-1.4429886,0.08151308,-1.7144629,-1.6506147,-1.658739,4.358407,3.8035712,3.0345087,2.0190227,0.3202864,1.7552688,1.5370498,0.7933713,2.439653,-1.6148062,-0.646167,angry
-559.569,72.53224,-8.041326,4.641993,-2.646796,11.688649,-12.281905,4.105152,-15.934987,-6.426921,6.3427267,3.5644073,-10.265973,-1.930778,0.4037241,-1.7316319,-2.5625184,3.730582,-4.0404243,-3.6678865,-2.549752,-4.446935,-2.0046086,-3.925114,-6.134347,-1.4262701,-4.3036404,-4.0514073,-4.4779716,-0.522469,-0.8057381,-2.6320984,-0.74099356,3.6764808,0.8860185,2.4424653,1.9843297,1.0004132,1.3852892,1.0505837,disgust
-637.66895,73.86638,14.166145,16.178991,4.8461494,13.720256,-9.029244,3.7535284,-11.576625,-9.54151,0.19487445,-2.8815672,-3.3547776,-6.3859253,0.3490322,0.8956519,-2.3851757,0.44854134,-1.3733166,-0.90165013,-1.8235548,-1.32968,0.32121512,-2.6398568,-5.718887,-1.1489097,-3.1879156,-1.6470028,-3.0840063,-3.7668626,-2.264858,-1.599626,-2.099752,-0.1743699,1.1090355,0.27262822,2.4945273,4.29556,5.3829103,6.609797,sad
-549.6969,76.24895,-6.853431,9.939269,6.331542,13.003709,-13.4560175,-1.3782588,-9.234915,-14.701338,-0.4368216,-2.776983,-6.1216784,-5.2316403,-2.22695,2.4652855,-5.3392324,-0.73934555,-1.153941,-5.7247715,-1.9607064,-2.0031462,-2.7812471,-2.6340344,-4.4354606,-2.2804594,-0.30986786,-1.5926243,-1.1084242,-0.39751863,-0.2761835,1.3706387,0.086522155,3.1468513,2.9019613,0.7272614,2.1625996,1.3097881,0.5002315,1.2897666,sad
-466.5606,73.485405,-14.642855,-2.5740724,-0.17254876,4.354225,-16.840578,-2.6020455,-17.841452,-12.022663,-2.2144918,-2.6633313,-9.036466,-9.232452,-0.8650243,-3.27385,-10.202897,1.759484,-4.135996,-6.696288,-6.2633257,-6.529245,-4.790034,-3.639402,-3.550702,1.007312,1.671796,0.59040326,-0.7395097,0.91167885,-0.84242845,-1.2760023,1.2322502,3.7253735,4.944089,2.2914612,3.343605,4.4096413,-0.44582018,2.5555267,disgust
-504.48895,55.19649,-11.310443,1.4097908,-1.6465309,-0.50984496,-12.559837,-3.8015962,-11.008413,-6.7522492,-4.2338557,-4.225988,-5.7254505,-9.631631,-2.6385052,-2.2640176,-7.9183083,1.0840977,-1.8580452,-4.9398956,-3.458943,-1.382158,2.4247887,2.5868056,5.67208,7.859099,3.6115768,3.4475772,-0.8218365,-1.9494994,0.46369448,1.5968509,0.4008667,2.4799984,2.1951613,-1.4813538,-1.0144513,2.1559112,0.2452631,0.65418994,surprised
-596.6689,67.47552,11.211585,12.1763735,-0.1844767,10.29531,-11.800257,1.8291708,-9.830633,-1.5661736,-1.5972703,-1.2042619,-3.9362156,-7.5932364,0.4023874,-2.0326347,-6.281023,1.8906928,-2.374274,-5.849626,-3.065255,0.20587973,-3.3946338,-3.962466,-2.436824,0.95837355,-0.41651398,-0.08714641,-2.3415318,-0.15351573,0.19749835,0.50432736,0.5431555,3.9026961,3.610093,2.38423,2.5050917,3.1473958,2.4480934,1.1562506,surprised
-402.77496,58.16032,-25.085873,-7.2832766,-4.1447377,1.7662866,-22.14202,-7.745809,-11.44194,-18.811954,-10.462535,-0.26333812,-9.623913,-13.331063,-5.1982336,-1.7608955,-8.751981,-0.25552988,4.032754,0.9299832,3.9664829,8.070678,7.7101808,3.7487297,-0.20047744,2.3283446,1.2490367,-1.5917901,-2.40936,-1.1699314,-2.658958,-0.098048866,-0.8355655,-1.9758108,-0.12689659,-0.63631475,-1.7206172,1.7877184,1.3774041,-1.66156,happy
-533.5716,58.919846,-13.940795,-1.950317,2.062903,4.5127697,-13.081352,-5.303025,-16.581518,-11.907195,-2.0147169,-1.7206618,-7.4169183,-9.707707,-1.6100061,-2.0135152,-7.8387303,1.724461,1.0858117,-5.6459246,-1.4307989,3.8606634,5.5370007,1.818052,2.2638054,4.214519,3.463296,5.7667866,4.748181,4.6609178,3.6543095,1.3987509,-0.34883675,-0.4324254,1.4179875,0.8164319,-0.08253194,-0.8031514,-1.6587678,-1.2641364,happy
-631.78436,74.591446,9.421776,15.84711,1.842416,15.649767,-7.3110404,6.318062,-8.644055,-3.6783197,-0.7883883,-2.4813352,-1.8118154,-5.160652,-5.0760574,-1.2396221,-1.018021,-0.64324707,-4.734504,-1.2559005,-3.7083895,-3.5106385,-0.30108792,-4.612917,-5.6154447,-0.93819606,-4.334816,-6.0370145,-4.294507,-2.9730902,-3.7091079,-3.4631808,-4.4599943,-2.4056711,-1.5800251,-2.2246747,-0.9457323,2.2669187,4.014854,6.384135,calm
-596.9454,64.63007,6.648077,8.077851,-0.23067446,11.433212,-8.115619,0.8882916,-8.193811,-3.2737923,-2.9207172,-1.6070095,-3.1588488,-6.075203,-0.60288125,-0.40950003,-5.3609905,0.24406213,-1.8509043,-0.47732195,-3.444433,-3.7025905,-0.8247793,-2.3183784,-6.651333,-0.112126544,-4.094363,-2.4258966,-0.52858275,-2.1962187,-1.1492695,1.4049883,-1.3164326,3.550398,3.366586,0.35272262,2.5822282,2.1487014,1.1802733,4.521074,neutral
-604.18646,74.32354,0.17630926,11.393934,2.2746482,11.601082,-10.305855,4.1613684,-10.589806,-3.807657,0.19454983,-1.6261134,-2.9923496,-3.7097962,-2.6536505,1.4262502,-2.2326517,-1.1441659,-0.26944804,0.12002374,-3.1965795,-2.5450494,-0.029353848,-3.0530045,-5.62318,1.2770603,-4.7198553,-2.4131553,-1.4029855,-2.4027865,-2.171402,-0.7014555,-2.8579917,0.17731678,0.76580375,-3.4179428,-1.5801159,-0.5819322,-1.9029717,1.8725796,calm
-626.6527,66.95044,9.311441,21.612198,3.6184294,13.681571,-6.7881784,2.206594,-11.3172245,-8.705806,2.57898,-2.2305741,-3.4474185,-5.12448,0.47914907,1.528352,-2.6456418,2.771023,-0.34166473,-2.6384857,-0.8797553,-2.418522,-1.083453,-0.64041144,-4.6482997,-1.500386,-1.1990187,-1.732723,-3.6199791,-3.0190678,-0.5234091,-2.292729,-3.0173697,0.51544654,-0.7231458,-1.6743168,-0.2090615,0.14749278,1.7142272,3.0410535,sad
-476.0867,70.18886,-10.707117,-3.351149,-10.387791,4.6795926,-19.215637,-1.4569954,-16.61834,-13.975317,-6.4380064,0.48318425,-8.370224,-10.930006,-4.1481752,-3.4926353,-9.216592,-0.787635,-7.096578,-6.011054,-2.958607,-4.0009995,-1.5127615,-1.9187554,-3.194835,2.7764142,0.61029583,1.4844997,1.9767156,6.585291,4.650443,5.01052,3.3355205,1.3577191,1.2016178,0.3964041,1.0052786,3.5347173,0.71879673,0.35278788,disgust
-626.5254,94.99736,3.0830617,5.2750845,3.793872,13.297047,-7.2334714,2.3746257,-16.984268,-8.53798,5.1246886,3.0119631,-5.975868,-5.196567,2.2819579,1.2339125,-3.8807437,1.2989835,-2.7356946,-2.7715216,-2.7080183,-4.5365443,-2.3553605,-3.5029287,-5.6791306,-1.8341027,-4.0781245,-2.5905583,-3.4223375,0.8481313,0.42362595,-3.9676201,-3.0716865,-1.0939672,-1.4932171,-1.612228,1.7263685,1.1872652,1.4759136,1.8071907,disgust
-650.48944,70.19714,6.7805324,13.649959,5.5938983,13.404814,-8.8595295,5.772001,-7.7939873,-8.117298,0.89314616,-3.3827164,-1.0170014,-6.3758082,-1.9084944,1.2881024,-1.39854,0.23120132,-0.48262298,0.34309506,-2.0389993,-2.7894201,-0.39441726,-1.2096373,-5.1835127,-0.43129706,-2.4872522,-2.2174745,-0.143025,-1.6549194,-0.88514405,-1.3722585,-1.5247868,-1.8049387,0.13373466,-1.3961648,-2.0779526,0.71684587,2.021149,3.7420104,sad
-462.18417,58.300858,-17.537727,0.90795827,-3.5306091,3.0598233,-16.407509,-6.965476,-11.59075,-13.739644,-5.0656924,-2.174077,-5.503748,-10.475122,-4.0941224,0.58636683,-8.991965,-1.8440365,-1.251951,-5.743784,-4.3167744,-1.624932,0.10166064,-1.7080731,1.3986228,5.581499,3.5763795,3.189261,3.1345441,2.7111094,0.9202134,2.3893847,0.042414516,-0.16804476,1.8841486,0.3473795,-0.08307664,1.5999763,0.33826417,-0.6046305,fearful
-398.36682,61.800617,-18.434244,-3.8000762,-8.24678,-4.3279595,-15.773354,-2.7261915,-8.563693,-9.873085,-10.200603,-5.562945,-4.9734178,-8.919549,-6.767506,-6.425144,-8.117072,2.0777316,-1.9041786,-4.734804,2.168777,4.194661,2.0115452,3.6000872,1.3488399,2.8338747,1.3583933,1.5868,0.5959027,2.3039813,1.3447737,-0.028760057,0.5919147,0.16735838,1.7446619,-1.2282228,-0.57851875,0.8506267,-1.625405,0.76407284,angry
-529.8807,81.08531,-6.026219,5.7424335,0.85219795,5.579107,-12.371506,3.170391,-17.437128,-9.6819315,1.3312436,-4.592171,-3.9383197,-4.144,-0.41097695,-3.0239959,-4.054405,0.81009185,-3.9898255,-1.6920531,-3.1144753,-4.96329,-2.4289296,-3.283465,-6.658519,-2.3750165,-2.9436376,-4.1057982,-7.0780873,-3.4203837,-2.0545976,-4.5031385,-2.4184403,0.14390391,0.24750963,-0.24246676,0.9284954,2.5184128,1.5936279,3.0063105,angry
-611.25903,62.58029,5.968863,12.238519,-2.5109708,12.6237955,-9.189692,1.2985095,-13.795717,-11.055338,-1.6835551,0.55243814,-0.53023356,-6.57103,-2.240418,-0.93139714,-4.6264844,3.0057015,-1.7750485,-2.8583267,-4.2123685,-3.4454622,-2.916803,-6.3609467,-6.1078725,-0.28448913,-2.8726606,-1.209309,2.7410178,6.0891957,5.8479276,7.434379,4.89323,4.7997203,5.3016253,1.2738744,2.9107597,2.857434,0.7271001,3.4621105,fearful
-589.026,67.63633,4.9304214,11.691051,0.29456598,8.508433,-6.898903,0.7295748,-8.612041,-5.5961676,-2.1099632,0.8912978,-1.5169055,-4.7181563,-1.1820492,0.9003757,-2.6782956,1.2658077,-1.2290207,-2.9738958,-3.060789,-3.1702695,-1.8672218,-2.5538986,-4.81866,0.6615761,-1.9219112,-0.9923792,-1.6013359,-0.7514005,-0.5247139,-0.6305677,-1.4653382,1.2997742,3.1873055,0.83833534,2.4467208,2.5312824,1.3648335,1.8206215,surprised
-463.9473,55.791977,-4.6750946,4.4859443,-7.206392,4.994133,-12.510364,-1.9095058,-9.404054,-8.369538,-6.246582,-0.94842225,-4.934122,-9.064987,-5.1203012,-2.3353992,-8.05447,-1.3443537,-4.9039125,-6.300673,-4.7083983,-3.2352262,-1.3295226,-2.418027,-3.65253,6.528474,4.493497,3.7121077,5.374807,6.4289217,3.6908712,4.139634,0.9620139,0.7950473,2.5821307,-0.71147835,0.38467538,0.3390132,-1.8641918,0.70410436,surprised
-566.4882,66.1096,3.7538128,7.080295,-0.9083678,11.579635,-11.926803,-1.9896832,-14.338024,-9.761962,-2.6482637,0.05139273,-3.275125,-7.140998,-2.2954497,-1.0355752,-5.184448,1.6802238,-2.6829152,-2.9063761,-3.4690042,-3.9536695,-0.537859,-5.064387,-9.346511,-0.7063664,-5.52337,-4.3678765,-0.43380633,0.37929177,1.1264864,3.9534261,1.1560031,6.056956,5.9547524,3.3221123,6.6954656,4.9281864,3.682733,4.0375347,neutral
-559.7589,64.457634,3.596611,10.952443,1.1674408,9.38888,-18.542377,1.5092171,-12.442172,-9.902979,-2.6637542,-2.533957,-3.5987625,-6.7090883,-3.8593261,-0.33232626,-6.0111675,-1.5609908,-2.7409632,-0.4547754,-2.3582022,-4.591088,0.20102021,-3.423302,-7.2017465,-1.6631929,-5.1595383,-5.2906513,-6.0298667,-4.4329443,-2.5355968,1.3978786,-0.5170471,5.0220323,7.575803,4.056075,4.256593,3.5304706,4.9520903,5.6418447,calm
-582.3269,73.66345,3.5461707,6.0400643,-3.9498866,10.24262,-9.203853,-2.0130832,-13.870252,-11.930876,-3.2548766,-1.1376237,1.1699821,-2.3086767,-4.5722995,-1.5236429,-2.6571944,-0.65219706,-2.8560991,-3.6305332,-4.668017,-7.6505785,-1.290571,-5.885947,-7.152899,-0.27604342,-1.7341973,-3.470604,-2.7254567,0.27573702,-1.0415012,1.3079646,0.36367914,5.471038,7.249944,8.715325,10.268682,9.382307,6.5101542,2.3363562,calm
-518.85535,58.90859,-3.3557403,-0.724691,2.3584414,6.758806,-9.757605,-1.1889896,-8.046124,-10.20984,-3.7230814,-2.2465975,-4.26627,-5.0684185,-4.027894,-2.4010208,-6.131729,-1.6429408,-3.2419395,-4.1243467,-1.6069647,-4.3335037,-1.8719902,-0.6868838,-4.8653135,-1.3171195,0.7662886,-1.3860893,-1.8774375,-0.24418014,-0.6572709,-0.07856449,0.80726784,2.874277,3.2814093,2.774484,1.5065267,3.2692099,3.567047,2.7557828,happy
-377.4277,43.8968,-24.442991,-1.9149351,-6.929686,0.4755262,-18.031034,-7.2075467,-10.983022,-15.06227,-11.0956745,-2.9686933,-7.773412,-12.554144,-6.0095,2.783916,0.5626445,8.46677,10.75564,4.5962186,2.702813,2.832351,-2.4995236,-4.070246,-2.7769015,3.121326,0.3349886,-2.5831797,-4.2231536,-2.1078198,-0.94148713,1.82246,1.81665,0.52668947,1.2203604,2.5978453,2.6534998,0.69779134,-2.5250337,-2.2113373,happy
-563.8482,79.28923,-8.369287,14.4295,3.5074441,7.566788,-16.690989,2.3697815,-13.943831,-11.143152,-5.2998753,-6.1051035,3.7261317,-0.27534682,-8.798833,2.1839278,0.63778067,-0.7135366,-1.4555398,-0.35008544,-0.8715591,-3.3956478,-1.5814623,-4.718542,-6.903152,-1.6718581,-3.5262487,-2.0976923,-2.78558,-0.5309481,-0.48542878,-2.7595837,-1.0902331,2.8699152,2.1653535,2.7966776,5.341011,4.358265,2.9904294,4.635341,calm
-578.1701,73.206566,2.0347974,14.9115305,-0.59700394,8.493226,-12.140991,-1.3571066,-11.369603,-6.9111547,-3.3266375,-0.85231876,-2.8861938,-4.5483427,-2.0682487,1.2007318,-6.21261,-0.60400236,0.28556892,0.38070637,-1.829958,-3.4225285,1.6287092,-3.8037717,-7.2817397,1.6224645,-5.1581416,-2.1604106,-0.9745503,-4.9083576,-2.5287495,0.93391496,-4.2141237,1.486633,3.4471436,0.3432117,1.6731635,1.1491666,-1.7044139,2.9251044,neutral
-590.4057,71.67921,2.7852151,11.256137,3.1456077,10.231235,-12.192984,2.5936055,-10.011453,-10.451084,-1.0408257,-3.6297677,-2.7112556,-5.57435,-5.64283,-0.267092,-2.7995481,-1.484693,-2.2174366,-2.441418,-6.145385,-4.2576213,0.32033324,-6.1606464,-5.7946577,-0.13912788,-5.0442505,-4.768627,-4.1164603,-4.8969426,-3.8763745,-1.7763033,-2.185607,4.72376,9.299726,8.603983,9.989942,7.9610057,4.5614133,2.3007948,calm
-535.36005,66.8623,-6.2552176,4.612798,0.13215066,3.6647997,-16.212788,-2.6981523,-13.52698,-13.774392,-4.1546564,-0.374064,-7.1439157,-8.474545,-1.9465566,-1.8022832,-7.8600817,-1.5357479,-2.2883532,-3.449911,-3.0567172,-2.965533,-0.07090788,-0.29176575,-3.8389492,2.7374623,2.965735,4.055923,4.882127,6.522503,2.9800527,5.5584636,1.7905644,1.2091353,2.090749,-0.31002814,-1.1167686,2.2325637,1.0243881,1.0921166,happy
-416.00418,52.35721,-21.31299,-5.6443386,-3.7148266,5.051618,-17.672102,-8.342634,-11.866908,-16.485523,-9.217528,-0.7523585,-7.5042415,-12.604727,-5.5184283,0.8487784,-3.2910583,4.0623436,7.49966,3.7020524,6.26273,5.9351697,2.2887619,-0.7103972,-5.5560846,0.27479407,1.9535972,-1.5841467,-2.1068761,-1.2301282,-3.643977,-0.33802095,0.41392726,1.1579291,1.7843726,1.3515942,0.73432195,3.020958,2.2388582,0.42068216,happy
-485.30457,74.916435,-11.972434,-1.0199047,-1.7015235,6.736183,-16.055283,-0.098107114,-18.787296,-10.812353,-3.2232976,-1.5914462,-9.335125,-8.320619,-3.2925315,-3.6350548,-4.0994496,-0.019442206,-7.2187886,-4.770289,-0.6884031,-3.1791983,1.1184034,0.46518013,-1.96222,3.0498886,-0.21041495,-2.1471415,-3.2110238,0.4642375,-2.633926,-3.2471187,-1.648264,-1.3240346,-0.39170077,-1.3965644,0.54180664,2.0148335,1.6022589,2.9021676,disgust
-590.1153,85.34381,-8.786714,9.313595,6.035568,16.448029,-14.044169,-2.2006116,-17.799042,-17.516993,0.7504398,0.3611176,-2.1902723,-5.313437,-1.1477481,2.8565881,-3.4646637,3.5697498,0.6942406,-2.6747093,-2.0179226,-4.025545,-1.62241,-2.3086345,-5.626569,0.11255721,-0.19648752,-2.6007264,-1.6736333,-1.1994748,-0.755934,1.5406669,-0.88177806,2.463829,5.111125,1.7589,1.9452786,1.4519652,0.48900858,3.7823377,sad
-645.6941,76.85908,15.359509,16.445667,-2.1409087,13.495273,-8.285694,5.4122024,-12.382337,-6.1888766,2.0813546,-2.1387844,-2.182249,-7.9093785,1.488088,-0.6305284,-3.2963738,3.0672338,-0.5588386,-2.279441,-0.38686934,-0.89509815,-0.7074479,-1.272067,-4.07161,-0.5099059,-2.664761,-0.9272841,-3.3629205,-3.0902684,-1.0501617,-3.5780983,-2.0224905,-1.6833785,-0.25086865,-2.1831264,-2.3728719,-1.5725579,-0.9788621,0.7138955,sad
-607.84125,78.518005,10.916772,10.1059675,-0.4014731,12.2782,-7.5293937,3.9885874,-11.350042,-7.5806055,1.239083,3.8458402,-1.4199264,-3.0236917,1.483639,-0.8278467,-2.8033326,3.3981812,1.283025,-3.022389,-1.4722748,-2.0129588,-2.6294506,-4.17236,-5.6163797,-0.23443353,-3.3500197,-3.2967424,-5.511324,-2.394596,-1.2588027,-4.5926228,-3.2470477,-3.5897987,-3.8592882,-2.8321805,-2.2280385,-1.752504,-1.8857714,-2.215211,disgust
-419.39987,52.741863,-12.726398,1.2444074,-7.382455,-2.1719096,-14.265617,-3.1529675,-8.690493,-9.774142,-9.652477,-4.720683,-5.6438646,-6.957318,-6.4442,-4.9763694,-4.734871,1.292101,-2.4080422,-0.8939678,3.7496166,1.7092743,-1.8064538,1.2982018,-1.4968318,1.7920642,1.9314953,2.8505988,-0.9622967,-1.5026388,-2.6646206,-1.8406382,-1.3460407,0.9987075,0.6047904,-0.9193904,-1.134437,0.6098731,0.3788906,3.4211621,angry
-568.2842,68.41204,-6.4412766,8.53045,-0.6738978,5.8591046,-14.3831005,0.2999873,-12.10426,-12.466692,-2.627628,-3.3786554,-5.5348086,-7.864348,-2.0641198,-0.19161327,-8.097683,2.469184,1.1125644,-6.045348,-2.870931,-1.8849012,-3.0410132,-3.8577359,-1.2714111,1.4263597,3.5243487,5.8351936,4.301245,3.7885003,4.4389415,1.6374868,-0.52747285,2.373564,2.2721174,2.3498836,2.3130724,3.0803208,3.588533,1.3720012,fearful
-640.56067,71.85816,3.2813225,14.14853,-1.1688439,11.712356,-4.7658105,4.9452534,-12.25807,-6.3070908,2.3039792,2.6720223,-0.7890299,-3.2238245,0.6483846,0.26595873,0.24969147,3.8700929,0.99219185,-0.4009673,-4.1353683,-4.1766105,-1.9756649,-4.129708,-5.86057,-0.64837414,-3.2853382,-2.8122735,-2.5012822,-1.0905967,0.89316773,-0.83564925,-3.1423917,0.07561961,0.76400995,-0.08154976,2.8897114,4.2506123,2.3967514,4.2745533,fearful
-553.47015,88.234634,-2.3688972,8.792579,3.029175,6.401693,-14.079582,-0.15231214,-15.495272,-12.7613,-2.7191937,-3.6386392,-0.64882886,-5.39556,-1.5885291,3.8162332,-2.3908334,-1.0964476,-0.10907124,4.1334434,-1.0323993,-4.9366794,0.69554967,-2.2514873,-6.1752763,-0.38056487,-3.752143,-5.049286,-3.735171,-4.47644,-5.1115904,-1.8373058,-2.0161328,-0.6576378,0.7717962,-2.4709942,-2.098156,-1.3419628,-2.274776,0.9866453,angry
-520.56665,57.123196,-0.47767264,6.28597,-3.3060648,4.8988853,-10.563695,0.20612277,-9.693845,-4.8645973,-4.3381696,-0.89825743,-6.1395082,-10.035725,-2.4332874,-3.3212905,-7.2753654,0.022122554,-3.915528,-5.9162183,-4.1492343,-0.69537926,-2.7373748,-3.1312475,-3.472437,1.4333862,-1.2153444,0.5097745,1.3535109,3.1239748,1.7985854,4.241093,3.7446327,3.9796147,4.7766776,1.3441015,1.0815145,2.8824759,0.6363734,2.1246798,surprised
-497.897,57.26274,-5.3051243,2.4611502,-2.7557511,5.4732223,-11.944717,-0.4008732,-9.003605,-9.008351,-6.6912065,-2.7575068,-3.5248737,-7.6928735,-4.091934,-0.5024864,-6.8907557,-0.56194985,-3.3030927,-2.4469168,-3.8923666,-2.9093893,-2.444112,-0.57742965,-3.0807338,2.0143855,2.2010946,1.515343,1.9556155,4.0838046,1.779062,2.9530208,1.9045477,1.528527,2.4467049,1.7213252,2.0181506,2.483858,1.5592479,2.007129,surprised
-563.11194,55.543358,-7.8536305,20.541206,-3.6355262,14.102582,2.4668894,4.67312,-4.7568126,-4.1372657,-3.5468016,6.165074,2.1753125,-2.8645904,1.5805566,4.0297217,-0.81060463,0.87999064,-0.41659343,1.0237687,-0.090260535,-0.95122665,0.8123738,2.397514,-3.5603275,1.1026874,2.4774487,1.5027361,-0.78578675,2.71347,1.7991276,1.3570836,1.3825366,1.8694357,0.5428287,-0.27172443,0.27639008,0.5868247,1.3550785,3.0284853,disgust
-574.4236,77.088264,-12.111908,8.536804,4.0881987,14.825943,-1.8953426,5.960662,-6.358539,-10.637521,-5.3317995,4.8868494,4.7204065,-5.205206,0.3653103,6.638185,-0.7955643,-1.2314475,4.1613894,2.1005552,-0.5785183,-2.3858864,-0.43312177,0.89889127,-3.434231,1.2124189,0.36729828,-1.8923908,0.6226767,2.1988184,0.37387484,-0.60965824,1.0336945,1.5000782,-0.8576638,-1.9234546,-1.2459236,-0.87931526,-0.65492404,0.5773188,sad
-624.8712,81.45912,6.1796203,10.65961,5.960289,16.389734,0.2024692,11.002888,2.1326203,-5.0242915,-1.6217052,3.18178,4.155524,-0.6732662,3.5232239,5.6225977,0.560538,0.039682776,2.6723828,-0.033756338,2.4836578,1.0512153,-0.622784,1.9441367,-2.3344655,1.2665828,0.32222742,-0.33885396,0.71270543,0.8612019,2.612854,0.46161532,0.1879355,1.2984223,-0.26866072,-2.349575,-1.0142816,-1.0139085,-1.8593966,0.17869647,sad
-630.7431,66.02335,3.7780247,15.882983,7.3673205,13.082877,-0.27647993,7.2263846,1.4592483,0.30392534,-0.38276815,3.4455974,2.0918012,-1.3997389,2.3177993,2.8459876,-0.24879184,0.6225612,1.2070047,1.4543654,0.47040355,-2.3515158,1.3126607,1.5239407,-1.3237882,-0.19280955,0.036697768,-0.50971395,0.15634897,0.53046775,0.24454986,0.85082763,-0.14056206,1.6872418,0.116474494,-1.4465877,0.11448996,-0.13464771,0.58939093,0.2758867,disgust
-476.84186,60.610386,-8.844462,4.9161906,7.033622,10.65618,-4.163401,4.3237147,1.9951909,-3.1509442,-4.087602,1.8758669,-0.74203175,-5.3203125,0.7266136,3.6207213,-3.8098004,-0.8578074,-0.2770113,-2.2206852,-2.2472622,-0.9274359,-0.89340556,-0.4257439,-1.9884887,-0.08056733,-0.11757414,-0.92966694,-1.1222291,1.1585844,0.7711137,1.862817,1.2855453,1.664476,1.7532102,0.38320765,0.07825586,-0.45942307,-0.024019653,1.7777511,angry
-458.823,47.2707,-8.372228,8.616371,0.6202601,10.665262,-2.0302548,4.1361294,-1.389054,0.58194786,-2.0183911,2.0395095,2.567959,-0.40272102,-1.519388,4.660358,-0.015983213,-0.19169056,2.5994837,0.6614514,-0.9843283,2.27872,3.4154313,2.665211,2.797207,4.235506,2.3010619,2.6888592,2.8469987,4.233868,4.3030834,6.273117,4.8181033,4.9278674,4.4892406,3.7630138,2.9964397,3.0348969,2.0864043,3.1480522,fearful
-460.46014,49.333733,-8.923924,12.084932,0.7744599,9.937575,-0.20160145,5.9058957,0.8765932,-1.6142517,-1.945149,2.9424808,2.9326093,-1.5753766,-0.45060652,4.827301,-0.9626859,0.83807975,3.782472,1.5766609,-1.0797821,1.7919457,1.4252713,-1.0948956,-0.1756829,1.9869567,1.4658036,4.0446196,4.1366363,4.881515,4.0021315,5.217059,3.664054,2.8268564,3.5754695,3.344498,2.7710738,2.678589,2.3664174,4.0903435,fearful
-594.60455,72.60279,-2.0867827,13.542326,8.082681,16.307539,-5.571217,11.284574,2.1029098,-5.6556215,-1.6971229,3.761856,0.65114135,-3.570519,3.7569866,5.4656057,-2.5415058,0.22320408,2.1053905,-0.50780725,2.3043642,-0.43127802,0.73470724,1.1887897,-4.26286,0.72175217,-0.8170731,-0.5026609,-0.20550537,-0.02684039,-0.56516933,-0.014705003,0.6564292,1.0475233,1.0885649,-1.5444357,-0.02568597,-0.8544059,-1.0378778,0.2781251,angry
-585.49945,56.989544,-2.827146,11.749994,0.4656,12.72895,-2.2077768,6.59442,-3.1979735,-2.5471997,-2.6253104,-0.50264007,0.5696579,-3.9678636,-2.6052563,2.8547225,-1.0227664,-0.28986248,0.23519583,-0.5467708,-0.6648634,-0.4206559,-0.57204115,1.2822956,-0.24547906,2.2492726,0.9231812,2.9251056,3.5368762,4.0130506,3.9095852,4.518817,2.2902064,3.133345,2.4620605,0.5958888,0.9296629,1.2872136,0.62113035,1.9609795,surprised
-473.29184,46.750793,-1.1275578,17.78164,-0.86234987,7.2577767,-2.0266457,5.540056,-0.0661024,1.6656086,-2.426845,0.75789565,1.2383878,-1.8722615,-2.6047022,0.9864601,-2.802547,-1.214511,-0.8425294,-1.2210348,-1.9013482,0.65779537,2.6733174,1.0020009,-1.0052719,2.7657702,1.9911674,2.9139705,2.2118979,4.1162715,4.0767236,4.5795016,2.7073014,3.2550664,3.0949166,2.6758828,2.687924,2.6787586,1.6933565,2.8098614,surprised
-673.94086,82.09763,15.0795145,26.19265,9.677517,20.453678,2.5075526,15.051533,2.2650113,-1.7703454,1.1347082,4.5172687,0.761544,-2.2713346,4.7409244,2.1790845,-1.0964605,2.0517578,1.6437575,-1.9789039,2.131778,-0.32445315,-0.46997344,2.7171288,-0.6576959,-0.5691324,0.12992251,-0.8125027,-0.95843965,-0.0381215,-1.6386014,0.29425487,-1.4837924,-0.9199158,-1.9387548,-2.9655178,-1.0595922,-1.1801668,-1.6321081,0.79115516,calm
-664.89935,85.49887,10.4044895,16.15825,9.546788,17.869493,1.5054282,14.3491335,3.5066981,-7.1630135,-2.1865177,4.6098228,3.225154,-2.131147,3.825083,4.301782,0.07682,-0.98407274,2.4398441,0.41882044,0.24615937,-2.0699866,-0.53725773,2.0926542,-1.8139734,0.60406286,0.12871897,0.17198452,-0.2808747,-1.1200901,-0.051905334,-0.5489937,-0.7603118,0.20016384,-1.2186121,-2.022172,-0.10959152,-0.4923409,-0.7520276,0.70313084,neutral
-668.5879,85.48602,8.544578,24.722446,12.152295,25.823013,2.3884137,15.745664,0.59692717,-5.0844345,3.4874065,4.440959,3.7849627,-3.311738,2.3996034,3.194646,-0.9381304,2.1557684,0.4778555,-3.510374,2.422719,0.9968194,-1.2033576,0.32721713,-1.8887715,2.598981,-0.072692744,-2.0249853,0.6022126,0.5044686,-0.07711838,0.23480187,-0.51667655,0.46701655,-0.8668952,-2.8507836,-1.3121773,-0.85348976,-1.144616,1.0394859,calm
-609.063,71.291046,1.2939909,11.69291,7.4890733,16.844992,-0.23018287,9.317808,-4.469478,-4.9172544,-1.7986841,3.9414008,4.2078657,-5.546596,0.46468574,3.9309156,-0.85445255,0.40585226,2.637873,-1.4851819,-2.3510568,-1.3702636,-1.8862705,-0.5213533,-2.539016,-1.6318547,-1.7675439,-0.86660254,0.09918438,-0.53116083,-0.7933545,-0.5926873,-0.85641146,-0.1800128,0.48474708,-1.5573953,0.36489448,1.7741352,1.1952903,1.27679,happy
-514.55,50.971573,-3.284361,10.462846,-5.1020346,9.422988,-2.3073092,4.645837,-7.0774355,-4.2373867,-4.5241947,-1.3175123,-0.9825942,-5.130269,-3.1267738,0.75963366,-4.2771945,-1.431037,-1.305685,-2.4571784,-2.3596246,1.3495632,-0.93430465,0.8524251,2.857001,3.5109837,2.0997212,3.639068,2.5006578,4.516309,4.325952,5.275693,2.086431,1.0107529,0.49329826,0.14294921,0.51305616,1.5168428,0.2181829,1.6698215,happy
-673.91614,88.269806,12.876281,19.375847,11.144217,21.512186,1.7958343,12.669813,2.342652,-6.4496236,0.07761807,4.3938556,2.172722,-2.8696797,3.9251068,3.9615495,1.929324,1.817005,2.1372237,-1.4403242,0.5907507,-1.116221,-0.4241026,3.729357,-1.8881018,0.80380875,0.061967213,-1.1392119,-0.6129949,-1.7945079,0.31261715,0.7885517,-0.53312075,-1.2800394,-1.2938423,-1.9573622,-0.10615929,-0.6246865,-1.0948673,0.83013207,neutral
-673.7038,75.74703,14.209861,21.928137,9.814886,20.580538,2.128836,11.945294,2.2775924,-1.3556762,0.13576554,3.5965178,3.5989196,-2.663932,3.8945239,4.753546,0.4161454,1.2217841,1.4209414,-0.3226436,0.950918,0.107178286,-0.09507696,2.189969,-1.3303931,0.8083644,-0.18974568,-1.0109928,-0.15276557,-0.021615637,0.03291569,-0.16419597,-0.5189698,-0.059528444,-2.034385,-2.2660985,0.6650578,-0.5970506,-0.8537114,-0.45328847,calm
-717.3071,96.5808,15.095712,27.263136,9.035238,19.812435,6.1643786,16.41028,4.601053,-2.9928052,0.046501342,5.494258,2.962291,-2.3310034,5.0669923,4.4754977,-0.6540429,0.1862342,1.6115543,-1.133517,1.2706662,-1.8232572,-1.3882927,3.1461902,-2.237006,0.919005,0.31088427,-0.50591105,0.6217497,-0.46029085,0.4727941,0.83497435,-0.391741,-0.4650719,-1.3809181,-2.0255501,-0.5580038,-0.39615014,-0.3327892,0.09095421,calm
-599.8289,68.44413,-0.64706045,13.374181,4.4472733,16.63765,-4.349616,8.975376,-2.1336348,-6.522876,-3.2439883,1.3329815,1.9707795,-4.2674484,0.993235,5.12831,-3.0034444,-0.7078523,0.88262135,-2.408644,0.7620973,-1.455234,-2.10306,-1.0729128,-3.066955,-1.257073,-1.2386361,-0.8001224,-2.114446,-0.14945558,-0.27337262,-1.5076386,-0.44436738,0.6430129,-0.73116463,-1.7687414,0.027989978,0.742902,-0.0414498,0.8512973,happy
-517.683,52.902344,-0.15508425,12.55624,-1.8521789,7.1133814,-5.3325605,3.2639523,-5.1055446,-1.2411928,-3.6537268,-0.77355003,1.9409366,-2.449575,-1.5349448,0.31924233,-4.0668836,-1.3412304,-0.05503958,-2.8676715,-3.3377974,0.80290097,-1.1545074,-1.2767463,-0.37931123,2.3462415,1.971304,2.3793085,2.84477,4.7183266,3.4197202,5.194663,3.1876,3.5850217,3.7784932,2.5831184,2.5521722,4.2920985,3.2457411,3.9457195,happy
-559.6899,71.13435,-1.33708,5.467798,5.4593196,16.007961,1.7743655,7.3560038,-2.2258968,-6.6626368,-2.2035956,6.3369637,6.484668,-1.1715333,2.547088,5.312691,1.1704304,2.0590827,5.000655,1.3220422,1.0094925,1.1989309,0.7986629,2.0568879,0.1208876,2.180808,1.1005806,-0.074365586,1.9889369,2.470778,1.8895462,2.130082,2.1340513,1.6557716,0.6539435,-0.82726663,0.23662998,0.19556005,0.3421448,2.1319323,sad
-567.40234,55.708935,4.0557084,14.375594,0.07416877,12.371813,-0.76935047,2.691989,-4.281221,-0.87667316,-2.5016267,3.2053342,-0.9373789,-5.050288,1.9309684,1.3126448,-1.9590831,-0.07187364,-1.3681413,-1.7570754,-1.4001929,-1.4695663,-0.22239117,1.2624619,-2.6263754,0.5824408,1.1141983,0.9540406,0.52729267,1.8134518,1.687081,2.0271912,1.1808054,1.469186,1.7776663,0.76400536,-0.7225336,1.1430576,1.2132655,1.331069,disgust
-636.7628,76.00474,3.008643,19.400595,4.072628,16.21105,3.231596,15.389886,1.6518774,-4.7755313,-0.5635302,6.802077,2.6378758,-3.7901103,3.3463354,5.1245093,-1.3272814,1.1587269,0.7201899,1.0910007,1.6523854,1.0067892,2.054816,0.6160358,-3.4410553,-0.23570126,-0.289594,-1.0768859,-0.037190862,0.049821477,0.6124184,1.4087306,-0.3488261,1.4369467,-0.16767296,-2.05054,-0.7194754,-1.7129533,-0.70115006,0.85046923,disgust
-667.53394,88.07489,6.5538845,17.171213,11.285568,16.446842,-0.3103255,14.623786,3.0518107,-5.7070775,-2.1317108,4.1744156,0.286216,-3.74602,3.0958843,5.797969,0.11081197,-1.0607759,0.8718808,0.018393127,1.8773221,0.324074,0.73611224,1.4312305,-1.7925618,0.78466123,-1.7860053,-1.6137925,0.08513835,0.3017148,0.20962334,0.40570953,-0.76535374,0.09877285,0.20403479,-1.5906359,-1.363937,-1.0144925,-0.46003732,0.69101816,sad
-472.74112,48.40907,-7.277092,8.732542,-0.66230345,10.484186,-0.6586521,4.586309,-2.115055,-0.8904595,-4.084253,2.0570457,3.4689686,-1.320897,-1.4571245,3.949109,-1.8943006,-0.29595655,1.6822057,0.956585,-3.0287547,1.2754927,2.3864317,1.2389522,2.3553357,3.787368,2.6620562,3.9588811,3.0031636,3.162921,3.268859,4.9881063,3.9665704,5.3110056,4.4164534,3.4925435,3.8793323,3.7484944,2.6499965,4.49104,fearful
-470.5969,66.89417,-19.218832,7.63335,5.3444777,13.217861,-8.231797,5.794859,-1.3590785,-6.674543,-7.7395377,1.8332325,0.30068192,-7.141469,-0.18436831,4.8992586,-5.357735,-2.0748916,0.559593,-1.4038432,-2.1716385,0.088771276,-2.5544455,-1.5194081,-2.5267541,0.6753672,-0.57952005,-0.5335851,-2.998782,-0.701357,0.17539251,0.36914548,-0.5165648,1.601251,0.15267432,-0.5590988,1.3975806,0.8887369,0.947585,4.54865,angry
-625.6506,77.68839,6.3918333,15.649535,7.145758,17.115622,-0.7995432,10.7652645,1.5302436,-1.867582,3.4961736,4.1676545,2.324322,-2.548911,4.4749312,3.7357965,-0.84956956,0.33549815,0.40192738,-0.6641719,1.2082028,-0.29390725,0.72325,1.3357615,-0.7619407,1.1038771,-0.8293215,-0.22955397,-0.6749718,-0.06139479,-0.19461468,-0.5400224,-0.18518093,1.3622493,1.8183724,-1.1886117,0.22835982,0.48280093,-1.3276944,-0.18008438,angry
-577.30725,67.79376,3.1828804,8.651199,4.880295,18.089403,5.8142276,10.075784,-2.4978178,-5.678148,-3.4443216,3.8882532,5.908867,-1.0537672,0.5744888,4.2307315,0.8155408,0.6691208,3.770674,3.0013828,1.6751746,1.3506954,-0.2892949,1.5719244,0.2879057,1.7628764,1.8251976,0.054059222,-0.19171429,0.8438922,1.7886398,2.6583784,1.1668098,2.2663736,0.8654012,-0.78093404,0.52816683,0.6139479,0.6812646,2.415228,fearful
-595.6538,69.483864,0.97774994,16.4533,2.1072533,11.84639,2.8290744,11.741788,-2.548794,-4.1726437,-3.7016156,4.1048703,3.4012651,-1.267468,-0.3128562,2.765379,-1.2049613,0.10270752,1.1122293,0.5761443,-0.78482974,-0.95648354,0.044359684,-0.78840035,-3.5103455,0.055169735,-0.17271665,-0.46371555,-1.9258643,-0.58353895,1.219985,2.6260684,0.8945721,2.8587532,2.5272324,0.8356709,0.91639787,1.0672458,1.8038113,2.8288605,surprised
-512.9418,57.49801,-3.9760869,18.791986,-0.60288084,14.378424,-0.26124153,10.177639,-1.9059134,0.8574769,-0.8192797,2.689861,3.5348053,0.5212729,-0.24528548,4.722616,-0.72563636,1.268548,1.2067578,0.92665726,1.2706571,1.7106794,1.2132008,-1.3515927,-0.58721906,4.249521,1.1173937,3.8996034,2.7439315,4.6488147,4.9039617,4.214415,2.6376016,4.4122505,3.5469804,3.1454766,0.5036384,1.4000742,2.0147989,2.525113,surprised
-515.85266,56.727833,-8.098579,12.123942,-4.2043214,9.3986435,-1.9383173,5.081443,-8.906868,-4.5668106,-4.6470785,-0.8461581,1.6779917,-5.502321,-3.1229599,1.7417116,-4.592581,-2.643817,-0.10088255,-4.571688,-5.725935,-0.1675775,-2.3217602,-2.5607164,-0.46020666,2.3716094,1.3441528,3.9889297,3.634848,3.4400687,2.4747505,3.702716,1.6372696,2.8923833,3.8865747,2.1663864,1.4447495,3.0662653,2.5182757,3.7273812,happy
-641.5297,74.17926,8.002381,15.411942,6.4672737,17.76356,1.5485222,10.5528555,-3.2682915,-3.2038882,-1.5190881,1.9887309,1.7072095,-2.5992212,1.487547,3.3288476,-0.7863865,-0.096347086,1.877744,-1.5499352,-0.34617877,-1.1169968,-2.7329948,0.30906475,-1.8651063,-0.37368125,-1.0697527,-2.1597013,-1.0945381,-0.5837374,-1.1875098,-0.75136113,-1.170478,-1.6862265,-2.632648,-2.877362,-1.3319983,-0.42932767,-0.32677525,1.7995677,happy
-709.39166,86.02695,15.198169,24.7604,13.202328,19.772923,1.740044,14.4118,4.3517313,-0.7054214,3.7642865,1.9561733,2.7746258,-1.5046766,4.1855893,4.043787,0.48105806,1.915479,2.4196408,-1.0641347,1.1709868,0.20470099,0.13672769,3.312063,-1.4624165,0.2006365,-0.46090364,-1.042416,0.5082175,-0.29792845,0.26468778,0.5717065,-0.6566331,-1.193492,-0.99154526,-1.550972,-0.883678,-0.81301516,-0.6761979,0.2711858,calm
-673.39343,87.84526,9.991494,19.313725,8.371387,19.045908,-0.23117816,13.769769,3.5123284,-5.3317857,-2.362656,3.7277365,1.3713242,-3.3210297,3.2316854,4.6835175,0.23985936,-0.16823153,2.659167,-0.89002985,0.34728938,-2.0029051,-1.0564275,2.2877946,-1.7427001,0.05030563,-1.17183,-0.075019255,0.12856494,-1.3174115,0.30761304,-0.11659501,-1.1453371,-0.5832618,-1.956146,-1.9526544,-0.30525616,-0.19719987,-1.2170547,0.5813426,neutral
-660.83704,83.39389,12.946616,22.48402,5.933495,19.834606,0.17620194,13.600431,0.56890905,-6.441652,0.06889395,4.8160634,2.0279253,-4.578931,3.4065452,3.1716332,-1.198687,-0.15607664,1.5253627,-0.31085002,0.8801689,-0.9094402,-1.0756884,1.1984003,-2.3189719,0.99332494,0.39543635,-1.5107816,-1.0425613,-1.0978833,-1.1051071,-0.38279665,-1.292781,-0.22062895,-1.5411876,-2.7022486,-1.7200233,-1.5393085,-0.7327305,0.5906481,calm
-646.2055,73.355644,3.299726,18.931334,7.5603275,20.09817,-1.6858193,12.995597,-0.577223,-5.228535,1.2588869,4.2221165,0.18405537,-3.2389452,3.6642435,6.1449046,-1.5301156,1.6534933,2.7245564,-0.6137848,1.3870434,-0.062874205,1.311094,0.5634728,-2.686076,1.388146,-1.5888499,-0.89154303,-0.5127181,-0.13562512,0.17383644,-0.8844782,-0.299304,2.5237014,0.5822976,-1.8588274,-0.7456007,-0.648951,0.15849392,1.238057,angry
-540.14777,81.833206,-4.0941396,9.9690275,5.014129,18.847385,1.5512881,9.593007,-2.8817391,-8.523481,-4.4592175,6.2342257,7.370699,-2.3697455,3.2363675,8.523926,1.4043581,0.45281616,6.0655937,4.0049806,1.8283203,3.196466,1.3331989,2.715807,1.6055075,2.428484,2.3972542,1.6616691,2.2970154,2.0061386,2.168419,3.1353664,1.6932288,4.129691,2.8245356,-0.96079403,-0.07319274,-0.011092083,-0.027706193,2.1066358,fearful
-422.79163,43.14863,-5.195187,9.439736,1.8519696,9.908108,-0.035047773,6.4778595,-1.386283,-0.7489487,-1.0186477,1.30181,2.437946,-0.34236524,-1.8013911,2.1726246,-0.67723846,-0.48361364,2.0467777,2.4244146,0.0786474,2.53554,3.1314883,0.82809305,0.748351,3.6611981,3.3744857,4.4458776,5.023226,5.7031727,4.621738,4.9124026,3.065368,3.2214751,4.457483,4.4817505,4.0935903,4.05635,3.0843396,4.528746,fearful
-422.5755,60.301495,-14.126132,4.6262007,4.56062,9.893972,-9.930542,3.514606,0.023560874,-5.9694943,-5.5368867,3.364352,0.08017529,-5.680411,0.49625668,4.0136156,-4.369405,-2.971626,-0.5932597,-1.4862189,-2.9242368,0.48835993,-1.0274979,-1.8667167,-2.905023,-0.27382544,-1.1732584,-0.1420269,-0.76568884,1.1893402,1.6175712,1.3917301,0.24425496,1.4117329,1.2650814,0.26845783,-0.22248079,-0.08814676,-0.42070025,2.6521935,angry
-636.09564,67.20168,10.979697,17.199385,9.100975,14.1577635,1.7865015,7.292507,2.5620098,0.6021756,-0.4072044,2.7944624,1.8853923,-1.7048638,2.26617,3.826092,2.0743947,1.2069211,1.1249212,0.5434853,1.4370742,0.03565979,0.7355637,1.5547274,-0.5418,0.33816698,-0.35058296,0.32468778,-0.3011057,-0.19952449,0.79054224,0.5157045,-0.32438883,0.43502703,0.03226743,-0.2463921,0.21654747,0.28928512,0.7606238,0.4314657,disgust
-642.42456,83.98038,2.9511878,9.865699,6.368343,16.989672,-1.068586,12.48921,0.8636477,-7.029082,-3.3499632,3.1815412,5.8934464,-0.117050566,2.9137228,5.104608,0.6845664,0.27882066,1.2708185,1.2944993,2.530816,-1.0361873,-0.75580204,0.6824842,-3.5398242,1.1316332,0.18009387,-0.42845133,0.6786716,0.45188907,1.348207,0.9489408,0.34551865,0.9426374,-0.06871572,-3.323499,-1.611557,-1.0935767,-1.0810367,0.7126838,sad
-567.8256,79.936226,-9.501813,7.21849,8.373774,13.064044,1.0359279,7.7454247,-4.975836,-10.560631,-4.5134993,4.494121,6.301492,-2.3947647,0.8529011,7.504877,0.39130297,0.6662143,5.9298143,3.3625998,0.16621535,-0.7270809,-0.0003934781,1.5204414,-2.0299432,1.4797231,1.0988262,-0.8699953,1.5866331,2.4737172,1.8753124,1.0697391,1.0981855,1.7343519,-0.14578193,-1.3041972,-0.7143435,-0.19734845,-0.60659504,1.3077765,sad
-571.3126,53.150227,4.0400653,19.802494,-0.103132956,12.582775,1.2421591,5.41304,-4.2092156,-3.9590845,-2.3811824,4.072732,1.2125518,-4.6742373,1.2979391,2.242735,-2.4743488,0.8872758,-0.553935,-1.1612667,-1.007047,-2.4326375,-0.77088314,0.29146588,-4.5805416,-0.75478977,-0.3744446,-1.5961188,-1.0456393,0.46412715,0.9284243,2.4526882,2.9438589,2.8711057,2.1340175,1.8019059,2.0524473,1.891625,1.131006,1.5113573,disgust
-493.30597,48.234047,-3.0278733,18.852697,-3.5901349,9.721631,-2.724357,6.184735,-1.8787808,2.7971716,-3.59669,0.31369644,1.5809422,-1.3261839,-3.2018933,1.7132206,-2.9253864,-0.9771679,-1.7647431,-1.430924,-3.182118,-0.29260847,0.8465686,-0.007076539,-3.1693504,2.4541767,0.7610882,3.072495,1.4947927,4.134027,3.20781,5.217005,2.4663966,4.196975,2.852407,2.6072505,2.3903456,2.059937,1.3535986,3.4184551,surprised
-589.16644,59.493687,1.7782867,19.554316,2.7799108,13.095905,0.5466239,10.840823,0.38527477,0.8171384,0.07831929,2.7658968,2.8743663,-0.08466185,1.4420455,4.435477,-1.485301,1.0570583,2.3713784,-1.45048,-1.1506814,1.4441887,0.47441527,-0.3037471,-0.725355,2.1478794,1.0541712,2.8677807,2.3039684,3.4871845,4.542369,4.517777,2.9313056,3.8542154,3.380688,1.7402834,1.2279415,1.8111805,1.1106818,2.0335894,surprised
-556.95404,71.95226,1.2052543,10.434266,4.6651554,15.885624,1.3344153,9.597683,-1.6189458,-4.175506,-3.6598272,4.7008853,6.027417,-1.1805338,1.6460469,6.105867,1.2602633,0.90284324,4.531235,2.3849363,1.1980069,1.7134995,-0.079068355,2.3056529,0.030128641,0.9042979,0.6810745,-0.04510294,0.34359694,1.270203,1.2635634,1.9495375,1.0487864,2.570757,0.14774534,-0.9387294,-0.20021373,-0.6056173,-0.65009207,1.0559481,fearful
-666.83655,62.53264,8.672487,14.674374,7.4401984,18.991274,0.8307834,10.232109,1.0199387,1.6990038,2.7893558,2.9665864,3.1194386,-0.1895428,4.8778625,4.6375575,1.026854,1.3557501,0.6506957,0.19617794,1.547243,0.25339338,1.0813882,1.4836084,-1.375569,1.6884179,-0.7358111,-1.0441133,-0.5773626,0.053503588,0.6762385,0.8533099,-0.26810947,0.86715907,0.96606,-1.0960181,-0.8394339,-0.35194674,-1.0888996,0.7322966,angry
-490.47467,64.4473,-8.425392,7.454643,2.263212,12.092965,-7.8334875,3.8843138,2.202237,-3.3854504,-7.722025,1.6041385,-0.5294237,-5.1168146,0.111762665,3.8654215,-3.181508,-1.4399024,2.186065,-1.0129693,-2.2610772,0.4230814,-1.2374371,-0.22966763,-3.233562,-1.2038802,-0.7816624,-0.61503154,-2.6439903,-1.0679686,-1.370395,-0.044770427,-1.4696699,-0.277975,-0.7461742,-2.5459993,-2.5335193,-0.9057708,-0.80367136,1.5210558,angry
-453.83295,48.729855,-13.127641,11.758018,-2.6004689,12.874213,-1.1050093,5.679937,-3.917078,0.365301,-3.638521,-0.012160916,3.4523146,0.27668983,-2.2397568,5.3293805,-0.4317383,0.1465254,3.0353627,1.3249943,-0.8031755,3.8514724,3.7605388,2.0562477,3.350117,5.7321362,3.4527032,3.5015326,3.5059595,2.791612,1.2934303,2.837814,2.5771875,3.5261288,2.2069728,1.6703211,0.86638033,2.9685655,3.147987,4.1389694,fearful
-619.4054,79.0075,1.6332839,11.618473,7.1582646,12.513793,-0.32096872,10.744377,1.4103384,-4.421927,-3.671672,3.2392871,2.9670463,-2.4409213,2.5402362,4.839163,-0.79314303,-0.7184952,1.9216453,0.01643805,2.4284024,-0.35966498,-0.3178695,1.2302933,-3.8672442,0.016344601,0.16280134,-0.1462591,0.5755385,0.0069523198,0.2375896,1.0404819,0.78868455,1.777583,0.27872592,-1.8774782,-0.7124752,-1.2489066,-1.0199448,-0.12855259,sad
-597.3475,56.524155,5.925285,13.780147,6.56141,13.157757,0.6349408,7.92542,-0.16414003,-2.9352632,-1.0996436,4.086784,1.0565528,-3.7584217,1.8231835,3.403188,-0.4065156,-0.16009234,0.5833115,0.3080283,-0.44766936,-0.17408843,0.46626824,1.1087487,-1.9122081,-0.38972497,-1.188819,-1.4972749,-0.995892,-0.9802163,0.16853604,0.3329472,-0.29525465,0.2647104,-0.042016122,-0.4531833,-0.80110043,-1.0318244,-0.62989455,-0.38282955,disgust
-558.987,49.686333,2.841834,15.870419,-0.08680405,11.420198,-0.649173,3.5608206,-3.346536,0.1667536,-1.3757257,3.2831507,-0.4619405,-3.3749032,3.107512,1.5357661,-0.5416265,1.5456669,-0.010137746,-1.1478294,-0.9502512,-0.027833344,0.053027228,1.6694605,-1.5688467,0.9512549,1.3256283,0.42791697,1.6577843,2.637425,0.9629908,2.683723,2.2106004,1.6683195,2.4564738,1.4586626,0.79432565,1.760669,1.2293496,1.3233142,disgust
-577.9633,70.663345,-2.5742643,6.9706955,7.660141,13.906532,-1.6833075,5.9375987,-0.46321183,-6.8856444,-3.4720109,4.343265,3.6978996,-2.2582269,1.6520396,4.7613616,-0.013260765,1.132916,3.5199933,0.13360657,0.20272958,0.5357488,0.16668268,1.857232,-0.2255634,1.8530185,0.40561166,-1.4711646,0.4693064,0.99237955,0.9064117,0.9717478,1.1850007,1.1106578,0.136753,-0.93871826,0.47187078,0.12703434,-0.50366193,1.4316082,sad
-530.76056,51.74447,-2.1483088,18.807043,2.5472798,11.871601,-1.7101746,9.572876,0.13549143,3.8861039,-0.86139727,2.4640632,1.0169806,0.9807254,-2.6207256,1.9480536,-1.7247361,0.92308635,1.1266729,0.40685135,-0.9770228,0.3110222,-0.06084957,0.5009472,-1.8183908,3.0955832,0.67453396,2.6300707,1.5136815,2.1848426,2.1212811,3.543923,1.0929735,3.855784,4.0686913,4.2070127,2.949466,2.209082,2.252636,3.8986065,surprised
-587.17395,58.460247,-3.697118,21.5881,-1.436186,11.08635,1.1631914,9.0602665,-4.816523,-4.2262697,-3.6644094,1.4948051,0.17882751,-4.507521,-3.1014464,0.89546114,-3.1739028,-2.5765855,-1.0304481,-3.8246922,-1.8266941,-1.5082612,-0.6029746,-1.0546302,-2.5199885,1.5511792,0.09449198,1.9969212,0.46729037,1.4283822,2.2230713,1.914146,0.8892422,3.066131,2.4288204,0.91230756,0.795247,0.38524914,-0.015699362,1.8191912,surprised
-445.4754,48.17188,-4.655594,8.833798,-2.4233584,8.435753,-3.0164437,4.7376313,-4.696232,-3.5699663,-3.6737742,-1.4297276,0.7217305,-3.4369442,-1.9576007,0.016269693,-4.215638,-2.30513,-0.555102,-1.7539437,-2.3590903,0.91311073,0.4500723,0.06533053,0.58747715,2.637361,1.5197154,1.9941167,3.2128665,4.6706777,3.6009588,3.8655663,2.055616,2.3755531,2.6952403,1.8019862,2.5686314,2.9062479,2.215613,3.6563723,happy
-585.7344,84.36565,-3.3986714,14.567394,3.9982786,13.606423,-0.5308674,11.342729,-8.24021,-10.847898,-2.368055,1.4873148,2.5614328,-4.3578644,-0.43005216,6.0389967,-1.1935353,-1.9461409,1.3282987,-0.849384,1.1571268,-0.3992555,-1.3290066,-0.08694909,-0.76021945,-0.6177289,-2.0055444,-0.5438204,-0.22917037,0.5251233,0.14316306,1.3667977,-2.0086126,-1.0842289,-1.1242113,-3.5377388,-2.252493,-1.814666,-0.46869963,1.2437001,happy
-667.7769,81.94179,9.003327,29.615875,10.886153,24.02875,2.306232,11.649955,-0.74378747,-4.4765778,2.6001854,3.9252093,1.8258897,-5.305608,4.054132,5.127311,-3.220733,0.9118979,0.75063926,-2.368661,0.46553904,-1.2893393,-0.95382965,2.507928,-1.1219358,-0.36943015,-0.4955566,-1.233195,-0.22349086,-0.3661203,-0.27118182,-0.7694636,-2.0336096,-1.0598704,-1.6630652,-2.9240756,-0.64388,-1.1702193,-1.2449478,0.7073751,calm
-683.7291,76.50976,10.311881,15.088934,8.491928,17.289288,2.615012,10.975221,0.85034627,-1.7845168,0.4972922,2.3279526,3.0557933,-2.168287,3.7693732,4.362568,1.8326715,-0.24928659,0.9820809,-0.24279498,0.8008614,-0.76681113,-0.1966913,3.3750105,-2.0725439,0.72534394,-0.052241016,-1.6536124,-0.1305618,-0.17065763,-0.43727785,-0.6024783,-1.1603796,-1.1024778,-1.7722155,-1.7394407,0.1651702,-0.39594305,-0.73648083,-0.21974744,calm
-683.55316,82.000626,9.359661,16.47619,10.891834,18.308075,0.69569117,11.572233,4.945676,-2.7274406,0.39557293,2.711864,3.746651,-1.5305734,2.876089,4.9994817,1.2846885,1.0140263,1.401113,-0.29230663,0.29615426,-1.5081421,-0.091401495,2.4156585,-1.2811617,0.5125537,-0.26697087,-0.5158405,0.58630943,-0.12019244,0.44822428,-0.5536362,-0.21872036,0.9020873,-1.2776827,-1.3566998,0.014018444,0.21616493,-0.5184635,0.19418143,neutral
-481.32968,45.330578,-25.77842,-1.0444739,-6.865455,-1.4418141,-16.789759,-3.2724986,-14.649794,-11.086796,-3.743202,-4.3522882,-9.171733,-6.9135413,-12.1333065,-0.11269564,-1.2371606,-2.2929819,-1.6778117,2.6603088,2.3601332,2.0078447,5.3120365,2.893063,2.727271,3.4239132,1.0450052,2.3638594,-1.6088852,0.67265856,-1.1834253,-0.3286041,-0.6217219,-1.0667187,0.58334386,-0.44609028,-1.4248564,0.30193916,-0.95934707,0.60570323,happy
-631.01654,62.360756,-19.46983,2.6381454,-0.88691,0.57516956,-14.138813,-0.2457654,-8.771269,-11.777573,-4.838445,-2.59896,-6.5377617,-4.694499,-9.026266,-2.219735,-2.4645185,-5.228889,-4.5807667,-1.62054,-0.6230215,-1.3139602,1.1922933,1.1650834,0.8191362,0.29209974,2.3105202,1.5885212,-0.69919753,2.365985,-0.4829876,-0.6844881,1.0603876,1.0867503,1.4226158,0.78337944,-0.29707024,-0.63381267,-0.11770577,1.6602997,happy
-695.99194,73.905,-10.055801,7.9084697,-6.483528,0.5934054,-8.80184,-1.3699085,-12.135429,-8.555506,-6.1151285,-4.8645525,-2.0286148,-7.5299973,-9.094297,-2.3658419,-4.0754576,-4.9744496,-4.8194284,-4.0614643,-2.8915865,-4.6580925,-4.037629,-0.23424524,-5.4384418,-2.6303823,-1.1714479,-3.5657642,-1.3875343,0.37474278,-0.17478277,0.7731474,1.2469006,0.23094362,1.4983902,3.6462684,4.4875145,6.102033,5.7457113,7.1555934,calm
-757.0034,64.36532,-3.9091034,9.784699,-5.9172654,3.065989,-9.173676,0.69907105,-11.8528185,-7.5447917,-6.88173,-4.3182592,-4.1394057,-5.3571086,-7.7688365,-3.1697521,-1.4712954,-6.584291,-5.3574514,-4.853174,-2.2666757,-4.623956,-5.7547774,-1.2733266,-2.9620776,-2.1813366,-1.8932657,-3.129412,-3.4085634,-2.104763,-1.8317264,-2.304078,-1.143145,-0.7492955,-0.17395522,-1.2133076,1.4712583,-0.353204,0.6330773,1.87426,neutral
-680.5748,71.79892,-4.8794627,10.461559,-3.7088153,1.5598105,-9.661984,1.6067384,-13.271084,-6.7645698,-7.330808,-3.653246,-2.5148885,-4.9103866,-6.209424,-0.5235063,-3.5047002,-4.313546,-4.0711823,-3.0465658,-3.377483,-5.343433,-5.347186,-0.28677982,-6.31455,-3.9740655,-4.0821214,-4.8517785,-2.210469,0.45299292,1.4076867,2.2433734,3.296909,2.0195856,1.8842173,1.9120234,2.6143348,4.2362194,4.3901534,7.8992887,calm
-581.2424,45.47343,-13.178677,4.51052,-7.382491,-1.8964874,-13.71788,-0.9018184,-11.908792,-10.635848,-6.4171195,-4.595913,-6.1112204,-2.7184975,-10.6340275,-2.7563963,-4.821651,-5.624801,-2.9891107,1.4618365,0.2706106,1.4550234,0.12773517,1.0588739,-1.0850457,-1.4848328,0.088579796,2.2915924,1.6108861,3.550755,0.99121976,0.6015799,-1.303179,1.144356,0.78975993,-0.4282989,-1.8211528,-0.46794203,1.114119,2.8207383,angry
-578.8705,45.90098,-12.976329,3.7696311,-7.4357605,0.3107066,-11.26998,-0.6254528,-9.921249,-11.898969,-7.7918725,-3.5014262,-6.5017447,-5.613239,-8.670616,-3.681478,-2.424283,-4.5239925,-5.328402,-2.9326756,-1.6816971,-2.2294424,1.1586328,4.8619723,5.888947,8.132829,6.517888,4.3358083,1.5904111,2.224232,1.4548484,2.4796247,0.2543093,-0.09456606,-1.286865,-1.9303911,-1.2405548,0.4536943,-0.82042897,-0.6173365,fearful
-466.4921,36.0915,-21.330093,1.4909931,-10.0976,-2.3705316,-11.139613,0.04056864,-9.778443,-10.375284,-7.6365724,-4.51074,-6.151885,-1.3295497,-0.9409555,7.4168673,10.886752,7.8064065,2.599726,0.3840786,-1.475938,-0.7509755,3.0655532,2.2470527,-0.075376704,-0.25090235,-1.854936,-0.6427073,-1.460841,0.67030925,0.5813433,1.992004,-0.24024355,-0.19854483,1.6939694,-1.0237023,-1.9418523,-0.2702155,-0.38508102,0.21343343,fearful
-434.078,36.961742,-23.049946,3.0066397,-9.176474,-5.6538963,-12.089823,4.5838404,-11.562513,-8.591844,-2.254698,-5.7823358,-5.214154,-1.1688265,-7.763672,2.497697,1.5485302,0.5869227,0.89346385,3.890876,1.5601172,0.93113685,2.8326476,0.5045478,-0.6477134,2.9874344,3.4593298,4.4459066,2.3082852,0.68290323,-1.767374,0.43818286,-0.75932795,0.042705286,0.20808178,-0.043651603,-0.6661283,0.27002954,0.1451427,0.75545335,angry
-628.2414,59.146286,-3.4290037,7.1251993,-4.9693146,2.9737241,-8.271731,1.3791872,-6.1414022,-5.632515,-8.136983,-2.4559798,-3.0034993,-4.0712905,-6.867607,-1.0879472,-0.29550263,-5.295255,-4.810289,-2.1828144,-2.7204947,-2.0161197,-3.9688451,-2.2836447,-1.6739941,-1.8905907,-1.2473272,1.0053924,-1.8775709,-0.5661089,0.5975484,-0.6831784,0.678457,1.036837,0.15922104,0.8544955,0.54794264,1.5663928,0.506133,2.22073,disgust
-620.8028,50.96894,-11.089163,6.0510063,-6.11395,0.41843495,-11.886858,0.075231835,-9.171984,-11.411818,-5.850648,-3.6563659,-5.542134,-3.0185628,-9.799433,-3.410128,0.08790736,-4.4058676,-5.0793977,-0.024168873,0.91521883,-0.5484241,2.5329347,1.0188818,0.64410436,1.6985089,1.1928673,2.6892395,2.257586,3.0133023,1.6200358,0.45451173,-2.1499617,-1.5217698,0.8995079,2.0334618,0.56125736,0.7897215,-1.3639389,0.95634365,sad
-506.00177,37.360924,-30.697752,1.15774,-10.724965,-0.73509955,-21.256824,-4.7944293,-11.756956,-14.0519285,-5.895701,-6.4499445,-8.037617,-4.609818,-6.474738,3.9030273,7.434173,7.7287335,7.4629483,7.6722116,4.2813787,-1.7977325,-0.29281977,0.32849124,-1.5575473,-0.5032996,-2.44719,-0.75946873,-1.4322474,0.8335633,0.760013,0.07575965,-0.39668998,2.2728286,3.1075163,1.5152029,-2.9754655,-2.3113432,0.55826944,0.54075134,sad
-576.42413,47.466667,-10.136213,3.4668012,-8.102889,1.302573,-12.188064,-3.6243463,-11.2244005,-13.746991,-9.409172,-3.2289066,-5.5875363,-7.4373035,-9.001655,-1.3522694,-2.0886695,-7.446861,-6.358498,-1.4450598,-4.4544473,-5.903499,-4.067604,-4.641455,-5.2152185,-3.7139707,-2.2963352,-1.2277006,1.9379175,6.4848294,5.4960303,6.07583,6.05155,3.6258519,2.4648638,1.6489681,0.42369193,2.0487955,0.79680437,1.0155892,disgust
-525.2512,43.674725,-15.526361,1.909097,-9.618099,-1.7924358,-14.234855,-2.737251,-12.660791,-9.056192,-3.7469482,-2.8855848,-6.650779,-1.8547118,-5.253193,1.3852761,0.15230696,-1.7873024,-1.0936624,1.7344937,-0.12979741,0.1727662,3.8415105,2.966853,0.70859814,2.7011113,0.66054606,1.5495534,1.0141864,2.2600045,-0.5388865,0.8477087,-0.3375894,0.092930496,1.1463538,0.15552504,-1.7897283,1.243462,0.20502687,0.85897386,surprised
-632.1482,55.13037,-11.448425,2.8375678,-4.1562977,-0.5629724,-12.387323,-0.9419133,-9.6177,-9.696001,-5.886963,-4.1076927,-5.824546,-4.9936547,-8.737031,-2.5483494,-1.9394096,-5.1461244,-4.3606515,-2.0181282,-2.2014942,-2.8342476,-1.5113919,-0.10650916,-0.16264483,1.6330365,2.3741193,0.7741783,0.75430375,1.1565994,-1.3391863,-0.6562686,-0.40240532,-0.9777272,0.07298761,-0.1076883,-1.077941,-0.65368074,-0.3256874,2.250681,surprised
-589.78467,48.458622,-17.03529,3.6782796,-7.4377565,-0.8823831,-10.65313,0.33379284,-10.826944,-13.163971,-6.807017,-2.859561,-5.5852356,-5.572129,-7.976415,-2.1098118,-0.7967201,-3.795051,-3.9776726,-2.1139102,-1.6495044,-2.639526,1.0952504,3.971775,3.2299156,5.341532,3.7027152,2.244259,0.5104458,1.3471099,0.54399407,1.8232611,1.1210928,0.6850128,0.18214121,-0.9840695,-1.9959795,-0.8244827,-1.0318531,0.42708823,fearful
-561.96045,47.473927,-13.251722,4.4711328,-4.5030093,-4.604955,-10.232055,0.18582307,-8.084241,-9.680565,-3.9618137,-3.303894,-4.0507374,-2.8401468,-7.450097,-0.03670786,-0.23244427,-3.4330747,-2.61346,0.21222024,-1.5203727,-2.967043,-1.7684134,0.59786934,-0.7847822,-0.23429374,-0.36214867,0.008944675,-0.9581227,1.0909345,-0.03329639,0.1172372,0.019858727,1.3600143,3.2432902,1.4064947,0.3077098,-0.4536929,0.3496148,1.8704054,angry
-477.797,31.894796,-23.476091,2.0521407,-16.8929,-7.158306,-16.534233,2.093184,-16.666027,-9.390957,-4.582633,-6.7980185,-5.869929,-0.9892359,-7.952144,1.7052824,-1.7373593,-3.360427,-1.3351607,0.7774782,-2.5555654,1.6949996,2.0530837,0.602282,2.1128516,3.2988343,1.906395,5.4437704,3.0205095,1.1937859,-0.35861555,0.6502485,-2.154863,-0.66987586,0.80597484,0.19968644,-1.0953037,-0.31008843,-0.28205487,0.85705686,angry
-456.83792,35.915585,-20.03597,0.960247,-14.24059,-4.8589487,-13.391955,-2.4712825,-13.753418,-9.989329,-6.6431155,-5.802396,-7.1988344,-5.0531583,-5.6342187,4.738227,6.001571,2.9908545,0.63569033,5.4374843,1.4737246,1.2818221,3.5918453,1.9042658,0.02649937,1.0220785,0.67456985,0.38594836,-0.079734445,0.5123571,-0.66719675,1.1500719,-1.6039501,-1.1944544,-0.41784495,-0.13524495,-1.1991653,-1.5653943,-1.7808421,0.2824188,fearful
-620.6483,51.693184,-13.691478,9.1694145,-7.7159405,3.306073,-16.740507,-0.47793272,-10.380009,-12.447655,-6.012227,-6.0219464,-7.287868,-4.400037,-9.577849,-3.1064794,-1.6154534,-4.852478,-6.777629,-1.1973183,-2.4446268,-3.5547805,1.4572489,2.2112257,4.9749804,5.303665,2.9943593,3.1601124,-0.5896027,1.1118987,0.061848078,-0.24129248,0.47557706,1.3062817,1.2923092,0.91661453,-2.4509537,-0.57036656,-1.1892167,-0.021794723,sad
-582.59906,40.56071,-6.2352,4.637279,-4.030807,6.2687993,-11.810603,-0.6322429,-7.7551455,-6.4656096,-2.3125734,-0.83323467,-4.880712,-2.337863,-4.970554,0.7536521,-2.0265923,-3.1460054,-1.8894826,2.176926,0.8227047,-0.34308288,-0.090683796,-0.686762,-1.2547464,1.6754084,3.270136,4.58459,7.0141416,8.721925,4.179973,5.009441,2.7874184,0.13742065,0.91632825,0.89131004,1.2854872,3.195866,1.8895115,1.8221478,disgust
-554.0527,47.178516,-11.127878,6.6757336,-6.217259,-0.6855662,-8.440434,-1.3440254,-6.8095775,-7.748882,-8.001545,-3.0150523,-5.004113,-3.0938723,-6.4293756,-2.5742905,-2.1606083,-5.4676266,-5.501122,-3.7064207,-4.190306,-4.9078636,-3.7993815,-3.3646636,-4.775624,-2.5221877,-2.4898157,-0.28802708,1.1671712,4.129504,5.138126,4.291222,4.8726444,4.227341,1.2487147,2.0026655,1.9812645,2.5486245,1.4183984,1.1197523,disgust
-565.69745,46.103344,-24.922594,1.4601387,-7.869357,-0.33926648,-17.838968,-4.996021,-11.284071,-13.911072,-5.6381307,-1.6299548,-6.687959,-2.2483728,-6.1573553,1.2278501,5.1272926,4.7135053,3.9930084,3.554556,3.6989067,1.0570365,3.4298322,3.6041985,-0.20725982,1.1601362,-2.7317238,0.5812069,-0.7913202,-0.008713299,-0.5193506,-1.8135817,-0.73975354,0.06864431,0.90551907,0.046470575,-2.2054174,-1.953872,1.1117046,-0.32432526,sad
-521.4643,40.111767,-17.088331,-0.1545688,-9.875235,-3.5395157,-14.183048,-2.2638743,-13.793418,-12.599933,-2.83697,-1.6027918,-3.774725,-1.1861937,-3.5988224,2.0984137,-0.5687649,-4.141024,-4.2229767,-0.24721634,-1.4947937,-1.0060863,1.3744675,1.5819755,-0.053808298,1.5493702,2.5624206,2.1435828,2.8337576,2.9076757,-0.06713371,0.20947653,-1.3970332,-0.1642337,-0.17263457,-0.8847453,0.72464335,1.7552407,0.010061531,0.18578732,surprised
-584.8598,51.7918,-13.968862,2.5804303,-10.106236,-2.373729,-14.875517,-0.8849597,-12.832587,-12.883437,-5.811565,-2.6960545,-8.05152,-5.8767943,-10.830484,-2.4395506,-0.57469165,-4.2522674,-1.0609132,0.85470045,-2.97698,-2.7263198,0.16526185,-0.8059664,-0.95124114,1.2977811,0.03346999,-0.009177949,1.6152629,2.0321877,1.2924788,1.8749335,0.755128,0.68222225,1.442805,1.0186687,-0.75690025,1.3247927,0.14794292,0.45856038,surprised
-523.0175,56.362156,-22.981997,0.31011188,-4.1651754,1.451715,-12.951427,0.7304485,-10.074691,-12.044542,-4.1414313,-0.47184598,-3.4934146,-5.1086717,-8.647648,2.9083073,1.82344,2.055942,1.4756793,-1.552489,-1.7237163,-2.9028535,1.3479754,3.7406569,2.3780496,2.1231802,1.3519133,3.346565,1.9527595,5.308648,2.1552045,1.3329563,0.793206,1.4551538,3.509221,1.1415626,0.40332142,0.95241797,-0.035215877,0.43450752,happy
-640.97064,62.684853,-11.8653755,6.167562,1.3207414,1.7006408,-11.425717,2.181516,-7.7793756,-8.224621,-4.452932,-4.7077317,-4.423876,-3.3163564,-7.8861117,-1.4336005,-3.668858,-4.1152062,-4.7173085,-4.363623,-4.5152497,-3.6990154,-5.219903,-2.2376182,-2.2166631,-2.7681196,-1.7507901,-0.1830025,0.11996469,0.87749094,0.50089717,1.2910163,-0.04140266,0.612038,1.309492,0.024908258,-0.31991395,1.3991532,-0.07143954,2.5553133,happy
-689.02014,66.76832,-6.4653983,9.377973,-6.648954,0.021087244,-9.140353,-4.015862,-14.316765,-7.523605,-7.248642,-3.390996,-6.410165,-7.750773,-10.105426,-0.6066375,-6.467151,-7.163679,-4.896397,-3.0396042,-5.192288,-6.8779016,-5.8111744,-1.9783018,-7.268288,-4.390666,-4.923665,-4.127987,-3.5161932,-2.7103796,-4.689472,-2.0051281,-1.0245442,-1.6838526,2.9194794,2.4626284,3.7667768,4.4806676,4.624168,4.204729,calm
-698.5949,80.241234,-13.513395,3.7782686,-2.8895528,1.040688,-10.542679,-1.1410148,-12.096688,-7.650936,-6.0217,-2.9276996,-3.198227,-5.050128,-9.556116,-0.5475447,-2.0346005,-4.6968036,-4.274419,-2.8659048,-4.608016,-2.518427,-5.8941193,0.09665247,-2.13073,-1.7476237,0.7315012,-1.4381953,-0.6702627,-0.93279666,-1.836878,-0.3023834,-1.0349925,1.047312,1.9809108,2.3312242,1.3697412,2.3151271,1.2017841,6.667791,calm
-718.60034,60.42958,-7.504327,8.469443,0.09844026,2.2735035,-9.096851,1.3273765,-10.595312,-6.9613595,-5.2387695,-2.8739557,-2.8553786,-4.142363,-6.933729,-1.9262882,-0.86936617,-4.5296607,-4.381308,-2.5403636,-1.0889002,-1.5199327,-1.2766031,3.3335378,-0.29854047,-0.3462294,-0.92614335,-4.566334,-3.3971865,-1.61028,-1.2172855,-0.7751093,0.27751938,1.1258718,1.6020477,1.7334543,1.4140232,-0.3855004,-0.5261886,-1.0240494,neutral
-552.21106,44.343517,-10.9074745,3.767647,-11.894563,-1.5275773,-12.239072,-3.3832266,-13.124718,-11.654501,-9.218627,-2.8394175,-7.546491,-6.5063224,-9.6051445,-1.0633038,-6.8261704,-7.4371767,-6.6120763,-1.6252844,-3.8134396,-3.287848,0.40276736,3.1319916,1.8027009,3.3815053,2.0808897,1.2336004,1.6777774,3.5107515,0.47871402,0.32101622,-0.71219546,-2.267247,0.9785913,2.1003954,0.9579986,1.379431,-0.78033316,-0.2932781,disgust
-479.5994,31.606533,-34.470085,-2.6496248,-14.19438,-5.0190835,-21.579617,-9.044331,-14.256279,-16.10836,-5.293347,-4.50399,-6.3209643,-0.47608766,0.7025738,9.987548,13.868305,6.43657,0.3575612,0.048662435,-3.1748185,-5.049564,0.3860863,1.6324174,-2.6089776,-1.805858,-3.9568658,0.6998874,1.638308,1.7697992,0.92139006,0.30336773,1.7933424,-0.34629416,-2.1240058,-1.9232596,-2.293808,0.72226816,0.99902904,-2.742231,sad
-714.926,58.920162,-2.2613804,10.7485695,0.0639969,4.0580535,-10.326863,3.746149,-9.372711,-5.7699003,-7.4116015,-5.204499,-3.6649158,-3.784435,-7.8740907,-3.3733952,-1.7017778,-3.694085,-3.9224281,-4.60313,-1.9936184,-2.2959838,-3.616827,-1.4632823,-2.5776742,-1.4213823,-0.9695251,-2.5948637,-1.9437293,-0.8398898,-0.38223493,-1.257123,-0.20059872,-0.3432478,1.4594923,1.6927751,2.5525007,2.2043128,1.5340887,2.4904268,sad
-623.5349,62.788006,-7.8990617,6.872773,-4.4656453,0.65491897,-9.66731,-4.9473457,-10.507125,-8.483741,-7.2640796,-1.1004088,-4.9298115,-6.114228,-6.337616,-1.2200421,-1.8272521,-3.3107033,-3.4660609,0.16538577,-2.121113,-3.2138703,-4.0037546,-3.0516255,-1.999428,0.23548189,1.5297736,3.5056105,2.1189365,4.1016293,2.4846392,1.9107934,0.25891775,-0.94285816,0.9395904,1.5744059,1.8512564,1.7235304,0.22499639,0.25579962,disgust
-458.08084,40.76658,-21.140192,4.420616,-9.136565,-6.276564,-12.101268,1.5584241,-11.671695,-10.56181,-2.9004004,-3.528738,-5.1100135,-0.019889012,-6.281399,3.0721338,1.334462,-2.0839653,-2.4846995,1.4560674,-2.5368733,-2.8829985,0.16913144,-0.9941933,-1.2321061,0.03676973,0.25638214,0.6112431,1.3768113,4.1582546,3.7589357,3.687494,0.67654395,1.0597228,0.4046131,-0.43272516,-0.80174494,1.223775,1.0026691,1.4803126,angry
-442.46124,33.120922,-29.70545,7.697242,-11.136109,3.3971586,-10.724293,0.6040794,-12.326486,-12.598688,-3.23745,0.54230213,-2.5151796,0.13705543,-0.7996575,12.814407,14.339479,6.114643,-1.4114654,-2.6085024,-1.254532,1.7921581,2.332925,1.4152156,-3.2367055,-0.94650006,-0.19841348,2.4971871,2.8246586,1.945174,-1.1599503,0.84188133,-0.083889574,-3.116694,-1.7467862,0.13357516,-2.0032432,0.40825617,-1.2807667,1.3528733,fearful
-584.62537,47.72827,-14.669302,4.112194,-5.6083713,1.6194792,-12.514425,-1.5982171,-11.525729,-12.2675495,-6.1141267,-2.2879748,-7.7672973,-4.271308,-8.909457,-3.6316311,-2.465699,-4.8074493,-5.127159,-1.8255274,-2.8774998,-4.2814918,0.9419971,6.822234,6.213686,8.750075,7.671234,4.8601584,1.7387757,0.5045302,-1.4118005,1.1602248,0.43428972,0.02512713,-0.9819834,-1.9483324,-2.2249472,0.07332057,-0.8403954,-0.00082982535,fearful
-605.2989,54.979652,-13.335759,6.3971453,-6.1841564,-2.4634278,-11.923446,-0.2931624,-12.157192,-9.66214,-5.5992904,-3.4929156,-3.3241644,-4.735747,-8.359656,-1.3179872,-3.9434054,-4.710195,-4.9936304,-3.1790864,-3.4631424,-4.8112855,-3.6986814,0.28316957,-2.7261279,-1.9937419,0.7064708,-0.33216542,-0.8479887,0.502809,-0.9401423,0.91225606,1.9338567,2.6450887,3.2425683,2.5357413,1.5701977,0.41025546,0.19017255,1.3951354,angry
-616.6903,53.155006,-13.383674,3.1072388,-4.9707103,-2.1606867,-12.975248,-0.4767677,-10.4039955,-10.607459,-5.955286,-2.8042028,-7.1143575,-4.034024,-10.035787,-2.0231397,-1.3053007,-3.6671083,-1.5617062,0.6335155,-1.4668741,-2.1552763,-0.37366053,0.48498437,-0.3152295,1.692914,0.7060998,0.1696719,-0.9222317,-0.5534344,-1.7351928,-1.4404453,-1.3026211,-0.6241023,1.1842642,1.6340917,-0.16697502,1.4489392,0.06544412,0.4718099,surprised
-510.62125,43.665714,-17.16581,2.9127667,-13.560441,-2.3012662,-15.39314,-1.7677381,-15.824571,-11.702564,-4.923459,-5.313554,-9.497405,-4.1266894,-8.799521,0.6376956,-1.8806092,-3.744647,-3.068616,-0.011142455,-2.9461727,-2.7024128,1.1978556,1.223767,-0.043229483,2.394454,1.7810699,1.5995443,1.4961035,2.8519757,0.99738294,1.6953533,-0.17321281,2.348591,1.9867202,0.88746494,-0.8936805,0.91214544,1.198918,1.1016594,surprised
-691.213,76.85234,-8.413982,5.390219,-7.7496276,2.7153418,-10.4160185,-0.1403718,-17.64224,-12.021615,-5.515571,-3.7796504,-5.325855,-6.057286,-8.592161,-3.365234,-1.850075,-2.5995147,-3.15733,-4.2246256,-4.0028696,-5.0332704,-7.0088387,-2.1460252,-5.221208,-3.887974,-3.2207065,-2.916398,-0.51105404,2.2024148,4.048691,4.4062824,3.6968327,2.8926966,3.9879286,2.5392437,2.4541562,2.1740606,2.5129879,6.401702,calm
-736.3026,60.053993,-3.5667982,5.5998893,-4.199755,1.9165611,-8.695418,0.44696996,-13.65015,-6.8596015,-7.689395,-4.0506606,-5.079769,-5.623546,-8.028592,-2.943056,-2.1247663,-6.6328163,-4.8143363,-4.1624713,-2.7849236,-4.5718822,-4.788223,-0.7240178,-2.0638683,-1.6064128,-1.5906519,-3.0069234,-3.0334582,-0.807205,-1.290259,-1.4233934,0.061566282,-0.027268698,0.24462444,-0.9719421,0.17647898,-0.64448434,0.90470177,1.8889822,neutral
-674.8306,83.46281,-12.224373,2.2881224,-3.3299246,3.2708743,-11.137131,-1.9810601,-18.391438,-12.464378,-6.385827,-3.9746675,-3.486722,-7.658115,-8.072877,-0.082591,-1.663642,-3.8711646,-4.5235105,-2.7633255,-3.973559,-6.187557,-7.0163894,-1.4707028,-4.5455804,-3.8747156,-1.227096,-3.5085628,-2.2409952,-0.6112424,0.51296586,-1.8378469,-0.068073265,1.5637287,1.6394142,2.8871093,3.7223341,4.4740877,3.6994557,5.5135574,calm
-676.85077,66.87937,-13.539674,3.8077118,-0.41860285,-0.7348261,-11.4906025,-0.45724106,-10.418558,-8.775729,-5.1794977,-3.077179,-6.219844,-5.808795,-8.358427,-2.0900257,-1.624534,-4.844696,-3.87622,-1.3056827,-3.7765758,-3.9651906,-4.4476743,-1.8752989,-2.9094427,-1.4975841,-1.1638267,-2.6429033,-2.5093586,-1.0065615,-1.5532806,-3.9321384,-1.9244704,-2.8745623,-2.0295758,0.23456237,1.2216514,1.7793225,2.2598655,3.4317055,happy
-540.2644,43.22235,-17.589552,1.1674359,-4.4971485,-2.3227499,-14.634726,-1.7894887,-10.922587,-10.481071,-5.6814027,-3.5488997,-8.019908,-3.4214427,-8.372398,-2.3402288,-4.328148,-5.8730845,-6.905195,-3.9964838,-3.6401186,-4.150182,0.9827025,2.956877,2.527847,2.317165,0.6558138,1.5750599,-1.2960818,2.0789309,2.6402586,3.1058457,2.0878003,0.7571974,-0.7220698,-0.95484734,-0.52185756,1.1653366,-0.0018783208,0.6997852,happy
-728.37726,63.84737,-6.796702,8.697398,-2.7388818,0.3490503,-11.369045,0.18607727,-11.621507,-8.651811,-7.3516264,-3.9598064,-3.447582,-5.4060903,-7.405899,-2.3744655,-1.8959756,-5.8252964,-5.339065,-4.4330235,-4.5665255,-4.944074,-4.614854,0.57407707,-1.1390768,-0.36628008,-0.055077083,-1.7549137,-3.2022862,-1.9273944,-3.4891787,-1.9553792,0.63804895,2.0355878,3.0517762,1.28588,0.7778088,0.29867345,1.0884297,1.9478315,neutral
-685.4222,69.444305,-6.9250383,5.362705,-4.1712217,-1.5243719,-10.922848,-0.36459243,-12.17426,-8.349275,-8.175558,-3.3442326,-3.674832,-5.547618,-8.27219,-1.3841091,-1.8636184,-5.340121,-4.444005,-4.4682555,-3.0203383,-3.843813,-4.737001,-0.039056517,-3.4357963,-1.8991897,-2.7053244,-3.6294413,-2.9916637,-1.0660672,-1.8347853,-0.90296096,0.15548967,-1.6871597,-0.17010579,-0.9760791,0.60654706,1.1809086,2.102773,3.4418125,calm
-646.1311,80.77061,-12.636461,7.5358334,-5.420091,1.6830783,-10.523616,0.1580754,-18.250381,-10.05566,-4.0237827,-3.3433537,-4.7869153,-5.5133705,-8.463043,0.5223242,-1.6809719,-2.7800188,-1.1314561,-0.9784961,-3.0492225,-5.2265635,-5.780316,-0.96051246,-4.171862,-2.6160357,-0.54697055,-1.2971685,0.52684367,1.2189163,0.7720285,0.0036552707,0.49015513,1.8365958,3.5075479,4.4048204,3.7688015,4.2832522,2.7834165,6.074474,calm
-637.1911,63.099228,-12.593862,3.626771,-0.36838117,1.6646338,-13.0044,-0.61162066,-9.141922,-10.140823,-2.6632621,-3.6062386,-5.5114355,-2.989178,-7.3442883,-0.84202313,-3.9668021,-4.8934813,-5.086616,-1.6912029,-2.497003,-3.3630824,-2.7050865,-1.2909166,-1.4774528,-2.2614522,-0.0021834713,-0.30346945,0.43627703,3.0084546,0.2856517,1.1027278,1.12721,-0.5128261,-0.46145058,0.7984566,0.23982352,1.5415456,0.033884067,1.3163233,happy
-525.6905,41.877106,-21.617651,0.44746095,-4.348201,-1.4162753,-15.332189,2.1437087,-8.584178,-9.478489,-3.330712,-2.7857945,-7.39597,-3.5231829,-9.309992,-1.1344608,0.5031059,-0.8404905,0.52048504,4.8549027,5.683661,2.852945,5.4323554,3.7973742,0.062401526,0.9666389,0.6495799,0.4493822,-0.8341516,3.013259,-0.18320273,-0.462983,-0.1156795,0.16684511,2.4170518,-0.115604684,-0.8575131,-0.48141176,0.31655866,2.2669153,happy
-525.3172,37.81082,-19.1767,2.4001231,-9.788605,-3.3128777,-13.756036,-1.5912617,-6.910181,-10.687584,-4.789828,-0.9323879,-2.836578,0.70730746,-1.8768038,4.5191145,8.966456,8.480148,6.657061,5.323583,1.6108892,0.83731663,1.9740407,2.6693516,-0.736257,-0.3914213,-0.5312023,1.4873426,-0.6545694,-0.51139385,-0.07158329,0.23161316,0.63270724,1.4012482,1.2490566,-0.037783347,-0.716462,-0.009297775,1.0300636,0.57201016,sad
-525.27374,43.546585,-10.552707,7.84151,-4.056153,0.199318,-9.377732,0.29350775,-8.576916,-9.400686,-5.53306,-3.920709,-4.088529,-3.2454553,-6.857914,-1.0032834,-2.2688994,-5.1863713,-5.2904615,-3.1573524,-2.3760872,-1.9182893,-1.1046871,0.18771282,-0.6531823,0.792511,1.8914173,2.863838,3.5687518,5.069103,5.498612,4.173405,3.2964342,2.577782,1.2696397,1.0257183,-0.1310391,0.29878855,-0.77664304,-0.0020370483,disgust
-607.0526,47.369076,-5.2597456,2.3479326,-6.7923193,3.1112688,-12.387634,-1.5565337,-10.128782,-9.2807665,-5.29525,-3.5584514,-4.9606423,-4.8036075,-7.0360327,-1.1430137,-4.580277,-5.24716,-6.3605213,-1.8569329,-4.643747,-3.8573923,-4.010385,-3.5686042,-3.263668,-1.8940388,0.06081593,1.4084377,2.1673295,5.169428,3.2072978,3.371649,2.6707935,1.9821498,2.8810713,2.2067463,2.7363875,3.143464,1.7427553,1.9388961,disgust
-626.03076,40.313652,-14.831151,6.110169,-10.760503,1.0036305,-18.530842,-1.6004074,-9.732136,-13.919212,-5.187503,-4.8113027,-7.581248,-3.877202,-8.467671,-2.7491736,-1.2960801,-4.60119,-4.410655,-0.650268,-0.19125226,-1.6825962,3.8062077,4.782052,5.8424335,4.3726096,0.9557234,1.364155,-1.640912,0.80547684,0.9031713,1.9316183,0.77982146,-0.6439971,-1.1216955,-1.4987389,-2.4003754,1.0351644,0.20541345,1.0305413,sad
-454.50644,32.319195,-18.824198,-0.799793,-14.787984,-2.805204,-15.612923,-2.1631312,-11.931266,-9.572286,-5.633501,-4.569239,-6.541347,-3.1614265,-6.004369,3.812974,3.4366393,3.7342157,3.2974102,7.049122,3.266278,1.1258272,5.19044,2.3822045,1.1013099,1.5366229,-0.19152176,1.3656267,0.26038113,1.1666749,-2.025474,-0.45221686,0.069903135,0.97897494,-0.03018398,-1.3662152,-2.0710278,-0.01485598,1.1724485,0.5882134,fearful
-423.49173,31.004133,-22.148773,3.425736,-9.467512,-3.3779647,-17.521366,1.2703156,-14.5769005,-11.1318,-2.0783727,-4.4621325,-4.3308268,-2.9781895,-10.246156,-0.11722223,-3.606272,-5.826836,-3.733396,0.06461176,-1.4216517,1.6786976,3.0598047,1.8294318,1.0266247,3.0550172,2.40867,5.3523736,3.4485908,4.503856,-0.7992673,-0.22248244,-0.8455243,-0.5853581,-1.1811635,-1.1035309,-1.1717577,-0.4704719,-0.9534923,0.29283828,angry
-585.7502,52.763435,-10.848471,5.038837,-3.4996076,-2.7646472,-9.978086,-1.5135897,-9.520383,-9.057546,-5.0416927,-4.515839,-3.724873,-4.910316,-7.609563,-0.82052666,-4.042697,-7.279727,-5.1117845,-2.9424582,-2.0180545,-2.6977947,-2.4222505,0.97379595,0.2518635,-0.22672087,0.71654737,0.4730178,-0.947555,1.2374765,-0.31182256,-0.68083555,-0.6612933,-0.70085245,0.5543444,1.5854322,1.7941831,1.1107461,0.5889054,1.2507455,angry
-572.09424,50.042564,-21.697388,4.18329,-5.0425167,-0.8314681,-14.074545,-0.050433308,-10.486915,-10.856222,-6.2900615,-3.359067,-6.9415164,-5.420521,-7.69008,-2.5099013,-1.8004946,-4.62477,-4.7712693,-0.95223516,-0.55773497,0.05929716,4.6390142,6.6600327,4.6237206,4.41311,2.4998958,0.58916944,0.74323857,3.1439712,1.6901052,2.1772192,0.108221404,-1.8283519,-1.4639047,-1.6437033,-1.8643494,-0.04330039,-0.5123875,0.24739365,fearful
-586.83923,52.020912,-8.250873,4.104121,-8.962163,-0.16708852,-15.317616,-1.7943239,-13.023827,-10.802557,-5.9426174,-3.767671,-7.8844404,-5.0128136,-9.547546,-1.9897811,-1.6744745,-4.04903,-1.6824919,0.9486148,-2.6449525,-1.2919223,-0.052912917,0.7957029,-0.9597263,0.84589213,-1.4525,-0.84032935,-2.2006173,0.9548675,0.08655497,-0.111295775,0.22426464,0.48689955,0.9305575,1.1965958,-0.29892594,0.472912,0.0684452,1.2111784,surprised
-514.4334,46.786995,-20.912458,0.3645039,-9.637873,-4.2173777,-15.6945,0.644153,-11.531987,-13.113553,-4.4939137,-1.5545621,-6.7152343,-2.4989016,-5.306807,2.5441124,1.416205,-2.433995,-2.4109173,-0.0061230646,1.0645328,0.73592395,3.5084667,1.8114077,-1.5051975,1.2788279,2.8323767,3.888179,1.3636857,2.3180666,0.384098,1.8940675,0.95990777,0.1362417,-0.2597374,-0.22858316,-1.1999366,-0.44673285,-0.2750252,0.6702112,surprised
-503.2616,75.795685,-5.742663,11.326399,1.0718485,10.99579,-2.8999624,-0.7729068,-10.083305,-5.325582,-8.964861,-8.641292,-2.4564226,-2.0495138,-7.0790663,-1.7392244,-2.097234,-2.628118,-0.50643104,0.06499279,-2.7415214,-2.9882665,1.3312191,-0.4591394,-4.7397704,-4.11239,-2.2759035,-0.35605386,-4.1105947,-4.054649,-1.5230074,0.08270075,-1.6707827,-0.34325296,0.3255242,0.29651374,1.8012305,2.4969966,1.4173113,2.142876,sad
-533.6058,84.399216,0.16385566,15.755455,-6.3655634,8.379248,-11.798391,-0.8514791,-9.785818,4.5872726,-7.542075,-8.839756,-1.4748546,-3.6427145,-4.508781,-5.021531,-4.02679,-1.7554284,-6.937991,-4.2780604,-3.1196353,-4.2428784,-1.7447425,-3.1428192,-4.277059,-3.3552687,-5.962263,-2.9107175,-4.1822286,-3.596944,-1.6659824,-3.1134365,-3.2085903,-1.3980272,-3.160933,-0.7999539,-2.1270437,-1.2384431,-3.0145257,-3.7419417,disgust
-573.582,84.51252,-9.768131,10.765004,0.0624967,11.318466,-10.694776,0.8141933,-9.129473,-3.4155087,-3.7065916,-1.5936701,3.0000844,-4.911706,-5.5418916,-2.2544823,-6.4799523,-3.2276115,-3.939144,-2.9248917,-2.8247263,-3.2828822,-1.7368073,-3.5939765,-4.132337,-3.3536425,-5.956297,-0.85148925,-2.674619,-3.8995912,-3.9819088,-3.8500051,-1.0992895,-0.7358709,-3.7852964,-0.72414976,-1.0885032,-2.5382411,-1.6908534,-2.3564258,disgust
-691.8411,90.92955,4.4404397,14.528288,1.7776682,15.707141,-3.6934361,-0.7945365,-7.786258,0.72319657,-0.22709924,-4.7636943,-0.88644207,-0.20301391,-4.7686777,0.23240124,-1.6996416,-2.7354996,-0.8866956,-1.9062473,-0.647672,-2.5420513,-0.48379794,-4.408436,-2.1507914,-1.4245716,-4.904022,-0.2747364,-3.2827272,-2.8162608,-2.0543263,-1.5907727,-2.2857792,-1.510166,-0.95386213,-1.0051397,-0.5351901,-2.7056787,-1.6110381,-0.80726534,sad
-368.60144,77.3717,-24.102604,6.453709,-7.0047226,7.090895,-7.226994,-0.72204924,-19.60551,-9.879688,-7.2351227,-14.060125,-0.73618037,-2.4765394,-12.8560095,-3.2669144,-2.2323458,-1.4433602,-1.4364184,-0.53224653,-2.992948,-4.8944044,1.14303,1.8501824,-4.4296546,-1.1714104,1.2364825,2.3741086,1.0262343,2.9982498,8.120476,9.128466,6.192563,7.2309766,6.3911104,5.493736,5.4152813,5.6388545,3.6491725,3.4033127,fearful
-371.46576,70.171585,-23.333237,11.865147,-2.5937946,-0.46233332,-8.77402,4.477863,-12.264639,-8.386244,-2.069359,-5.8663373,-6.640087,-1.0678257,-4.2452164,-2.3724446,-3.0084686,-2.87609,-1.2040604,0.39192396,-3.2847495,-2.7515075,-0.06720675,0.48342526,-3.1998746,2.2363722,0.14783564,3.415908,2.9451218,4.190932,3.3307328,5.6061425,7.011722,5.815465,5.5433674,5.51102,3.5463967,4.8843446,2.7243965,3.3422196,angry
-565.4901,86.78151,-12.565881,15.103841,2.804815,11.657201,-7.2918334,-1.3025217,-13.348262,-8.518012,-3.2220883,-5.785673,-4.285244,-3.2126553,-3.01392,0.92909384,-5.425266,-5.27888,-1.6322849,-0.21501558,-0.8607577,-2.3935423,-0.746282,-2.3949034,-1.7762526,-1.5935457,-2.6390946,-2.23968,-4.3224907,-2.0478852,-2.4461732,-2.2687283,-2.1483402,-0.9150987,-0.5765787,-1.6980134,-1.7379545,-0.5072565,-2.8414977,-2.620856,angry
-577.4123,83.98748,-8.424987,9.811444,3.2185452,11.16665,-4.1687164,-4.722151,-13.760408,-6.826519,-3.5647807,-7.195362,1.0284114,0.89179826,-6.7711596,-0.8620847,-1.4640439,-0.8941038,1.1017876,0.2708078,-2.5976427,-2.1761613,3.1339307,-2.0662835,-4.537021,-3.320394,-3.9186683,-0.7137813,-2.6003637,-2.7929623,-2.672187,0.5906193,0.2477063,-0.57203156,-0.655987,-0.55346864,-1.0689188,-1.0743072,-2.6394079,-1.7874151,fearful
-595.92633,78.55345,-12.423607,3.734453,-5.9745564,3.3046634,-7.769447,-2.8236904,-16.835426,-5.3281097,-5.7895026,-8.341511,-2.3362746,-1.2624773,-6.353266,-0.9632467,-3.1702442,-4.6016173,-3.8231936,-3.731412,-1.4383341,-5.7034554,-3.8941486,-2.9450412,-2.015544,-2.5354164,-1.5005465,0.76135945,-3.0407937,-1.4399924,-0.21191622,-0.7199603,-1.9116799,-0.013465279,-0.036720075,0.64586323,0.9405345,0.87927467,2.7253025,2.065357,surprised
-483.54678,67.15193,-13.673473,5.6029096,-12.103258,2.9423368,-5.771639,-3.8491218,-15.959561,-2.904177,-2.155765,-9.590043,-1.9746522,1.0296375,-4.620719,-3.7662032,-4.293182,-2.4543946,-1.0778444,-3.98933,-2.7629938,-3.9181647,-3.4019668,-1.9689839,-4.5208106,-4.5601606,-3.4681203,0.060289934,-3.128853,-0.23084512,2.9458199,3.4448876,3.4989214,3.503446,2.4371629,3.1627104,1.979858,0.18119529,0.58635044,1.0562714,surprised
-652.5885,77.5137,-1.5408561,17.84109,0.7131477,14.448554,-2.5529966,-4.6707406,-12.221157,-1.5976421,-3.854779,-7.1611824,-1.4848601,-0.67377114,-3.786654,-0.7654652,-1.327691,-3.5085742,-2.5080462,-0.7940863,-1.6457497,-3.7646544,0.3131343,-1.6100986,-3.2235901,-1.9112637,-2.5371902,-1.5019597,-3.642416,-2.6614554,-1.5382706,-0.72827876,-1.9871908,-0.6626607,-0.54611236,-2.1706402,-1.4681468,-1.667005,-2.559689,-2.4423895,neutral
-670.2019,95.914825,-2.0398583,17.43807,-0.19794641,21.545874,-5.6796083,-7.839437,-10.625422,7.422122,-4.197183,-6.7059283,5.1207104,0.64620715,-7.8958454,2.4123104,-3.1225948,-1.6892242,-0.68588275,-1.3744681,-0.7580837,-2.0596974,-0.49677494,-2.376655,-2.806224,-1.7131605,-3.7070315,0.33607075,-3.550807,-3.309042,-1.7421407,-1.6287533,-0.7165892,-1.9908524,-1.3372567,-0.31651467,-3.5473096,-2.1683147,-0.8126693,-1.8444864,calm
-595.656,115.125786,-12.486446,9.778534,-4.407841,11.404601,-7.6351604,-6.1388936,-14.109396,3.5589497,-4.4130926,-8.857958,9.459618,6.6995783,-9.846998,2.863411,0.4432381,-4.4459257,0.12393825,1.1196635,-0.11325959,-3.2315493,2.1681645,-1.725411,-6.076948,-2.3901176,-3.0976691,0.6664364,-3.567203,-1.3354975,-1.3610522,-1.9788308,-0.14969935,-0.27996817,-0.044327226,-0.46734592,-2.2497993,-1.5025822,-1.844655,-2.717138,calm
-547.64355,79.97517,-9.052598,3.53782,-7.860311,5.431234,-4.5503254,-2.237038,-14.489894,-4.7934227,-7.7603245,-10.281886,1.072227,-2.4365666,-9.849899,-1.2320443,-3.5371232,-4.910136,-4.391236,-4.695928,-4.8817267,-3.5858505,-0.9384727,-4.5143657,-6.883132,-3.8114836,-4.2332416,-3.0562472,-2.9004595,-0.8060315,-1.8631458,-0.48902234,-1.5119063,-0.53116554,2.8366606,2.6372023,1.2748055,3.4524124,3.1117995,2.12272,happy
-432.7474,68.68991,-11.23852,4.9798856,-11.661454,5.6240196,-2.328048,-4.7096996,-12.202043,-4.9536643,-7.0798345,-11.616607,1.0386734,-2.6232622,-10.844769,-0.7573754,-2.8658574,-3.9016767,-2.9655826,-5.390201,-3.7429168,-2.1476345,-2.0159054,-5.392532,-7.6059327,-3.720394,-1.1056212,1.0203834,0.58490497,3.5673215,2.410133,2.3949714,3.289165,3.7872946,5.003897,3.8892057,1.9504988,0.6886779,-0.36816406,0.44751066,happy
-665.8279,84.23869,-1.4056454,15.918265,0.41480896,13.920028,-6.476468,-2.6288376,-10.275372,1.3067619,-1.827777,-4.7251716,2.3447976,1.0762954,-7.92294,1.2268031,-1.9246291,-4.4755907,-2.1061957,-0.9617287,-2.8451035,-2.8050284,1.7431804,-4.4426484,-3.6782424,-0.68770075,-4.2744856,-2.2656548,-4.093369,-3.0603423,-1.7637637,-1.9917212,-2.769718,-0.92268175,-1.0708134,-1.5424368,-2.105797,-1.6310747,-2.9865937,-2.7735064,calm
-650.82495,75.053345,-1.5596939,10.67924,3.4528768,9.057185,-3.50685,-5.2496476,-8.949531,-2.107145,-1.3579396,-7.44806,-1.8247751,-0.07149665,-4.6153173,-1.8114896,-1.3453466,-3.4674568,-2.9458497,-2.0422952,-3.0734856,-2.7333703,-0.2436385,-3.706647,-3.824425,-2.5403042,-4.756429,-2.099851,-3.1914651,-3.1673667,-2.013864,-1.1517067,-1.459674,-2.32441,-1.6710722,-2.170782,-1.4145819,-0.8785509,-2.3116655,-1.24212,neutral
-563.3624,89.31719,-6.2604303,16.353271,-4.8267765,15.496614,-3.8968604,-3.2850764,-14.18829,3.337929,-2.3596404,-5.4489956,6.167412,4.5014877,-11.871827,4.189648,-0.28052586,-4.6667314,1.1464188,1.3648086,-1.6655496,-2.4125547,1.0338901,-1.9646491,-7.829051,-0.2041239,-1.7996274,-1.8666755,-3.9930193,-1.1655476,-1.3430009,-1.4534503,-2.1953402,-0.64052033,-0.92917454,-0.026023176,-3.4292421,-1.1317551,-2.2014163,-2.803959,calm
-562.18933,67.71657,-7.029317,9.449414,-1.791075,8.841337,-4.2650714,-6.7323647,-14.042651,-3.2341087,-5.8172016,-10.919734,-1.24479,-4.2984104,-8.921824,-1.6717088,-4.4279814,-5.227372,-3.372534,-3.8587813,-4.2872205,-4.4415774,-0.50085443,-3.158346,-5.126562,-2.3794496,-3.747808,-3.533425,-3.9497643,-2.7593946,-2.9497352,-2.047408,-2.2007267,-1.5181557,-0.48303938,-1.7068402,-1.6038929,-1.6863626,-1.9337838,-0.98027176,happy
-463.13293,70.86732,-11.192143,7.132051,-11.5031595,1.6838651,-4.482834,-5.57293,-13.715825,-3.7343342,-6.7022767,-11.326709,0.67378634,-0.31435046,-11.756778,-1.4301068,-2.256662,-5.6199117,-3.5877392,-5.623735,-3.750831,-3.7948644,-2.512327,-4.3647537,-6.478386,-2.796187,-3.2342675,-1.4872613,0.87158567,5.9099474,6.7171364,8.479009,8.159804,6.396842,3.713299,0.6213868,-0.9628471,1.0433705,1.5337999,2.8788755,happy
-559.0867,95.37837,-5.898039,18.884579,-3.1551678,12.157998,-14.379378,3.9424577,-12.291295,4.836809,-5.3656974,-3.7733104,2.6006687,-1.8040534,-4.4484878,-0.9505422,-5.0176816,-2.1738942,-5.530562,-2.5977447,-1.3181502,-3.685368,-1.019825,-0.2758012,-6.6582084,-4.2530084,-6.239106,-1.0570612,-2.9754622,-2.150855,-3.7058842,-4.499873,-2.54593,-1.0694349,-3.6663954,0.6421651,-3.0455565,-3.1281826,-1.795499,-3.0423245,disgust
-557.013,76.07341,-4.7276664,-0.77767503,-3.368198,5.033892,-7.598637,-7.478506,-15.562574,-10.0099535,-12.766381,-15.619433,-5.4380445,-3.661901,-9.618127,-6.2584968,-6.4408364,-4.5014606,-3.653414,-3.1619964,-3.0439212,-4.7370625,0.4100822,-1.79249,-4.2649593,-0.6314041,-2.8507113,-1.1575221,-2.9330766,-3.0740652,-2.209415,-0.7078336,-0.1599741,-1.6155584,0.088480376,1.0107032,-0.5562534,1.2418458,1.3373717,0.45026618,sad
-631.7882,87.69928,-3.053968,14.895872,4.1942005,14.2266035,-4.8836336,-2.6488953,-10.967318,-1.8890902,-2.9453237,-6.6824527,1.1908921,0.6590189,-6.1280346,0.79608876,-0.15591262,-1.6759547,-1.0276823,-0.18549822,-1.1997772,-2.497947,0.6773613,-2.5309455,-5.163475,-3.2550771,-2.46019,0.94163245,-3.6446755,-4.9674125,-1.9360613,-0.19632564,-1.4404414,-0.19811483,-0.80969495,-1.4987596,-1.2822136,-1.0647857,-1.593732,-1.84092,sad
-538.495,77.0598,-9.714148,8.943498,-0.7551335,13.815854,-12.097764,-0.36313978,-14.6647415,-1.7315632,-6.4333634,-3.9928753,3.8885822,-4.386352,-4.7206125,-2.8003762,-6.920985,-1.328737,-3.4176235,-4.0018215,-0.105751984,-3.142347,-1.5263976,-2.9015083,-4.288404,-3.8363333,-5.114227,-1.0658053,-3.4343817,-3.9261737,-2.5284245,-3.3601475,-0.6506314,-0.71599555,-3.078774,-1.3845338,-1.8344247,-0.90163183,-2.9076848,-2.8650405,disgust
-354.46045,66.602356,-20.03985,13.610675,-5.919513,0.00018700134,-10.763464,4.9986844,-10.845708,-7.561625,-6.7523456,-5.047124,-3.696024,-1.2029668,-5.963928,-3.6155345,-2.0848017,-4.0074973,-5.4762564,-0.62010455,-3.1411898,-0.8534644,-0.24107097,-0.33779338,-4.262106,-0.81587106,-0.40360838,1.8879786,0.012748123,2.6070979,2.357577,3.8411477,2.9686732,3.2479725,3.6855993,6.146169,4.2260013,5.2328153,3.2685714,1.7587787,angry
-425.4289,71.385544,-13.045389,14.818954,-3.7614074,12.552748,-1.9730874,4.2654114,-14.234061,-6.522216,-6.463125,-9.7915325,-0.38614857,0.5549416,-10.215,-3.8317528,-2.2606876,-1.0869685,-0.15785758,1.1380463,-2.7703943,-2.7261777,0.53929746,1.1782975,-2.9661498,-2.5237722,0.40486017,4.8715053,1.3410527,3.812118,5.3379292,8.170448,7.7358117,6.4267936,5.8781533,7.559865,5.335488,4.698212,4.7780843,4.0623307,fearful
-614.97107,86.72635,-6.0663347,17.970036,-1.0990665,14.759195,-5.1752567,-0.30269283,-15.730033,-7.237109,1.0268164,-5.4319572,-1.6544393,-2.715935,-6.2982473,-2.2746801,-4.163143,-3.619371,-1.6345208,-1.6523114,-2.2726831,-2.3091679,-0.80922973,-2.2429867,-4.24516,-2.8853257,-3.6972358,-0.4273694,-3.134354,-1.8321147,-2.1094794,-1.8095309,-2.1572294,0.74609756,-1.4743576,-1.8103195,-0.3280864,-1.042656,-1.037609,-0.9640355,fearful
-542.4271,79.08205,-9.687261,12.7139435,4.794102,10.660156,-6.412248,-0.1360549,-9.137848,-7.085072,-2.828297,-6.2420015,-6.024363,-2.9750426,-4.4551387,-0.7581064,-3.669339,-5.0875106,-2.8352454,0.5847156,-0.21779165,-2.5565512,1.5471617,-1.7750062,-1.7004877,-1.1725626,-3.923892,-1.795049,-2.6502993,-2.0736861,-3.1866784,-1.9098545,-1.9977682,-1.0911827,-1.1160631,-0.74266654,-1.5078285,-1.5104183,-0.8010831,-2.4118664,angry
-562.65875,77.10038,-12.40153,4.3535366,0.781557,6.8524137,-9.1830845,-1.5145053,-12.494552,-0.7134586,-3.0537117,-6.718882,0.55914956,2.154349,-4.8167934,-2.1582308,-2.3312745,-0.6470672,-4.2797494,-4.4712615,-0.2959504,-4.1432104,-2.3147686,-1.3313003,-3.5383418,-4.0636797,-1.9634361,-0.37955138,-3.1379993,-1.1330241,-1.9198184,0.34888843,-1.5648177,-0.5933943,0.5271268,1.1771681,0.27179286,0.030281654,-0.918067,-0.2082766,surprised
-494.06683,65.62787,-12.414146,9.383933,-1.4355843,5.369413,-10.157309,-0.2745262,-8.827607,-3.382131,0.7386317,-6.4948506,-3.4393888,3.744403,-4.378432,-2.8241017,-1.1913158,-0.48139295,-2.5851965,-4.0087795,-2.1519725,-3.8289108,-1.5343827,-2.5558863,-3.998326,-4.0769343,-2.5222342,1.3677514,-2.8655846,-0.56311935,1.2619054,1.8434606,0.50665295,1.5459169,2.8295162,2.9016626,1.2916783,0.029988937,1.0484993,0.21804728,surprised
-382.65955,63.63718,-11.786406,12.949072,-14.542375,3.1309745,-6.531923,0.37984106,-14.354539,-6.7774053,-8.539289,-13.847208,-5.326892,-0.22986957,-10.0929165,-4.591869,-2.0148265,-0.49430937,-3.814971,-4.1857553,-4.4405456,-2.8425207,-2.6914504,-3.4571788,-3.2758205,2.408916,2.5492592,3.7995927,1.5419277,3.5655308,2.745119,2.976832,1.6172963,1.9170822,3.0529044,4.9468894,3.4184866,4.1375475,1.8342764,1.6021249,happy
-581.51776,86.497955,-7.013794,6.6178164,-1.4996209,11.158793,-4.0651083,-3.0187302,-13.006205,-5.2034173,-6.9504075,-7.873938,3.0678217,-0.56200045,-8.663385,-0.51216835,-2.946038,-3.8163822,-1.8446443,-1.5383625,-2.9670675,-3.4448333,-1.8525522,-4.454101,-4.4360495,-3.844561,-3.9887156,-2.0458815,-4.441524,-3.992863,-2.277014,-2.2431302,-3.5059457,-1.3840107,-1.3831921,-2.9037187,-2.385973,-0.6264038,-1.5243222,-0.005225575,happy
-558.1487,88.59589,-9.809089,9.89559,-0.15828948,14.887552,-6.977334,-2.4250047,-13.570071,-2.585515,-4.076824,-5.4507413,2.417921,2.3264973,-7.3717947,1.6785529,-2.7077222,-4.486938,0.27363807,0.33696887,-2.3015347,-3.0338786,2.9057653,-1.9728862,-5.807872,-1.1864437,-3.800617,-1.2862535,-2.9727201,-1.9156301,-1.4031307,-2.15325,-2.0033875,-0.6066154,-0.6637429,-1.1619262,-3.5020912,-2.024624,-3.5930965,-4.7134047,calm
-575.3465,79.03594,-3.7180457,16.04399,-4.3957295,15.99411,-3.8400068,-4.43349,-11.568268,2.914715,-3.6854782,-6.7109704,2.9588125,2.6225662,-9.6362,1.1057129,-1.5303952,-4.7994213,-0.44723544,-0.27980193,-3.477246,-3.332233,0.8333117,-2.4428353,-5.6306763,-1.2335236,-2.7717636,-1.4956235,-4.246908,-2.6036239,-1.409913,-0.13584593,-2.2181578,-2.213172,-0.9284879,-0.94925296,-3.3226223,-1.1805907,-2.346116,-3.2648513,calm
-662.19574,81.63297,-3.5776653,16.83203,1.7413347,13.511324,-3.946744,-3.5146732,-10.031097,-0.40375632,-3.0484474,-6.706132,-0.1358413,0.09227257,-5.4389625,-0.29106867,-0.6614325,-2.957105,-2.4981737,-1.5017656,-2.03773,-4.123102,-0.2702372,-2.6695042,-4.821165,-2.953522,-2.6402974,-1.8615909,-4.1422267,-3.5993347,-1.7573625,-1.2257684,-2.9166715,-1.8534055,-1.2108643,-2.2052495,-1.8694047,-1.9816898,-3.1362064,-2.3858497,neutral
-557.5914,79.30087,-10.559692,17.806805,-2.8419056,10.685294,-6.488108,-3.9426188,-13.416121,-7.913074,-4.188865,-8.591356,-2.928657,-0.7547922,-8.157154,-2.8652077,-3.548766,-2.325258,-3.4224367,-3.9049492,-2.8939931,-4.783498,0.33271962,-3.9007957,-5.7557435,-3.7716432,-4.1819143,-2.0527296,-5.0371704,-3.9681497,-3.2486725,-0.8673419,-2.413861,-1.35,-2.7053666,-2.0734107,-2.254598,-2.3048968,-2.49972,-3.866572,fearful
-524.1814,85.32956,-12.332532,11.020672,-2.0355349,10.610243,-8.316749,-3.8895504,-14.1109,-7.234545,-6.419562,-7.038711,-4.957478,-3.1647453,-4.424978,-0.5030386,-4.9071593,-6.848675,-3.932276,-1.1231183,-0.15945122,-2.9353933,1.8698494,-2.0031111,-2.690496,-1.85157,-3.8360908,-1.3518586,-3.2445898,-3.7840703,-3.9046438,-0.8699634,-3.4309766,-1.5834974,-1.4571805,-1.784613,-2.9777863,-2.5420277,-2.8472598,-2.8679695,angry
-364.18478,67.36594,-19.308813,12.431146,-1.610373,4.4540586,-8.195002,1.2907875,-11.49661,-9.479123,-2.2458415,-4.9195347,-5.0647087,-2.8756173,-4.780316,-1.7150472,-2.591543,-2.824771,-2.383801,-0.7664691,-2.5211391,-3.2667696,-1.2474875,0.104498096,-2.934425,0.7926857,-0.82068324,3.4105363,3.9486637,3.6160195,3.0856946,4.760866,5.364622,4.188943,3.2379558,4.4470434,3.5560825,4.739776,3.9803827,2.8969872,angry
-416.87708,93.55297,-13.417342,14.867507,2.4060755,17.462492,-2.8187323,4.1689334,-6.812185,1.1675433,-6.2637544,-6.4478345,6.1810994,3.7186444,-11.136363,0.8597483,1.6987553,1.3330133,2.2669377,1.327863,-2.6689425,-1.3873124,3.0629466,0.06602444,-5.052313,-0.267905,-0.6119755,1.2664956,-3.5522285,-0.328825,0.7789681,2.474032,2.8029194,3.2193525,2.1609578,4.7340856,4.2932334,5.4272823,3.9504716,4.266764,fearful
-691.92377,94.67122,0.47669712,12.343626,0.8991419,14.521016,-2.223003,-1.3594073,-9.2235,-0.8726238,-2.7871094,-6.337168,0.398421,-0.5714917,-6.9282646,0.109921604,-2.5204308,-3.8174622,-2.910943,-2.934742,-1.8107278,-2.1500137,-0.79602736,-5.0129285,-2.3626468,-2.3149261,-3.8017008,-1.401106,-2.9001431,-2.5291715,-2.3934128,-1.9706148,-2.466137,-1.2902964,-1.1663928,-1.7954322,-0.5773041,-1.1602619,-2.6965065,-1.5651726,sad
-618.37427,83.005135,-1.6759183,12.043492,1.6131183,15.324558,-10.920174,2.0471964,-10.583956,-5.1369042,-4.841039,-3.9477422,2.5303812,-4.698107,-4.759135,-2.1087503,-5.822348,-0.81721413,-2.8224287,-1.6854974,-2.0488288,-1.5374023,-2.4665518,-2.5038064,-3.4001217,-2.9544132,-4.157351,-1.5538279,-3.3739626,-2.8935547,-1.3978789,-2.8551419,-2.1973307,0.261453,-2.295858,-0.5131318,-0.48860633,-0.5081099,-0.796644,-1.2650326,disgust
-482.8137,75.006676,-14.951169,13.023559,-8.709138,4.0918927,-11.123577,-0.1048837,-15.445599,-1.0205048,-9.323097,-6.5928125,-3.4717777,-4.025304,-2.8271775,-5.564001,-7.027627,0.03628272,-4.701836,-6.025318,-4.5022316,-3.5623128,-1.8894366,-4.6607885,-5.979664,-3.5592885,-7.989403,-3.4130661,-4.508436,-5.2913685,-2.7999158,-0.42432135,-0.96036625,-0.24371965,-0.39688563,1.5209893,1.5758952,0.22022611,-0.24734345,-1.014854,disgust
-454.31,71.67222,-8.020229,7.775586,1.7673954,12.760119,-3.620777,-1.377639,-12.551631,-8.867118,-8.763046,-9.168039,-1.5708237,-3.5845606,-8.510371,-0.42887068,-3.4269998,-4.374138,-0.6118797,0.8605403,-0.025107823,-2.5941906,1.7768639,1.4666092,-2.9528584,-1.7030808,-1.7897077,1.5203642,-2.2793984,-4.2684016,-0.7355069,0.9195442,-0.64698386,-0.28845033,1.89832,1.4278033,1.4163184,2.8904493,0.98685724,2.0922465,sad
-573.8235,70.378456,-8.123537,7.177564,-4.35971,5.504969,-8.065356,-1.3889923,-10.782379,-1.863937,-5.1602287,-6.2230363,-2.8735163,-0.03597189,-6.4719777,-2.4350884,-4.0628715,-4.82416,-4.8468313,-4.1607466,-1.2234162,-3.8183184,-2.8923855,-2.027441,-3.592956,-4.9664855,-4.083558,0.6484125,-4.101338,-3.4830341,-1.1951976,-2.3187625,-2.3541317,-0.7247742,-0.8534255,-0.76255375,-1.427679,-2.115556,-2.8719645,-1.7743431,surprised
-589.1672,71.2543,-6.495868,10.41487,0.64617854,12.101652,-5.7627683,1.2785264,-9.00635,0.61223793,-0.4874477,-3.2950625,-0.6397794,2.0767639,-5.085638,-1.4109238,-0.39609122,0.016649947,-3.008474,-3.000469,-1.8379155,-1.381162,-1.5636027,-1.8150787,-2.8508375,-1.6694958,-1.9516795,1.7961874,-1.4725395,-0.41521984,0.23789659,-0.8359244,-1.129858,-0.31818613,-0.6216784,2.5495458,1.334581,0.19243863,1.0603492,0.6498286,surprised
-653.062,87.55609,-0.4839218,21.858515,4.684998,17.147743,-7.5143814,3.4820673,-10.20092,-5.455109,-2.633466,-4.0951796,-2.1386704,-2.9334846,-3.4273736,0.83057445,-4.56113,-2.2477424,-3.1259615,1.567192,-0.41134596,-3.5113213,0.34279788,0.18143412,-0.99226063,-1.4203333,-2.872153,-1.6463776,-4.1434083,-1.4924091,-2.7502794,-2.300084,-1.1578789,-0.61475796,0.4498081,-0.8814938,-1.5687454,0.77393115,-1.555039,-1.2737404,angry
-558.6532,94.69803,-10.094575,15.966925,-0.99237686,14.507664,-9.3337,-4.5567164,-15.884416,-7.4666967,-0.9413523,-8.353817,-3.9953213,-4.037868,-7.9858932,-4.3644943,-4.8779078,-4.275611,-4.457699,-3.0356133,-5.42317,-3.2225363,-0.8346122,-4.7659473,-6.2490573,-5.1649942,-5.120241,-1.7529019,-4.2380414,-4.901382,-4.5892763,-1.3352281,-2.6106822,-0.34166077,-2.4571466,-2.1813347,-0.99641633,-2.059073,-2.2329562,-2.8729417,fearful
-384.39383,82.68547,-25.854332,5.158638,-13.674617,6.1407557,-7.6037855,-3.9549255,-20.229721,-5.5298367,-11.622338,-15.883946,2.9951696,3.4497194,-12.097384,-3.8854327,-0.06442705,2.4123147,0.3420362,0.47920412,-2.3189108,-4.5859165,1.0351843,1.2440999,-5.653778,-2.383917,1.0514464,6.1059127,3.112901,4.25678,8.434238,11.488642,8.982433,7.3098893,5.649926,5.244015,4.544958,4.6879005,3.7066526,3.9999168,fearful
-385.5774,71.52516,-18.27553,11.232079,-5.084105,1.3441286,-9.877406,3.8137999,-11.285021,-9.970742,-4.3908176,-4.9867115,-4.954866,-1.3660537,-5.074636,-2.1179652,-2.6073127,-4.306848,-2.8209283,1.3018262,-2.2204874,-1.3148192,-0.2399869,1.3332691,-2.4391863,-0.015875025,-0.50624263,1.8632289,-0.8786555,2.4301133,1.4525726,3.0967624,3.5934718,3.555918,3.7699747,3.2655053,1.6410431,3.23828,2.0374477,2.7034552,angry
-612.54236,67.349144,-1.6704593,17.94051,1.5331881,14.715974,-10.138942,0.48823926,-14.177337,2.470496,-4.1733727,-0.7552408,1.29895,-5.309803,-6.3136153,-1.5164577,-3.5786119,-1.0040303,-2.8767514,-2.0893178,-1.3545766,-3.324411,-1.5788401,-0.7156961,-5.2753835,-3.5301695,-3.2710755,-1.1545365,-3.9638672,-1.2350507,-2.5156908,-2.1479025,0.3484424,-0.62649155,-3.129654,0.7471895,-1.18649,-0.08873731,-1.5208477,-1.6642236,disgust
-645.2115,92.78839,0.5813305,20.256248,2.5060291,15.603405,-1.5338534,-3.1029828,-12.285686,1.080485,-2.1051993,-6.84799,1.3448062,2.6060212,-5.03345,0.7880252,-1.1693499,-0.1821356,-0.739945,-1.0860722,-0.64375323,-1.6912231,-0.3271772,-2.7016656,-3.776285,-3.5796413,-3.8906596,-0.3306287,-3.2469013,-3.8184557,-3.7371616,-1.1581125,-1.543182,-1.0938,-1.5637401,-2.1922927,-1.321208,-2.928759,-4.0467596,-2.7633917,sad
-509.10004,70.206314,-8.007269,8.989733,-2.6881356,7.5382996,-7.016756,-3.4589763,-15.834295,-7.2725825,-8.42375,-10.813387,-3.9988847,-3.8426142,-11.650869,-5.5984225,-6.1645713,-5.446793,-3.901394,-3.8714883,-2.6283574,-4.14227,0.7377205,-0.3911404,-1.9233603,1.0905628,0.051895652,1.7050999,-1.8944341,-1.3557433,-0.049002584,0.7087944,-1.6113473,-2.984357,1.0559294,0.8925247,1.2771637,3.1577704,2.4229352,0.7378349,sad
-584.6922,85.483604,-4.9282336,12.613634,4.452445,15.811362,-15.518514,0.89766717,-12.668603,2.2340963,-4.073238,-3.1329627,0.85615945,-3.322111,-5.7970905,-1.8559122,-4.5444903,-1.0521208,-5.5223384,-2.8892248,-2.238844,-3.5080142,-2.442035,-1.4843442,-5.9319296,-1.2667124,-4.6372514,-3.7224307,-3.7951,-1.305183,-2.8877003,-2.5261624,-3.555931,-0.9998749,-1.8725456,-0.029092288,-1.3102982,-1.6800003,-2.850022,-0.75518197,disgust
-537.3081,77.16358,-12.277404,5.073211,-3.1345873,3.600823,-12.94011,-0.37930575,-12.017874,-5.127751,-3.882438,-10.08286,-4.742926,1.4877683,-4.4935975,-4.047734,-3.12265,-1.5785366,-4.688915,-4.5874963,-0.5467704,-4.0131526,-2.9325387,-4.050756,-3.0686948,-3.2895339,-2.682066,-0.9971567,-3.850546,-1.594731,-1.7183608,-1.2282895,-0.91254795,0.4161702,1.1242344,1.707965,0.3045544,0.32137057,-0.10215188,-0.2628971,surprised
-621.9849,74.44959,-7.0384088,8.357906,-1.7497481,3.8079586,-3.6040616,-0.7702569,-12.946666,-3.0478942,-4.996516,-7.2104177,-1.4043933,1.9568516,-4.0783815,-3.6598692,-2.3290622,-1.7401918,-4.0662317,-3.164439,-0.0680617,-5.6159983,-4.444116,-0.9664688,-1.1946014,-4.2956023,-3.0016458,-0.3469216,-3.7029438,-3.0066943,-2.5841606,-1.8097951,-1.8581182,-1.7675854,-0.8639521,-0.15685764,-0.63602465,-1.0914772,-2.1021144,-1.5983144,surprised
-435.09845,78.4659,-21.20514,8.521789,-12.405359,-0.9865324,-5.083645,-3.8444428,-13.417733,-7.1885757,-8.733084,-13.107973,0.022042854,-0.24365145,-13.080017,-0.92024994,-1.9156882,-8.002644,-4.4127383,-5.411247,-5.046506,-3.1292531,-3.3083177,-4.946816,-9.911994,-4.4280024,-2.8314903,-5.156825,-0.7083838,4.3393226,4.189186,6.252313,8.128096,8.937084,7.6429324,5.0587955,1.88889,1.5946125,0.8245892,1.3194543,happy
-595.686,72.477,-3.5955465,10.491075,-4.531944,7.739019,-0.565155,-3.2722828,-14.578575,-1.1650199,-5.017385,-9.092421,2.2382286,-1.992074,-7.4101067,-0.47953388,-3.657893,-3.3710456,-1.3334641,-4.124618,-3.9144173,-3.4211857,0.4710173,-3.6511664,-5.797433,-4.014508,-4.4485407,-3.0574856,-4.5928683,-3.9170887,-4.1812015,-3.1397598,-3.1183763,-2.2317426,-0.04260428,-1.4569395,-1.3132877,-0.5820051,-1.3978851,-0.5534136,happy
-558.07135,89.91926,-4.5590396,15.6228895,-1.6816986,17.939384,-4.4116783,-2.5617185,-11.794612,4.993376,-4.2477236,-4.849932,7.1187406,5.9972105,-9.425089,4.3487096,0.98025686,-3.0776758,1.8292127,1.3351883,-1.649516,-1.1384933,2.3215165,-2.6942718,-6.2998147,1.4787759,-2.545291,-0.88512444,-2.7553546,-1.9053158,-1.1818764,0.25230324,-1.6184279,-1.4888753,-0.26661125,0.47969225,-2.4857092,-0.33084735,-0.7532778,-2.8862946,calm
-652.3244,82.7199,5.6668167,16.565445,8.281692,14.928034,-0.48059657,-0.55506,-6.1648507,0.99932706,1.9675257,-3.919777,0.4366535,1.9783403,-1.6877965,2.1537187,0.6452177,-1.4058037,0.36514485,2.508064,-0.48902535,-0.5922506,2.6045053,-1.5133973,-0.8118763,-0.1537747,-1.9707215,-0.07822214,-2.064765,-1.0095372,-0.34289733,0.52731824,0.42611077,0.5599971,1.3078129,0.4307405,0.5276672,0.946484,-0.37626716,0.37590167,neutral
-671.14734,83.922676,4.4144216,18.822296,1.0988158,15.853525,-4.5814576,-1.1035547,-9.938231,2.6786115,-2.2649739,-4.625286,2.9222012,1.3775071,-6.4703035,1.7605908,-1.9933529,-3.1105163,-0.5236519,-0.74823284,-2.1303532,-2.8624034,1.2427937,-3.7980394,-3.5786617,-1.3453162,-4.130257,-1.7052119,-3.474995,-3.262913,-1.634926,-0.9426663,-2.1494005,-1.2102859,-0.88039947,-1.0254662,-1.3315728,-1.1440444,-2.580975,-1.8856716,calm
-590.8616,50.688057,-24.538645,-3.3477864,-7.2955213,0.3506409,-15.734379,-3.0930223,-17.794012,-10.360825,-3.7984352,-3.4389184,-9.616912,-5.9307113,-7.3055606,-2.4053571,-0.35529977,-5.276061,-7.6547165,-1.9498909,-3.8563313,-0.8812642,3.959056,7.0961595,11.709407,10.775716,6.730815,6.0540915,3.1405106,2.6970887,-2.8236876,-0.7067795,1.7117753,0.083508626,0.9315514,0.6955281,-2.840997,-2.4171293,-0.6078546,0.32257903,fearful
-602.7209,62.84519,-8.394002,6.5894113,-4.37591,1.4356265,-10.295985,3.8481052,-10.856516,-5.5122113,-4.194157,-1.5423423,-4.706221,-3.5288613,-4.0414658,-5.4528317,-1.0319419,-3.105657,-6.5721817,-1.9306378,-4.0764008,-3.934915,-4.982155,-2.8436613,-1.7389928,-1.4997833,-2.5790184,0.77796614,-1.3268436,0.6884003,0.47132832,0.4785891,2.801268,2.2618873,2.030328,2.6336997,1.2030382,1.1294992,1.1396245,1.3297738,angry
-477.00308,51.98464,-22.43621,0.07966247,-4.303525,-6.375623,-13.338382,3.2944665,-10.27578,-8.972216,-0.73087966,-4.789858,-4.3287773,-2.0812852,-5.9768295,-4.157786,-1.9779589,-1.8689731,-3.1769686,0.6150065,0.67987883,1.4518486,1.5432032,1.7598025,2.1803865,0.97328293,-0.38153744,-0.2500584,-0.8813734,1.3235178,0.97437,2.4258883,2.9493809,0.34462154,-0.9392892,-0.5925821,-1.4602376,0.72125304,1.5512364,0.41344872,angry
-519.63324,42.272,-30.099941,-3.093581,-8.013828,-4.3675423,-18.46374,-2.311752,-12.013569,-12.069893,-5.05816,-5.0358105,-9.207201,-5.8272023,-4.7039332,-3.176605,1.0687906,0.6411238,-0.19015834,7.5892167,12.221997,9.134248,8.235633,2.6093984,2.0924237,-2.5302687,-5.791417,-1.1909018,-1.4486836,0.67692536,-4.0417295,-3.2748997,-1.91407,-2.8741846,-0.0042250683,1.2092414,-1.3599771,-1.7628245,0.22840662,0.36634105,fearful
-696.2251,72.61911,-5.971652,6.434627,-0.2762453,2.8364086,-9.820615,3.4400737,-9.201118,-5.085862,-4.289515,-2.866197,-2.9726014,-5.1390038,-3.4942698,-4.2632737,-0.82744324,-3.1236513,-5.798485,-2.2346954,-4.3894997,-2.8332021,-3.8073351,-4.5552063,-0.42420644,-2.6997678,-2.8066492,-2.640085,-2.3948822,0.8151009,-2.50298,-2.1388767,0.5568345,0.8121376,1.4127873,3.4967136,3.0698614,3.317169,4.649928,5.416011,sad
-666.80176,72.579124,-11.815956,6.9202304,-2.758427,0.74923795,-5.3767095,1.8880272,-13.400004,-4.9366508,-2.646663,-0.7979515,-4.509567,-2.0346909,-3.0207548,-3.828315,0.49006835,-3.080978,-4.469811,-1.5064777,-4.158707,-3.0628018,-4.473239,-2.7909892,-1.5957379,-3.7192786,-3.209113,-3.547093,-1.7491064,-0.62324643,-2.6859264,-0.27352506,-0.33463773,-1.4176489,0.027186032,-0.9928718,0.093619,0.83877164,1.796148,2.1408112,disgust
-578.7148,68.02484,-12.293321,3.3390753,-6.6559877,-2.2932847,-8.483037,-3.1137812,-14.665143,-8.832308,-3.131414,-1.8985449,-9.200717,-3.4981396,-2.0294335,-8.325542,-3.2876918,-3.045805,-7.462407,-2.814198,-3.4229314,-3.534803,-5.590643,-4.6892138,-3.323065,-3.9406562,-7.2509856,-3.7714672,-1.7934457,-4.847216,-1.7674928,1.5584618,1.0272661,3.8093548,3.5030985,3.4662826,2.4278915,1.745575,1.9214413,2.3614538,disgust
-687.3986,61.031883,-7.11638,8.069417,-3.8432617,2.7920034,-11.200944,-3.3254013,-13.323005,-7.9586997,-6.2958865,-1.9197619,-7.7417617,-4.912199,-4.795567,-6.416377,-1.5258191,-2.4935586,-7.6335654,-4.212038,-1.3606274,-4.068643,-4.696328,-4.184898,-0.91836256,-2.4877186,-2.3636012,0.3259956,2.4001865,5.980047,3.0740786,3.4592667,3.9269807,1.8971611,-0.042806964,0.33677,-1.1134076,-0.98313016,1.5208341,0.49055278,sad
-558.19916,47.084106,-15.010587,2.2082465,-8.0792465,-1.2332699,-17.280085,1.9879117,-9.771471,-6.9998302,-5.948878,-4.0063896,-6.202224,-1.4692947,-4.3427763,-2.6920104,1.0984507,1.6811534,-1.2103196,0.84147143,-0.90903103,-1.8515724,-2.1923637,-0.89448047,-0.9795016,-1.1385949,-2.6965232,1.3891643,-0.5419126,1.2244225,0.59724206,1.5177132,1.3725511,2.3033159,1.1719325,1.7733756,0.6255984,1.3647441,1.5674019,1.748943,surprised
-601.55707,56.22707,-14.788618,5.832396,-0.5447872,1.7596618,-13.9631815,3.9500954,-7.4126754,-1.8806312,-2.5381293,-3.536913,-2.9707384,-4.0528045,-4.246459,-1.4222715,-0.22619914,-0.11143443,-1.1925915,1.4497008,-1.9456221,-0.5607298,-0.9534905,0.3206691,1.4094795,-0.28900123,-1.863004,-0.90189904,-1.7390428,0.81267565,-0.39049345,1.27839,2.93696,2.0535686,2.09454,3.9721546,2.216991,3.2232034,1.991354,1.184553,surprised
-558.6029,57.735268,-17.925465,0.6474384,-0.6263508,-1.7978332,-13.934751,-3.5213854,-10.3474245,-10.2803755,-3.0889096,-5.3283057,-10.227825,-3.159292,-6.3280315,-8.698458,-2.567974,-3.153545,-9.310441,-1.6447996,-0.90289956,-1.7794402,-1.8123006,-0.4561028,0.52837527,-2.6621692,-4.4437385,-0.093024135,-1.2538112,0.47309896,-0.3334797,-0.09615576,0.11959982,1.7061555,0.38016436,1.2762493,1.4119673,2.4763055,3.5780237,5.170233,happy
-636.3284,67.11574,-15.966241,4.9848886,3.678653,0.79736257,-11.596442,2.4776044,-10.262893,-7.066807,-1.8124375,-3.9394994,-5.9389787,-2.4943268,-4.4167695,-5.6086264,-1.0541735,-2.5925171,-6.016905,-2.2745755,-1.7451228,-1.9723495,-2.1114352,-0.25861868,0.29116535,-2.5427969,-3.1969404,-0.6247315,-2.4306874,-1.3593239,-2.525885,-3.3774428,-1.1079644,0.17522696,0.8188538,2.6214614,1.2891303,0.34689885,0.8251909,3.0132618,happy
-676.9464,62.021435,-4.2847834,9.674073,-0.5778349,2.832537,-10.690165,2.9925203,-7.7227254,-4.6659026,-4.6269574,-3.018172,-2.5841203,-6.3916,-5.1894913,-3.8301551,-2.151866,-4.7631736,-5.164535,-3.2949188,-4.897863,-3.0883431,-4.190139,-4.3944836,-1.6978977,-2.8835201,-3.8444028,-1.5256765,-1.8353449,-2.5818613,-1.4522219,-1.9026474,-0.71589017,0.46225652,0.58690464,1.5682312,-0.6887859,0.22297873,0.19831985,0.7350609,calm
-688.55475,65.21492,-4.006218,9.36352,-3.7464232,5.0809503,-8.949337,2.1395152,-9.365404,-4.1520343,-4.6722927,-1.6119943,-5.209119,-4.14025,-5.842529,-4.348915,-0.9988333,-5.2535453,-7.943112,-2.3752375,-4.127785,-3.9626403,-4.2865796,-4.0856504,-2.1271527,-4.3596215,-5.148356,-1.2156564,-2.5456886,-1.0528934,-1.6609235,-1.6608698,1.2373393,1.6873088,3.5258288,4.7259393,3.9466383,3.4022577,3.5879266,2.506007,calm
-659.5008,61.3148,-5.997138,4.4901476,-2.6454027,2.5160272,-10.722279,2.685003,-10.316002,-4.756049,-4.690621,-2.4549735,-4.5527906,-3.1094291,-4.7030296,-5.954689,-1.5726737,-4.0118804,-7.038681,-0.30624452,-4.9379945,-3.7940528,-1.4258751,-1.5668769,-0.5894728,-1.0053346,-2.7869668,-0.9458839,-2.1389225,-0.65839076,-2.0396538,-1.1900824,1.2553812,1.0526129,1.495551,2.878046,2.2505078,1.8805004,2.1437368,0.7627159,neutral
-507.97903,55.327003,-24.597252,-2.2963903,2.2030911,-5.13373,-15.9404745,-2.3842769,-10.304943,-11.138833,-1.3275425,-7.337683,-9.678197,-2.4866636,-7.3643074,-7.8844786,-2.4470065,-3.2247083,-8.413756,-2.5154824,-0.40507245,-0.72660404,-0.5197038,0.0069197733,0.5109423,-3.0118513,-2.953579,0.5687701,-1.5101565,0.16382161,-0.5536831,-1.7092429,0.4330718,1.4446508,2.378497,3.3511336,1.9365718,1.8881569,1.5582786,2.106982,happy
-623.5609,64.29266,-16.984367,1.9863323,-0.77768683,-1.095705,-10.206499,-1.0956905,-12.033014,-9.559129,-2.6313577,-3.4545596,-7.2920837,-3.1626873,-5.1663575,-7.7712326,-1.573285,-3.4892826,-7.061333,-3.0587547,-2.81938,-4.8992167,-3.5945065,-1.6600976,0.048732433,-2.431363,-3.051217,-0.4535569,-2.2738671,-0.5351766,-0.33752158,0.012626863,2.077023,1.7802615,1.1372728,1.1397474,-0.32377422,-1.6315455,-0.9596463,1.3449457,happy
-676.8966,63.290787,-2.5447514,9.512606,-5.238165,4.0801325,-8.802563,2.9575653,-12.019953,-4.360211,-5.64748,-0.8800454,-4.2146325,-6.154083,-8.509314,-4.7697086,-1.8368243,-5.110971,-6.5349493,-2.177251,-6.4080267,-3.220582,-4.9219666,-5.5463476,-2.9744806,-4.8956738,-6.468002,-1.9946151,-3.6309218,-3.533551,-2.3381176,-1.2060897,0.84155387,1.0119858,2.2044823,3.020422,0.9453632,1.2333211,1.2001623,2.2600322,calm
-675.8518,68.959435,-4.9626026,5.423141,0.6098418,3.1607316,-9.528844,2.6474686,-9.230494,-3.4923794,-2.775557,-0.8583372,-3.2529047,-3.1871183,-2.5393283,-3.9149675,-0.56695527,-4.1798887,-5.086741,-0.24430706,-3.459234,-1.579851,-0.8685269,-1.6790446,0.24093118,-1.3465209,-1.3802613,-0.41877908,-0.24013808,0.3417975,-2.2939687,-1.6274142,-0.15757717,-1.1528984,0.6262402,1.4093475,-0.14297596,0.22750519,1.8603997,1.3771691,neutral
-685.27014,66.034645,-5.312263,8.085226,-0.22538465,3.311465,-9.604638,4.020546,-10.162641,-3.7117698,-2.5037436,-3.869077,-2.9866397,-5.7223406,-6.992956,-2.994768,-0.64519966,-4.33117,-5.834762,-2.5790184,-5.7080026,-3.6782544,-4.7156353,-4.531526,-2.023587,-2.823745,-3.0730698,-1.0475241,-1.16093,-0.6813215,-1.0162036,-1.0099779,0.11348854,0.17672388,1.7986468,3.6321385,2.421096,3.1566644,3.6786726,2.1623168,calm
-564.9818,62.465103,-14.487927,3.4400377,-1.1810225,0.26285586,-10.752198,2.646129,-10.4493885,-5.05966,-0.90070343,-1.5124356,-1.1195512,-2.6581008,-2.755749,-3.3202987,-0.91456443,-2.6984086,-5.2312756,-2.091293,-2.6904857,-1.6965368,-1.1762027,0.39958072,2.3272686,0.03012837,-0.66663694,-0.17817666,-1.5236355,0.5495797,-0.59535277,1.0851934,2.9014633,1.5447519,0.56618917,0.9017465,-1.2271086,0.012687904,1.6090661,2.3887935,angry
-595.817,59.382206,-25.655386,1.5161881,-4.8676605,-1.9652708,-16.650064,0.6837817,-14.741962,-8.69511,-4.62043,-6.8369823,-6.595382,-4.524524,-7.2348657,-2.2414148,-0.98980355,-3.1396813,-6.348796,-4.956749,-5.8922887,-3.3463333,-1.2496473,0.98719263,5.9178977,5.845236,5.3764324,7.436152,5.3797593,5.421963,0.4745695,1.7172662,2.952019,1.6205806,1.1033076,1.1596817,-1.6126441,-1.5293797,-0.08075473,-0.036547754,fearful
-515.9983,38.055786,-27.663738,-3.2252216,-11.4832535,-1.9800559,-17.871073,-2.4275858,-12.107834,-9.330832,-5.251732,-4.9818377,-10.160073,-5.14034,-6.8752356,-4.1509633,0.63840175,0.37605828,-0.06922651,5.582479,8.011747,6.9477654,6.7397127,4.119077,3.613287,-0.055864323,-4.3583827,-0.44700718,-2.3745828,0.15251873,-4.1656976,-3.184263,-1.0778918,-2.7199814,-0.88443226,-0.7254077,-1.1197774,0.6271087,2.171823,0.9772241,fearful
-453.88705,48.402576,-28.487484,-3.6462314,-8.6114645,-9.896745,-16.036991,2.3280637,-11.231367,-12.242676,-3.3367684,-5.9945483,-8.363049,-3.6594408,-8.59491,-7.571192,-3.5960212,-3.5710366,-4.339496,1.1804795,0.6512628,0.48807883,-1.0521469,0.6810641,1.9864775,0.24524222,2.1491258,3.5130694,1.8316499,2.5319595,0.25651088,-0.94102454,0.93948686,-0.11575108,-0.16339494,1.771925,-0.9893413,-0.7199848,-0.7309839,0.42345193,angry
-653.723,71.55223,-12.836388,6.1638565,-2.0914633,0.56350946,-8.865092,-0.9978097,-13.01861,-8.319363,-1.9783113,0.5650332,-8.12291,-3.5239596,-3.3837883,-7.747059,-2.4844873,-3.8975463,-5.964566,-1.8364873,-3.717548,-4.6072836,-4.942756,-3.3607364,-3.8481526,-3.5351717,-6.570594,-3.6411452,-2.058661,-5.0494776,-4.336431,-2.729545,-2.345471,-1.5957855,0.10444014,1.2868844,1.3321308,1.5992306,2.7782748,2.262775,disgust
-683.29425,59.915516,-0.35981494,6.508976,-1.4676183,2.8750477,-8.309567,-0.59634686,-11.488852,-5.7631598,-3.1498957,-3.2484865,-5.245757,-5.040653,-4.293874,-5.445155,-1.3202673,-4.307241,-6.719017,-2.4038703,-4.1833243,-3.444208,-3.424227,-4.5177855,-1.1846837,-4.8881493,-5.0697913,-4.624096,-3.482911,-1.3506224,-3.0444427,-1.1964341,1.2733015,0.8552889,0.69280434,0.26432467,-0.7665928,0.6452458,4.5004735,7.5162997,sad
-684.31573,62.340847,-8.324207,5.9357667,-1.9212883,-1.0301523,-10.189304,-1.967844,-11.886771,-8.71532,-5.9609404,-3.7124434,-6.0599976,-4.174381,-4.191667,-5.160754,1.7213538,-2.1669803,-6.5773,-3.663088,-2.221313,-2.6067798,-1.8019321,-3.1856668,1.2428153,-0.76612043,-0.81336033,0.49799794,0.75650346,5.004949,2.6533709,4.5568438,5.261179,2.5426626,2.0582273,1.3756725,-1.1524826,-1.4858047,1.172184,0.6374797,sad
-604.80096,67.3899,-13.988151,8.438961,-4.7205157,-2.0792239,-7.7762175,2.8520653,-10.106051,-6.681345,-3.561178,0.10706911,-4.1022253,-2.936465,-4.274714,-4.514229,-1.1516376,-3.8204408,-5.849233,-2.4375458,-3.8341265,-3.4900594,-4.110021,-3.1759624,-1.9252348,-2.5349803,-4.4051,-2.8684504,-1.2959497,-0.2173834,0.577039,1.0311284,2.4021451,2.0575879,1.7368139,3.014053,1.2478229,1.3574387,2.1302502,1.9243143,disgust
-574.09515,56.993507,-20.57765,0.95600295,-4.247905,-1.0783085,-14.46327,3.3202925,-8.172607,-4.008372,-4.2820487,-3.434837,-4.926553,-3.5005183,-2.9101987,0.65870005,3.0105991,2.7220075,-1.151285,0.26705575,-1.5389075,-0.906774,-3.8753228,-1.9893991,0.103945024,-2.8872123,-4.82539,-1.6600059,-2.913932,1.0580814,-0.55234927,0.73565483,2.0046647,2.4207225,2.7347229,2.1973283,-0.049626775,1.3488591,2.0771306,2.8971813,surprised
-615.47516,57.472298,-15.626009,3.1130269,-2.866131,1.6390877,-15.600986,0.7807731,-11.471948,-5.5486,-5.0323143,-3.548146,-6.5748534,-4.4573746,-5.011845,-3.0914652,1.7691952,-0.33272707,-3.8341663,0.43132034,-3.464099,-3.6553,-3.3894918,-1.4799631,0.6029673,-0.57596904,-2.341702,-0.6382583,-1.2779347,0.8435001,-0.48891073,-0.056484934,1.4841732,2.5643766,2.3604906,3.0425086,0.8438388,1.0045139,1.7999482,0.7104531,surprised
-640.2968,64.62258,-5.6087327,3.4770446,-2.1005533,2.7046711,-9.134014,2.263086,-9.458851,-4.5997624,-3.946795,-1.7240582,-3.941357,-3.4443946,-3.9596899,-4.3429723,0.029694617,-3.3121116,-6.1665626,-1.0001365,-4.5130324,-2.9812937,-1.1000804,-1.1260172,0.2921103,-1.0087559,-1.0637127,-0.39682773,-1.4224702,0.20398407,-1.3237804,-1.1796443,1.3282088,1.7923585,1.6518482,2.6347265,1.2374674,0.35079795,1.5449139,1.1705171,neutral
-674.3035,65.869965,-5.672625,4.343221,-4.543814,3.119926,-10.637444,1.4574046,-11.619745,-5.863035,-5.0011463,-2.872971,-5.937071,-4.8814583,-7.025197,-6.475196,-2.2032676,-5.8682594,-7.972857,-3.1321445,-4.8327227,-4.477594,-4.9079943,-5.339877,-3.2213109,-5.305537,-5.7504306,-1.7629057,-3.2577136,-0.9140561,-2.319486,-1.4261851,0.8040894,-0.12039847,1.9910378,3.9236724,2.5194006,2.9820259,2.8337007,2.7581503,calm
-685.354,64.8416,-6.25909,9.039537,-1.8504004,1.9620016,-10.030852,4.2898245,-10.935775,-3.8740454,-4.0803866,-3.7543135,-1.8145919,-5.6399536,-7.025131,-3.579532,-1.0998499,-4.364078,-5.6716914,-3.6655328,-5.5941133,-3.3279078,-3.5645936,-4.841563,-3.383532,-4.230572,-5.5376234,-2.598008,-1.6979649,-0.7472553,0.21874742,-0.4296387,0.33880278,-1.0616894,-1.1380738,-0.056381427,-0.7179164,0.54727924,0.99083996,1.6957631,calm
-615.3698,64.712395,-17.525738,1.0721176,2.1432564,-0.7451553,-10.137992,1.4398389,-9.424702,-8.146935,-1.7783351,-3.5647104,-4.9699297,-2.514636,-5.2736297,-5.939844,-1.7886358,-3.1042075,-5.622537,-2.1001048,-2.2293856,-2.106289,-2.563421,-0.86178905,0.06636833,-2.797512,-3.0496483,-0.5808172,-2.303543,-0.014935826,-0.7728963,-1.3844085,0.57805365,0.77738637,1.4233614,2.834615,0.14550076,-0.7068869,-0.30749485,1.7222908,happy
-564.886,59.037647,-17.660675,-0.29245853,0.6204666,-0.51987076,-12.686069,-5.5435715,-11.660216,-10.052526,-0.98955363,-3.7621117,-9.788853,-4.7070236,-5.004196,-8.387944,-2.1644776,-2.8855674,-9.528622,-3.2271237,-3.3701077,-4.533599,-3.7977495,-1.2798077,1.2261288,-0.5347446,-2.9546487,0.1796775,0.18015341,1.245401,0.5076124,1.1545343,1.718979,2.059041,-0.35196748,-0.19539168,-0.029031293,1.4504803,2.0006437,4.0671415,happy
-688.776,60.15259,-4.9036407,7.6960416,-3.1103747,1.7679316,-8.34617,-2.3499694,-12.538821,-9.191037,-7.881257,-3.7299984,-7.1819487,-4.481253,-5.5689473,-7.365989,-2.004601,-3.969929,-7.953796,-4.4868965,-2.3018303,-4.631833,-5.500812,-4.9211054,-1.8877283,-4.644589,-4.614756,-1.5276155,-0.5863172,3.2725406,1.2939657,2.0819554,3.2553668,2.1745677,1.7066361,3.0934565,2.3731265,2.3518097,3.4433205,1.8251865,sad
-587.31866,68.01829,-14.568759,4.684473,-6.2608867,-1.0763568,-8.895314,-2.3191302,-12.355956,-7.5472345,-3.6468918,-0.09318416,-7.302063,-1.9395734,-2.0569496,-7.9440694,-1.9526589,-1.9014935,-7.022135,-1.3197646,-2.193751,-4.0513477,-6.9170017,-3.028616,-4.3767595,-3.7145061,-4.601953,-3.7337456,-1.9909647,-3.45308,-2.712269,-0.37459418,1.2432941,2.0599766,1.8678015,3.8145092,3.3890662,4.373001,5.7104864,3.882066,disgust
-676.8212,79.525734,-12.700563,8.421185,-1.8144246,-0.36520377,-5.796458,1.6079459,-12.252427,-7.24475,-3.7815435,-0.11595069,-3.9112654,-3.86191,-2.9501412,-6.477373,-0.361641,-2.3343136,-4.5076113,-3.1929011,-3.0816417,-2.7380035,-4.835578,-2.9368508,-2.3235857,-2.7204795,-4.5575304,-4.6471934,-3.0770812,-2.3762898,-3.4080133,-2.0804513,-1.3964177,-1.721295,0.21037467,1.2840148,-0.07792355,-0.53810805,1.5260471,0.08996323,disgust
-706.5462,70.95973,-4.1365914,6.6439753,-0.8450787,3.205322,-10.462762,2.9966118,-11.937458,-4.443748,-5.141396,-3.6179626,-4.5712757,-5.143256,-5.832727,-3.3671238,-0.07210282,-3.911973,-5.1930537,-2.9575596,-4.560502,-2.7368772,-4.24217,-4.677089,-1.3829831,-3.427769,-2.8065376,-2.5578234,-1.0734798,1.174663,-1.1342698,-0.2675756,0.5467238,0.46765772,1.2780571,2.4602218,1.9991838,3.2066677,5.718676,6.966397,sad
-535.523,44.54064,-30.301683,-4.1415024,-7.7397614,-6.3114443,-17.439528,-2.251262,-12.838899,-10.43201,-4.374937,-3.2262971,-8.528457,-6.466594,-6.4820876,-3.8969269,0.85370505,1.4299257,2.0377598,7.760972,10.785831,7.3336744,6.415595,1.510663,0.78286034,-2.5756795,-4.872217,0.123934105,-0.89076895,0.72881687,-4.5309286,-4.877432,-1.5783069,-2.5731905,0.92743295,-0.4819125,-2.1880527,-0.62732726,2.1475334,3.7073693,fearful
-502.75406,55.81529,-22.514963,-0.38626757,-4.559094,-6.385681,-12.998574,5.385625,-8.096994,-8.746943,-1.6673539,-4.6842523,-4.3427157,-1.1221287,-5.8018293,-4.8109164,-1.3239918,-2.1611156,-5.8387957,-0.7410693,-0.9047955,0.3886204,0.3855452,1.2427555,1.481493,-0.42008916,-0.9485067,0.27555442,-0.11418233,2.429964,1.7291459,2.251931,2.4146857,0.4218876,0.43238786,1.8468881,0.046075657,0.85415107,0.48604688,-0.33676144,angry
-590.8822,59.8463,-14.2538395,4.3443723,-5.582291,-0.55923235,-13.923412,3.8070235,-11.936244,-6.5984015,-4.050676,-2.3211434,-4.3040133,-2.726973,-4.385263,-6.2546644,0.54510933,-3.2156959,-6.0512857,-0.9606695,-4.59236,-5.4099646,-5.6921206,-3.3109477,-1.596716,-2.1930153,-3.445889,-0.1476879,-1.572755,0.7186905,-0.015825372,0.14256138,2.8812287,1.7179585,3.0679946,4.1990666,1.9292799,0.88428915,0.44001886,0.5440078,angry
-584.6368,53.946198,-23.683254,1.0352308,-6.619016,0.15367821,-15.050793,-0.9471066,-15.154127,-9.587488,-3.8004522,-3.3234997,-8.445857,-4.556413,-5.6523247,-4.85229,-0.58041453,-4.340731,-7.0739675,-2.5782428,-3.7413588,-2.8296635,0.068587944,1.88285,6.52336,5.3938365,5.1320257,5.316148,4.1794434,4.9050946,0.13656962,1.3044726,3.9377177,1.9207693,0.37841192,1.4730214,-1.9547871,-1.8723251,-0.10421392,-0.29212484,fearful
-628.42194,57.846428,-15.041886,1.5338745,-2.6143188,1.511159,-12.511132,3.1742525,-7.906259,-3.8033814,-4.864177,-3.9710584,-5.7344947,-3.7001534,-3.522891,-3.4755392,-0.44763795,-0.5258073,-2.500468,-0.7165316,-2.4009757,-1.9906477,-1.727395,-1.1858275,1.1619443,-0.9016518,-1.8013641,-1.324651,-3.35382,-1.0977044,-1.2139984,0.5236137,2.1512225,1.4932586,1.9249824,1.7688235,0.5368565,1.2292627,1.3585196,1.09118,surprised
-551.6057,54.531498,-19.835558,0.48231673,-11.989706,-1.1963363,-16.381798,0.1493997,-12.804778,-7.4575467,-4.887523,-4.6384563,-7.5270443,-4.5198956,-6.673303,-4.8900623,-0.84537387,-2.5547686,-5.1873,-1.0544866,-1.5701764,-0.23205806,-1.489189,-0.1523127,0.4783275,-2.3565097,-3.832782,-0.051853783,-1.9390479,0.52801436,-0.8029726,-0.1631424,0.14702658,1.8625689,2.0095491,2.1631608,0.8421919,-0.069964714,1.3281536,1.7857769,surprised
-610.62225,69.03071,-17.94175,7.085807,-4.932994,-2.7218776,-9.898748,1.7689621,-12.767782,-8.337047,-3.3750825,-1.2256466,-5.975883,-5.064969,-4.3636622,-5.469725,-1.5591459,-4.139186,-6.8731747,-2.4110608,-4.203174,-3.5412664,-4.3367987,-3.829419,-2.9348989,-3.4812748,-4.0816417,-3.7878864,-2.6469638,-1.8780179,-2.7260494,-0.8525362,-0.020610534,0.16366246,1.4915516,2.5856874,0.72843176,0.9385716,2.1045854,1.552541,disgust
-702.70337,67.9131,-3.6298938,8.076855,-0.73930705,2.7110705,-8.9391775,-1.222718,-11.854862,-6.6605196,-6.6040406,-2.7997153,-5.2018313,-4.1384854,-3.8988802,-4.944902,-1.0409694,-2.892388,-5.0424223,-2.284227,-1.8385737,-2.4297426,-2.9576936,-4.280988,-0.5989529,-3.2965019,-2.3643997,-0.9102171,-0.8338053,2.570706,0.47419247,2.2886515,4.347819,4.367743,4.804154,4.428345,2.2626157,0.94325,1.4661272,0.21298425,sad
-700.86566,62.921898,-2.619947,8.212914,-0.48985136,4.108222,-7.795467,-0.02335793,-9.3188505,-6.341343,-3.9372575,-1.853161,-4.5948195,-5.17756,-4.0791664,-5.3358603,-1.5325962,-4.0789027,-5.536739,-1.6802338,-4.1038094,-3.3197484,-3.0499446,-4.947014,-1.8914354,-3.7227793,-5.218106,-4.1843615,-3.964441,-1.9875141,-3.1234152,-2.756946,-0.104099855,0.3339604,1.5430464,3.133022,3.2354157,4.054074,7.0644903,8.328932,sad
-648.5525,72.062836,-7.5343046,7.6733584,-3.249206,2.9102309,-6.5976577,0.03433377,-10.93742,-7.2870636,-3.408879,0.59712327,-6.9675817,-3.1770034,-3.2907102,-6.5760345,-1.6368483,-3.3545625,-6.6101217,-2.404525,-3.3505816,-3.849462,-5.324763,-2.409452,-3.521708,-3.0322964,-6.4666934,-4.6092095,-2.5633504,-5.5060153,-5.0827127,-3.985473,-2.582016,-2.0618472,0.29041436,2.36827,2.1819158,2.874415,2.9420125,1.4292755,disgust
-437.46176,46.474915,-25.999445,-5.887986,-9.137497,-9.274363,-16.633013,1.2840623,-11.299037,-13.147175,-4.465234,-6.250961,-8.2641,-3.2917488,-8.560137,-7.1119957,-5.0630894,-2.7727842,-4.8158617,0.5600925,0.48115727,2.3389997,2.460127,2.7200558,4.3831344,3.0406494,2.728978,2.7222424,0.08778556,0.46455193,-0.8208536,-0.48760515,0.17347929,-0.32788175,-2.3478537,-0.6418919,-1.4548439,0.13683857,0.76702476,0.097284764,angry
-508.61215,42.668713,-26.237995,-3.0115821,-10.191428,-2.5118136,-15.029951,-4.4171395,-14.136554,-11.3241625,-2.822758,-3.4599664,-8.981435,-5.399793,-5.283487,-3.592939,0.40819794,0.19700198,1.2913009,8.51649,9.991015,6.996783,7.125901,3.3213656,3.909621,0.30270866,-2.3910909,1.1339252,-1.847588,-0.79941726,-4.6867414,-2.2586389,0.7678679,-2.296279,-0.69124013,-0.34779808,-0.9116415,1.4108714,2.7068026,0.97253764,fearful
-599.1613,56.84228,-22.899435,-1.210327,-5.610211,-1.7112187,-14.993203,1.2717698,-14.38086,-10.10225,-4.7062616,-5.4223394,-6.8581696,-4.8183703,-7.0538516,-3.2698598,0.3134197,-3.8490126,-6.7497163,-2.7632143,-2.4143136,-1.159502,1.3200455,3.285608,7.3439255,6.3479834,5.705554,4.8371897,3.5932555,4.108419,-0.64971083,0.06622906,1.5545442,0.6102282,0.89890754,0.5131786,-1.8350022,-2.8752413,-0.8839985,0.050173115,fearful
-588.2537,59.247955,-8.007299,4.5422053,-1.3240749,0.97312605,-9.401972,2.055399,-7.9198165,-6.6781945,-1.9953741,-2.8655589,-2.086076,-2.5841715,-3.6021729,-3.2447567,-0.29664177,-2.6106515,-5.323357,-2.1172328,-3.5679572,-2.1520596,-1.4877542,-0.9573943,1.6112802,0.90981996,-0.66704863,0.24257787,-2.0387535,0.12060255,0.09465208,0.7033847,3.2739413,2.3742404,0.65370667,0.7476319,-0.6704865,-0.39736032,1.2820964,2.0152056,angry
-622.95514,55.443245,-11.811411,2.722286,-3.9047046,0.62918544,-12.626839,2.8669498,-9.456175,-4.943672,-3.3962893,-2.588792,-6.8830247,-3.2313535,-5.195956,-5.2973742,0.26939636,-1.1170801,-4.604162,1.5437577,-2.1081107,-1.8968025,-3.0418932,-1.1156629,-0.35556778,-1.7385151,-2.3156044,0.054384943,-2.0528107,-0.44396457,-1.5979632,-1.2812675,-0.21030444,-0.08521537,-0.19403239,1.8147513,1.8532653,2.5449688,2.5244992,1.3831073,surprised
-564.7623,54.84977,-19.824144,4.487412,-4.2237506,0.4460903,-12.74342,3.2136304,-8.929535,-4.848646,-3.440392,-3.925109,-4.478769,-3.1258082,-4.371602,0.78994536,2.9971592,3.5337422,-1.6616364,0.07888242,-2.9687834,-3.3508332,-3.5449114,-1.6461918,0.8926854,-0.8328931,-4.123803,-1.2696348,-1.7244393,1.4612778,1.1768134,2.4442887,0.7908052,3.0038798,4.122683,3.4836268,1.8332537,1.6943887,1.0428263,2.4072723,surprised
-698.07587,70.690025,-2.29,12.190497,1.1434661,4.619095,-9.343385,5.610262,-9.482477,-2.0852337,-2.5283895,-2.290745,-2.3949482,-4.0191703,-4.3854694,-2.8808398,0.13085139,-3.4938035,-4.5380187,-1.9402224,-3.5307217,-2.4953177,-3.9413114,-3.4751153,-1.1028719,-2.551379,-2.6294553,-0.8264985,-1.5114325,-0.17407091,-1.1637452,0.08087158,2.6196904,2.63779,4.893988,4.88054,2.7704089,2.6148274,2.258452,1.5819143,calm
-677.49725,66.73792,-7.0662704,6.711427,2.3170297,2.5784457,-9.735838,3.7399817,-9.666592,-1.5748336,-2.7584553,-1.9055327,-2.6086488,-2.9706562,-3.0641103,-4.4644017,-0.86149883,-3.4916823,-5.282027,-0.7962502,-2.5613756,-0.8190154,-1.3265713,-1.6269692,0.19176774,-1.5065612,-1.7739027,-0.8547831,-1.1478447,-0.06112355,-2.7436736,-2.5041678,-1.6161278,-1.7579634,0.48650745,1.6671815,0.15978101,0.70696485,2.2525685,2.3304925,neutral
-680.23694,60.510754,-5.4886413,8.456001,-7.207877,3.0568423,-8.93921,1.36512,-11.655978,-6.464813,-6.3382726,-2.715138,-5.363808,-7.1182895,-8.189904,-5.129693,-2.8240488,-5.718863,-6.8495107,-2.2793455,-5.2536864,-3.7928028,-4.5623984,-5.5348063,-2.3910787,-4.0510364,-6.2779994,-1.2670223,-2.220439,-1.9301397,-1.3455802,0.9696901,2.6457942,1.9809521,4.110454,3.2169995,2.1410737,2.13337,2.6639261,1.6490715,calm
-621.7522,65.94344,-13.400205,4.6448717,0.76139146,0.4328808,-9.629009,-0.96714395,-10.922279,-7.44106,-1.0519143,-2.3797553,-6.1604385,-2.5791564,-4.908133,-5.849735,-1.2042195,-3.5736334,-6.902706,-1.8949378,-2.7804723,-3.7802877,-2.5693054,-1.0497652,0.2239778,-3.1471553,-3.2577207,-1.5001436,-2.953444,-1.2396653,-1.201454,0.14701682,1.9103749,0.8751066,1.1563838,1.9087954,0.86754197,-0.018671324,-0.06678841,0.6835489,happy
-509.58395,59.14795,-25.002703,-2.642916,1.5179118,-3.107946,-16.754808,-3.8577049,-9.711455,-10.388178,-2.2028632,-6.0850754,-8.971969,-2.2867906,-5.613216,-7.3281136,-1.5478505,-1.6469029,-7.9584785,-0.17847882,1.1769459,-0.2151261,-0.061856918,0.09737124,0.79394716,-2.1790059,-3.002345,0.25117746,-1.8503579,-0.6305157,-1.6803248,-1.8879946,-0.1964085,0.1445444,0.586496,1.7274991,1.4608756,3.087483,3.8697612,4.4539375,happy
-779.2038,86.27436,9.48881,24.385427,7.622752,9.100188,0.67175275,4.375345,-0.6787245,-2.7116053,2.4223847,3.534151,4.8084188,2.3839438,1.5600668,0.3572644,0.209233,2.2531228,1.3492086,-1.9099526,-0.6013304,1.780262,0.76093423,0.669933,-0.3123449,0.43350667,-0.24355093,-2.6885445,-0.55845684,-0.4695956,-0.08680171,1.3166909,-1.5519928,0.9264204,0.7074935,-0.69111294,-0.7264672,0.80179983,0.750171,-0.5679258,calm
-743.37396,79.36496,9.5264225,17.085663,7.9080863,13.541262,-3.4233572,6.993732,-2.1070845,-4.7845626,-0.5450686,2.7404082,1.3729209,2.8143997,2.321324,0.5997009,-0.087084435,1.0609173,4.2175364,-0.62472785,-0.31763616,1.2958249,1.7443087,1.345905,-1.6655732,-0.8701091,1.0146275,-1.5508581,-0.30420372,0.41001052,-1.0911669,0.647568,-0.08905065,0.9612294,0.1340012,0.57048476,-0.19487043,-0.47759902,0.5279529,-0.3290912,neutral
-760.5218,82.40443,6.1907973,22.071682,9.353237,12.615443,-0.56237125,5.5802655,-0.7639396,2.9593804,2.5859993,3.6632988,4.0792804,5.3271847,0.10578743,0.18665381,1.3891591,1.1551397,2.1002476,-0.81769645,0.54086244,1.5709776,0.9021017,2.2571158,-1.2185414,1.401441,0.33239067,-2.6650648,-1.1542324,1.158314,-0.15800267,-0.097255066,-0.80479103,1.7181166,1.1239485,-1.894915,-1.017951,0.94525325,-0.10914804,0.5995813,calm
-690.7287,77.73015,2.730664,11.091739,8.7887745,13.939948,-1.7518772,2.32584,0.91049516,0.23204412,-3.4204137,0.40626216,3.685342,1.4867042,-2.5289118,0.5275074,0.20641342,-0.55947405,0.8681137,0.6412709,-1.6360506,-0.94074,1.8251654,1.0239376,-2.3050342,-0.53894824,-0.20769295,-1.7657993,-2.2750313,-0.8415331,0.8342771,-0.038686026,-1.4502599,1.18349,-0.6749884,-1.0861897,0.9213088,-0.90935856,-1.6238972,-0.40803823,happy
-581.93896,57.64692,-1.0170155,10.131009,-1.6710628,6.656915,-3.9997985,-0.5909109,-4.1202464,-2.979383,-7.823537,-7.3153963,0.8450422,-0.97141695,-6.669375,-1.4318208,-0.7333473,-1.2833843,-1.332592,-2.2398877,-2.9202359,-3.8366272,-1.3557498,0.05939517,-4.666465,-4.166288,-2.05656,-3.267741,-3.3201632,-1.136201,0.97217286,2.0133367,0.98640966,4.209944,3.9832706,3.9028459,5.2607493,3.7702003,2.820623,3.4451394,happy
-615.2668,68.453636,3.245358,15.10863,-3.6650512,7.4217124,-9.700256,-1.7449665,-9.193847,-6.184594,-3.648545,-3.9422462,-2.890904,-0.7429291,-1.2813951,0.038740963,-0.7706403,-1.0876317,-0.20853935,-1.6161643,-0.8849828,-3.0348275,-0.9463225,0.72615945,-3.233667,0.85038185,-1.6973975,-1.1424743,-1.6894717,-3.9967616,-0.065938175,0.9299023,-4.817337,1.5454282,-0.35312203,-2.4309304,0.4990922,-1.8888482,-0.61917114,0.34666675,disgust
-768.28424,75.99117,5.6833158,13.939804,9.684701,13.050104,0.041286144,2.1897538,-0.83723325,-2.1460805,-1.6406524,0.07493007,3.979878,1.6631635,-1.2133726,-0.99522924,0.80563563,0.4194101,4.461445,2.2910068,-2.6570342,-1.6033047,0.15657908,2.7030585,0.58410734,-0.74687976,-1.2384061,-3.2162025,1.0511409,0.27020523,0.17360762,3.1239996,-0.96337384,-1.43901,1.7453179,1.0827091,1.9676119,1.0586128,-1.7986689,0.31731385,sad
-787.7235,86.2447,9.011122,18.975998,10.758526,14.432211,-1.9265211,5.2886214,-1.0911804,-3.5004332,2.3677983,4.008994,3.2417507,1.9829882,0.15758382,-1.5691638,-0.9361046,1.5775907,3.0432541,-0.0053867553,0.7966291,0.11707966,1.2012719,2.8648334,-1.7533911,0.20473167,-0.49000105,-2.7115152,-0.628458,-0.23978318,2.1348536,3.9930496,1.230433,-1.0209038,1.2374443,0.8950811,-0.13488443,1.6100385,0.12399337,-0.8764684,sad
-758.5461,69.87072,5.2494764,22.440687,6.8365297,10.896713,-3.1182966,4.9660892,0.85836947,0.23329863,3.3944948,2.1225412,5.839977,5.197826,0.25247627,2.6129477,1.3197814,3.963418,2.997881,-0.07374509,1.0060406,1.6854695,0.95694935,1.0800792,-0.30408052,0.91697,-0.74240077,-0.86823577,-0.11761812,0.31330764,0.95423925,2.0006747,-1.2098794,0.9263199,1.5139136,-0.45471713,0.87388617,1.4152086,0.25606647,0.51329553,disgust
-410.08502,53.68095,-17.276892,0.9002446,-3.7101836,5.73275,-12.284323,-6.4308867,-6.3808928,-0.5300134,-9.137878,-4.2107553,0.5410031,-1.7397022,-4.392601,-1.3018866,-2.2776299,-4.2437873,-4.45721,-2.3153553,-4.454454,-3.8016713,0.400351,-0.7172338,-1.6978109,1.838528,1.9366214,2.7976105,1.0630429,0.900099,2.6082804,1.6305685,-0.027540302,1.490272,0.35633475,1.6406996,1.5074829,0.8180769,1.3257445,1.4561456,angry
-487.92834,72.33608,-20.228128,3.4798777,-5.387781,5.9150085,-11.829039,-4.9249563,-15.595353,-5.6148868,-8.889962,-6.468468,-0.039043278,-0.11668301,-8.377112,-1.5609721,-1.9943389,-4.5922613,-2.162404,-0.6036977,-4.7339115,-4.2487946,-0.78249496,-0.24790722,-3.5043595,-0.9324836,-3.0914912,1.8378757,1.5003313,3.6982388,5.78018,8.439209,4.564082,6.552386,6.9346795,4.2230325,2.7673912,3.8506129,3.0087817,2.6115162,fearful
-639.7596,65.10845,2.5356522,9.924289,3.7262785,8.331626,-8.568151,0.099396914,-4.1446877,-1.7943085,-3.7831912,-1.7559727,-0.7657043,-0.070404686,-2.2397635,-1.2374157,-1.3654342,-2.048602,1.0488648,-1.151753,-1.3209773,0.4766931,-0.43741402,-0.036869183,-1.1816648,-2.3936133,-2.8480186,-0.7473018,-0.74591506,-1.5747113,-0.031331643,0.8172795,-1.5173779,-0.89438736,-0.05843597,-1.0411351,0.47194543,-1.0787106,-1.2058576,-0.4457443,fearful
-658.3985,92.25712,10.439391,15.382305,1.1310182,17.144245,-11.963671,5.091605,-2.6617107,-4.411881,-2.721963,0.9106807,4.2951636,0.28983763,2.7634256,2.1327038,-1.0839787,-2.780482,2.4515078,-1.9226319,-3.1606157,0.2730336,-0.62410486,1.2540764,-3.6401365,-1.6018466,-0.584371,-2.1876204,0.20825383,-1.1185607,0.893953,0.9345088,-1.8075776,0.63060945,-0.8401816,0.3228541,1.2591825,-1.3569969,-0.43183604,0.36930087,angry
-658.2851,69.19514,1.9624767,14.425354,2.3983486,9.600538,-6.348393,0.53475004,-2.5102575,-1.2904503,-2.2836022,-2.4629245,-0.08590042,-0.034385223,-3.9736223,0.21951668,-0.76154435,-0.9614734,-0.037255965,-1.7668426,-2.3048837,-0.7872106,0.3516248,-1.3610681,-1.9555638,0.040014893,-1.4207686,-2.0587983,-0.6447004,0.5806621,1.5210351,2.1288645,-0.6383056,0.27838168,-0.23711975,-0.7317729,0.44216898,1.0467412,0.9604146,1.5205939,surprised
-589.5483,58.11989,-3.6030607,9.387148,-3.2152379,5.0621853,-9.304837,-0.6549845,-6.6806703,-4.5606112,-6.979706,-4.666886,1.3564454,-0.6230329,-5.2641096,-1.490447,-2.4293249,-2.6366105,-1.7919221,-4.320047,-4.038507,-2.5562673,-0.056789808,-0.724946,-3.8920248,-1.7516786,-1.7381258,-2.3398814,-1.5075544,-0.0588363,0.7737465,1.6652634,1.3433033,1.4826064,0.2047607,0.5774998,1.1339579,1.0059229,2.5795538,3.8518527,surprised
-774.4121,79.73259,13.315589,20.63134,9.76415,14.491449,-2.6288533,5.520432,-2.5079188,0.9942373,0.12339976,0.64597696,1.4845024,1.4556823,-1.2552297,-0.13315412,1.9899852,1.0414889,3.2436047,1.2615086,-1.4574796,1.950785,0.69955623,0.60092497,-1.1067111,-0.6514561,-1.9903984,-1.0802155,0.52441734,-0.45176476,0.870358,1.9621792,-1.272722,-1.2727712,1.934888,0.6576937,0.023202414,0.9457824,-0.9979692,1.1594858,sad
-622.9234,65.84624,0.8626282,15.21992,3.321306,5.6528516,-11.741512,0.46349126,-4.100205,-1.4250213,-2.6941624,-2.9560647,-3.217234,1.4847876,-1.293764,-2.184174,-0.4977691,1.9226602,-1.1065823,-1.8093747,-1.4753184,-2.551684,-1.4244425,2.5620828,-1.8173426,-1.5325845,-1.2055424,-0.71488863,-2.6149883,-1.0647146,-0.35055658,0.62402356,-2.0498474,-0.47538614,-0.72253746,-0.17869619,-0.54346734,0.42124838,0.40310687,1.2507012,disgust
-683.0968,60.523193,6.5681815,18.146255,1.6740506,7.8042383,-4.170031,4.721233,-1.4569209,-3.6950996,-0.559999,0.21939434,2.9029305,2.5455704,-0.89495796,0.74254704,-0.95929027,0.78610003,2.4397297,-2.4395046,0.5798273,-0.82365257,-0.3242306,2.1269913,-1.4748347,-0.09535678,-2.1878579,-1.0072653,-1.4093236,-2.3142567,0.77522594,1.7655264,-1.1744317,-0.79106534,1.4497361,0.49774197,0.45448607,0.16358095,-0.5761312,0.25671402,disgust
-806.65906,73.12427,13.385405,19.376148,8.624548,16.145153,1.4619988,6.499918,-1.3463503,-3.577196,-0.2433952,5.009816,3.48745,2.2330372,-1.1694758,-0.43862668,1.5763744,1.2580752,4.985743,-0.40396434,0.6349398,1.536648,2.2376995,2.9205375,-2.1731808,0.5999219,-0.043404594,-0.6461534,1.1199723,0.5375979,0.6028289,2.165551,0.2770293,-0.5880282,1.3481246,0.4941547,1.3201196,2.1942663,0.5314022,-0.13776974,sad
-503.2778,49.311733,-10.858417,7.091203,-2.2276032,7.33086,-9.972189,-3.3602614,-5.8895435,-3.2389328,-9.900846,-7.267537,0.076081775,-1.4320034,-5.8674455,-3.256781,-2.4518676,-4.1412263,-3.9791272,-1.8695517,-5.1553698,-5.0080986,-1.4845781,-1.8436022,-4.5367746,-2.5228767,-2.8096712,1.4751115,1.1587784,1.5732611,3.4306371,7.062433,3.618458,3.8949637,5.421035,2.3548203,2.563242,2.1954958,0.1519928,2.6572657,fearful
-375.92233,48.67503,-15.678991,0.9130915,-9.62566,6.138091,-12.655765,-6.9641724,-6.0187707,0.40665263,-11.7507,-9.210701,3.0688975,0.021205645,-4.273694,-1.3861197,-2.2500472,-0.63722634,-5.571513,-3.7334704,-1.1811862,0.42709002,0.53481686,3.5499325,1.0671664,-0.012981873,-0.8667887,2.0238192,0.5848405,0.8694968,3.4805272,3.9111392,-0.0015533984,0.5361853,1.303465,0.14954257,0.94610876,2.126874,0.18432716,-0.11114343,angry
-583.9638,73.541756,-4.861074,13.352509,5.8811965,13.631638,-11.971299,-0.074582055,-0.51133555,1.731417,-2.8484917,-1.6721634,1.4208889,1.5762845,-2.2820091,1.6576333,0.7716336,-0.6957274,0.41865537,0.19713987,-2.3637369,-0.5793169,-0.5020425,0.83738416,-2.667626,-0.077078596,-1.751259,-1.1750548,-0.92497367,-0.7206279,-0.70330185,0.011391947,-0.451972,0.6857845,0.22490737,0.5111549,0.9812756,0.72849256,-0.48015827,1.3940754,angry
-679.86957,67.4138,0.6443341,14.287672,1.3319824,9.708746,-7.92942,0.34221584,-3.1056933,0.2781309,-0.40730554,-0.94388986,-0.85304815,0.4464885,-1.777909,-2.0532053,-1.1294553,-0.009721297,-0.31838605,-1.6410466,1.8001411,1.3524307,-0.49180293,1.4648262,-0.8587062,-3.2923095,-1.637105,-0.5883714,-0.22795545,-0.9468297,-1.2938882,0.73104876,-1.2725073,-1.0169826,0.51412123,0.16353284,1.3014134,0.51061755,0.24043915,1.0437955,fearful
-633.0782,69.727844,4.185075,13.3742285,3.630677,9.555896,-6.489276,1.1586788,-5.1364145,-5.1565523,-4.516792,-2.888665,-0.7415225,-2.1632872,-4.43593,-1.9985243,-2.9100437,-1.2034628,-0.19895299,-3.2056377,-3.381498,-3.2059042,-2.0388823,-1.9610399,-3.3692086,-1.8334496,-3.0255015,-2.8079598,-2.5702686,-1.7203243,0.05982219,1.227319,1.1273427,2.2331219,2.7283792,3.346077,3.2657099,1.0275905,1.0615064,1.282912,surprised
-605.8551,68.6233,-0.21385513,15.73917,-5.4279876,5.890583,-10.449751,2.4604182,-5.55246,0.3309797,-6.9227557,-4.0636144,1.065969,0.78290975,-6.1381683,-1.4459977,-0.61618984,-1.5560886,-1.67521,-4.1537786,0.6715893,-0.08473693,0.8386289,4.0771155,0.6178173,1.7438796,0.2160907,-0.15234175,-1.5981144,1.4669436,1.8534681,1.2168794,0.8435614,2.5383418,1.2331282,2.1056728,1.5170019,0.20377687,-0.48548287,1.022023,surprised
-745.62787,79.43581,11.096165,14.474286,7.888728,15.525535,-2.4213848,4.9751854,-0.9164881,-1.1385553,1.2851641,1.0312934,2.5144024,1.4759915,0.39726532,0.44332016,0.87547725,0.11267587,3.3259194,-0.27140227,-0.98806185,1.8077972,1.3947803,0.93463206,0.10767022,0.506647,0.5270902,-1.033523,-0.6196982,0.74369615,-0.8668804,-1.0604106,0.03875719,-0.022301352,0.70618486,0.023566116,-0.76623523,0.2653449,0.2457833,0.29680434,neutral
-804.9232,80.672035,11.463864,24.329596,12.855053,9.199524,1.4415293,4.7873425,1.5345402,0.3047245,5.752466,2.2068622,2.3233478,6.0897374,0.55800486,-0.09418478,0.24744199,2.3874187,3.8560503,-1.9286375,0.30791867,1.6376165,0.9346513,1.9374356,0.5042403,0.78067946,-0.64230955,-1.795971,-0.8437863,0.85203946,1.0135756,0.9842072,-1.0157124,0.53066075,1.4725116,-0.89208776,-0.9832432,-0.44778728,-0.55720705,-0.47246128,calm
-807.42584,73.703896,13.295908,29.378805,11.626424,12.725356,0.74065775,5.2077723,0.1151117,-3.2490222,6.3512106,5.5122614,4.602931,3.51219,1.3310441,-0.45702583,-0.38748434,3.059246,2.4706254,-1.7350405,0.19406176,1.7575256,0.8722155,0.3700323,-0.33568603,1.786274,0.23415665,-1.6030992,0.12586938,0.083359025,0.05957288,-0.45605683,-1.3398457,1.4891475,1.4329934,-1.302506,-2.1716897,-0.32256666,0.8614416,-0.09194157,calm
-705.6408,67.128624,5.387963,16.698215,5.6570563,12.044302,-2.9805415,3.4887762,-1.450342,-2.4397235,-1.5370629,0.018558793,1.7478684,0.91987014,-2.3978674,0.19032751,-1.3210543,-0.91451216,1.6275467,-0.17839934,-1.7522023,-0.53454685,1.8934878,1.9057813,-1.4700172,-0.0990658,-0.017669871,-0.85282105,0.3404608,-1.1882778,0.81054205,1.7291017,-0.5844372,0.1831523,0.5399372,-0.13035567,0.7267501,-0.0767709,-0.9907454,0.77974194,happy
-654.8162,70.19015,2.0936158,14.880124,-1.5901052,5.2150106,-4.647345,0.45621458,-5.282748,-2.4086297,-8.816508,-5.3364477,0.96770114,-0.27900693,-6.821707,-0.6956486,-0.021930734,-0.09782512,-0.23384775,-3.5542405,-2.965145,-2.2762396,-2.350406,0.07986305,-2.5857325,-1.5846492,-1.3994486,0.19562499,0.81021607,1.8699415,3.6488528,3.6009288,1.7364397,4.201362,2.9471831,2.184974,3.9942157,4.0349627,2.6401336,2.7546997,happy
-617.5812,86.21082,1.0662209,14.839282,3.6984608,12.383148,-13.410377,4.534248,-1.8325533,-4.6551275,-2.5967085,-1.2582723,0.4352117,2.842449,-1.2123026,-1.1864264,1.1424785,-1.3921238,-0.29135486,-2.4933662,-3.657197,-0.7476368,-1.3561351,0.37339556,-4.5552645,-1.177393,0.40529916,-2.5097003,-3.024599,0.47051245,-0.7687221,-0.33599684,-0.06547043,0.29916865,-0.3102757,-0.08076728,1.3380793,-0.9170505,-1.1943452,0.704687,angry
-735.6164,74.10585,5.410368,17.390242,6.5559363,12.561914,-3.631566,3.4709134,-1.7304357,-0.34628803,-0.8866113,3.3862293,1.3162736,3.1080458,-0.90640664,-0.30708897,-0.9177212,1.0222617,4.4622097,-0.23556012,0.2996225,1.5696099,0.49757302,2.5924616,-0.9918519,-0.63118047,-1.1058409,-0.037324134,0.18206316,-0.24049382,0.77964216,1.9411601,-0.4362123,0.24244627,1.9355142,0.18376036,1.0030304,-0.75277555,-0.9350445,1.0111761,fearful
-494.5333,52.200413,-13.822655,1.4291773,-6.267287,5.561171,-10.05408,-4.2174177,-10.804307,-3.0954978,-6.6993113,-5.426561,-2.062078,0.35520414,-5.795106,-1.8906881,-2.591033,-2.6561954,-1.2410516,-1.0844402,-2.1663592,0.3133552,2.2513926,3.3654792,2.2728558,3.1015265,1.9097413,4.056122,3.050475,3.445712,3.326685,5.7524414,2.8376358,2.64146,3.5615926,2.8358252,4.083766,4.5058913,2.7860687,3.2034965,fearful
-443.39395,57.006424,-11.7556,7.276813,-2.541634,7.9296765,-12.702966,-2.0090663,-6.871614,0.37461394,-6.7978516,-3.840845,0.2846001,-0.3553952,-4.3085275,0.518363,-2.176291,-2.8159316,-2.7386472,1.0862926,-3.8884938,-2.7521188,1.4890065,1.9205818,-1.4614956,4.2253113,1.5852664,1.9357796,1.2602992,2.3682704,2.1520014,5.07103,2.4140575,2.3259373,2.4481912,2.2931156,2.1910937,3.0891547,1.7875729,2.041139,angry
-694.624,61.53536,0.7714967,19.819183,3.4739587,8.116658,-6.211774,2.5990348,1.205922,1.8568197,2.399185,1.9591494,5.469426,4.731135,0.60922676,1.633863,0.64089864,2.9901576,1.7279058,-1.5080683,1.5674357,0.24506329,0.27494004,2.156998,-0.53672034,-0.040047426,-1.4551883,-0.21288331,-0.63686955,-0.3727388,-0.4873106,1.2579167,-2.033762,-0.96956533,2.4325535,0.7227487,0.026408505,1.4126587,-0.5467522,0.15917021,disgust
-807.9156,78.80209,18.301233,20.22539,12.266487,15.055645,0.37127507,7.652366,-1.148217,-2.4365404,3.881323,3.410954,1.1622702,4.383166,2.9809222,0.3526184,0.66982645,2.2391965,4.1600633,-0.66426146,3.3699756,1.4604304,1.3202463,3.7428522,-1.813632,0.2689965,-0.48652717,0.33256114,1.1309856,-1.1161982,1.7672712,1.9869095,-0.09215613,0.9292852,1.8304479,-0.1600443,0.5158715,1.4054881,0.533004,0.17477566,sad
-738.37933,64.149254,5.344612,17.254885,9.875319,10.171444,-1.5616273,2.9478457,-2.629762,-1.0007086,0.3437692,-0.5584889,2.6812787,0.8272288,-1.9295183,-0.39842126,0.74911404,1.3484231,4.2646937,2.2951643,-1.0249301,0.77900815,2.1314428,1.5039345,0.8218891,-0.41651195,-0.4105419,-0.71504164,0.08190257,-0.47605383,-0.74197555,1.7945259,-0.99866587,-1.3433863,1.3027619,0.03411786,0.82399976,0.5144496,-0.9367932,0.44112554,sad
-662.8744,103.94456,5.9789705,25.181473,-2.6262105,5.326764,-12.232278,1.7989261,-3.0362077,-1.6805543,-0.28292418,-2.1807957,-3.3785343,2.58094,2.027239,0.24360463,-2.6358347,1.4166621,1.8899949,-2.664194,-2.6898983,-4.8716297,-0.70702165,0.8347888,-3.9476614,0.6184667,-2.1322558,-0.99291503,-2.521227,-1.867,1.5935354,0.87865895,-2.4592915,0.37516993,-0.24617507,-0.36269253,-1.0183979,0.8518272,-1.658961,0.050800093,disgust
-621.5712,67.74282,2.3976157,13.145085,-2.8208644,8.465307,-10.47922,2.8156726,-5.4487224,-3.7028117,-7.617901,-5.23445,-0.93262887,-1.4126943,-6.7294774,-3.0645366,-2.2769005,-2.2304869,-1.0936613,-4.143065,-3.287784,-5.278969,-1.3532026,-0.71665865,-5.5163956,-1.5829545,-1.3930931,-2.5899277,-2.7446122,0.7308202,0.7777098,0.8266848,2.1285813,3.577119,1.8071061,3.12724,3.2926576,0.32703528,0.402664,0.87757725,surprised
-646.34155,74.12912,-1.6168963,10.048206,2.1406007,8.542957,-11.360659,-0.8596177,-2.2113144,-3.2036679,-4.4763355,-4.2263045,-0.80088776,-1.3500413,-3.893747,0.46119446,-1.3844573,-2.1126049,0.21732366,-1.1555877,-2.9510138,-2.1893775,0.3584172,-1.582248,-3.0168464,-0.89196104,-1.544847,-2.1987545,-0.9874439,0.0014699743,0.65388876,0.5413153,-0.90500224,0.68303525,0.3102057,0.74130124,2.174002,1.3045849,1.2172768,0.4365469,surprised
-583.29614,76.37156,-1.4949583,10.523987,0.78359604,8.559765,-4.559662,-3.3534722,-4.3829618,-7.1172166,-12.456309,-4.484814,2.290599,-1.5732714,-7.6266584,-0.93329453,-0.7307231,-2.1557226,-1.4495808,-1.8388492,-4.420587,-3.3014247,-1.9409364,-0.76365876,-5.0842533,-2.4639883,-1.7427204,-3.5223794,-3.7411315,-2.9242876,0.078695446,0.28875646,-1.423788,2.9754558,1.419822,1.2047504,2.5336592,1.0508603,-0.911667,1.480639,happy
-714.2118,83.85258,4.0629964,17.653406,6.3173575,14.02469,-1.367708,3.224947,0.13680892,-1.5748109,-7.5801845,-2.1825893,4.717468,2.6239722,-4.3408074,1.5722778,0.5596547,-0.037426237,1.0629878,-0.8629141,-1.2009009,-0.71263915,0.27696198,0.061413217,-2.4099982,0.324701,-0.4931246,-1.1385418,-0.5164761,-0.9795441,-0.11927952,0.20477912,-1.8411119,1.5053693,0.058068622,-0.4809409,1.0934192,-0.70422673,-1.4998376,-0.45744705,happy
-818.1124,69.373825,11.634333,22.768675,11.425703,10.675944,3.4388793,3.3643246,1.1843284,0.38709491,5.925577,5.276465,5.5398927,5.554872,0.89393914,1.889475,1.436909,1.9973104,2.3208637,-0.24483834,1.8494785,1.7883083,1.6158059,1.1454203,-0.321722,2.0580611,1.2320268,-1.6458818,-0.6076241,1.8788462,0.5325098,0.53474456,-0.7107448,1.1357046,2.566621,-0.4516861,-0.6115009,0.88268584,-0.08777782,-0.5037623,calm
-717.5823,78.185074,5.8663735,13.89903,9.541054,13.190982,-4.5445065,6.119659,-1.2851962,-4.5285864,-3.6096148,2.6806617,2.2844653,1.0578864,0.8808348,-0.2735751,-0.40442452,0.51364416,2.8605409,-1.0244573,-1.6671076,-0.1175417,1.8646718,1.8179573,-1.851457,-1.0438279,0.25385356,-1.604238,-2.0172894,-0.41546574,-0.11071557,1.0703908,-0.49074185,-0.34361255,-0.2791387,0.09942139,1.3664643,0.1334863,-0.057221115,-0.7372141,neutral
-739.96356,85.02769,7.809626,24.409294,1.8952539,8.188356,0.5513838,3.2693956,-2.0227065,-1.5710258,0.83524173,3.127672,4.2859507,1.8837082,-0.09544142,0.2542414,-1.0437071,0.87434685,2.7289221,-2.3383377,-0.78638667,2.1049368,0.2296978,0.45104375,-1.6491362,0.44605374,-0.20726657,-3.4639685,0.06827062,-0.837381,-0.22083884,2.9196713,-1.2364043,1.2807145,0.38886726,-0.17367163,-0.33986047,-0.10849137,0.48784935,-0.41402057,calm
-586.4469,78.43536,-7.053593,4.401645,-2.316204,8.728764,-5.473476,-2.745218,-4.88812,-1.6251888,-10.706304,-4.8901553,3.2905898,-0.027624168,-7.2209935,1.9952029,1.2207857,-1.4136165,-0.93704504,-2.031636,-2.7250319,-2.3804934,-2.772629,-0.94840527,-3.6304572,-0.9869092,0.19250749,1.4192004,0.19694918,3.1393363,3.582419,2.777879,1.0985502,4.724182,3.9399986,3.0208344,5.1636963,4.760437,2.399564,1.8075529,happy
-632.35693,82.63757,2.6684155,12.087468,4.402938,7.6572347,-4.766013,0.30080745,-2.7310126,-4.629304,-5.3518357,-0.6607264,2.805359,-0.10198483,-3.5939684,1.3021083,-1.9462521,-0.9865802,0.00389625,-2.556343,-3.2101338,-1.1028849,1.249785,-1.4493053,-4.0680795,-0.5209468,-2.2128525,-3.5844188,-2.0702484,-1.6703564,-0.71905786,-0.9785599,-2.112196,-0.14690737,-1.4971191,-2.0832844,-0.2365261,-2.2372625,-2.131579,-0.59579307,happy
-791.41437,78.845634,9.958047,29.421923,8.649224,9.487895,-1.8774332,4.242344,0.9241691,-1.5308383,4.2767177,5.5863986,3.9707325,3.0736737,1.7416905,-2.6042633,-1.6944777,2.6036909,2.88242,-3.8031116,0.8301633,2.787475,-1.047387,-0.057604484,0.13099194,0.49047968,-1.6695735,-1.9808702,0.6352216,-1.5889717,-0.7144833,1.0518676,-1.633774,1.8827798,0.20912552,-1.0421697,-1.8435438,-1.0821085,0.66027546,-1.8188032,calm
-771.8971,89.86551,9.974906,20.977041,9.715436,10.3552685,-0.349787,3.5301297,0.46184257,0.77888656,2.6902113,1.9315162,3.5646238,3.7229886,1.2044247,-0.4812912,-0.2240277,2.3154235,2.9702258,-2.096383,-0.88019586,1.6341745,0.844085,0.3354797,1.1121676,0.961529,-1.1472985,-1.2685347,-0.9831926,0.33283734,0.83931535,0.96854466,-1.0149083,1.1802331,0.38988075,-1.0298954,-0.020442046,0.13890617,0.044869196,0.49471924,calm
-770.86664,85.49171,6.573692,15.811795,10.540723,16.954483,-0.7035449,7.914267,-1.6544687,-1.4567353,2.8554604,3.3039877,4.837098,3.0313659,1.1151779,0.48906705,0.95476437,2.9261758,4.2116213,-0.73686606,0.25160593,1.2515512,2.1405737,2.7969859,-0.2800458,-0.7609611,0.32700956,-0.3306585,-0.4089631,0.41844317,-0.4488175,-0.76669717,-0.52857804,0.98194504,1.1276124,-0.46098313,-1.2693088,0.6981204,1.0683415,0.44930264,neutral
-683.11664,64.314705,2.5644445,13.713733,4.293927,11.677067,-6.6618986,1.3347564,-3.0110307,-1.6245216,-1.374364,-0.6513202,-0.33572218,0.47500843,-1.52997,-2.1369822,-1.4353431,-1.0552385,0.53484064,-1.9938672,-0.047023628,1.363369,-0.6520853,-0.061378673,-1.0512459,-1.7485065,-1.9507886,-0.9943338,-1.5303494,-2.1576598,-0.23500302,1.0299667,-1.7593135,-0.65087837,0.22224052,-1.0051969,0.28962892,-0.6931866,-1.1604747,-0.34839424,fearful
-567.54004,77.56695,-8.457943,3.920734,1.9460759,11.819978,-14.057415,-2.2653146,-1.5817614,-2.4103527,-5.664476,-3.5412087,0.5504964,1.006369,-5.0444903,1.2694284,-1.4027174,-3.6623003,0.36029777,-0.35587204,-4.161883,-2.0126987,-1.3588318,-0.5374243,-2.3985593,-1.9276903,-1.8294898,-2.7003126,-2.6871898,0.45602825,-0.17214012,1.5620583,0.82315904,1.4974718,1.3404462,1.1479393,1.3023587,0.76170176,0.36024323,-0.396567,angry
-378.97305,46.19807,-11.885607,2.7652798,-7.97421,6.9928646,-11.228325,-8.709319,-6.546465,-0.9612978,-9.294931,-6.717618,2.6781518,1.4523154,-3.9787526,-2.1285274,-2.7057815,-2.1054842,-4.186953,-3.299005,-3.1006265,-1.0458318,0.77395785,3.395098,0.72963786,1.4151692,0.31656885,1.6248275,-1.0835972,-0.74097496,1.8908734,2.4358234,0.7793395,0.3927095,-0.4927509,-0.12760003,1.5011394,1.4530947,2.41043,1.7802944,angry
-494.52658,62.234695,-13.827054,4.0224853,-5.8734565,5.2173634,-10.575431,-3.9609718,-12.859762,-5.5710487,-8.6237545,-10.310334,-2.3601134,-2.0931501,-8.970624,-4.654759,-3.4947476,-5.54552,-5.065763,-5.5983243,-6.727773,-6.5284405,-3.3691819,0.56629646,0.8254139,3.1771874,5.363927,8.975654,6.985664,6.447095,5.5880184,4.581583,2.6624262,0.6913459,0.37362394,2.5853856,2.1988006,3.0977054,2.4950094,2.1796887,fearful
-777.7711,83.46096,16.423904,23.009153,9.652597,14.920282,-2.1152387,7.3887377,-1.0237087,-3.1468568,2.0324347,5.703924,3.4100251,3.995552,-0.21756648,0.55587226,0.7662122,1.0031893,3.9681056,-2.0704675,1.1446844,1.9132702,1.2148373,2.4246335,-2.0325248,0.42144504,-1.1842371,-1.9521878,0.25851387,-0.6858786,-0.27371952,2.0633795,-0.021866985,-1.3668271,1.8733432,-0.15818927,0.2802674,1.540562,-1.1762197,-0.4529557,sad
-745.0414,74.68063,2.916604,24.985044,-0.7815652,13.419455,-4.9082327,7.9895205,0.5824771,-3.9836001,1.5053066,1.0048109,6.4824305,6.289208,-0.19882894,2.3210566,1.8355403,1.6648633,3.9492052,-1.7702707,0.66930586,0.33896023,1.354947,3.5718055,-3.0211418,1.0284055,-0.3078809,-1.2956636,-0.87028134,-1.058263,1.7752401,2.3222132,-2.0949616,-0.29234293,2.2493026,0.44423077,0.7098062,1.1714381,-0.21496336,-0.38772774,disgust
-699.59015,72.308266,5.6202145,19.47585,4.63601,7.8679657,-11.673281,5.971952,-5.470528,0.5809956,-0.49992663,-1.9358525,0.7753354,3.7000504,0.10034202,-1.8579683,0.8955901,5.3064084,0.85568756,-2.3196316,0.17576604,-1.1861001,-0.48177037,0.60166955,-1.1301806,-0.34014255,-1.9712337,0.8049336,-2.2208214,-0.7707278,1.0174564,-0.17978227,-2.7443938,1.284479,0.3363814,-0.67088467,0.08312514,-0.076660946,0.6740097,0.22691038,disgust
-790.59973,81.00657,9.106668,17.74947,14.382375,17.070662,0.79103214,3.4602296,-3.4732122,1.5508635,0.6458635,0.107193835,4.0936704,0.44101638,-0.4725271,-0.252277,1.0374837,0.8180285,1.456701,2.576894,-0.5183205,0.2313715,2.3349683,0.24164961,-1.23511,-0.41916385,-2.925134,-1.1050899,0.255213,-0.6948972,0.0998066,2.6567566,-0.7251957,-1.6700717,1.3864273,0.80840665,1.7663062,1.0494872,-1.9374872,-0.39993528,sad
-633.66455,58.25484,-1.0960304,21.999395,-2.7220535,8.565698,-8.440319,4.7220063,-6.540899,-1.7313108,-3.8496182,-3.301497,-0.34174109,1.4778836,-6.1449,-2.315412,-1.6091853,-1.3295927,-2.1957927,-3.1407497,-1.093217,-2.679603,-1.3055077,0.8931794,-2.5965037,1.7412628,1.760152,0.7520872,-0.44203013,2.24084,1.6435069,1.1550599,1.3305672,2.515893,0.6837374,2.1267986,1.1928862,1.1448088,0.55219066,0.9241475,surprised
-688.12317,70.1468,-2.9030223,5.632284,3.1993637,9.514027,-11.829025,1.7929633,-1.9158643,-5.4103403,-5.6767635,-1.0669155,-1.4305183,-1.6157422,-1.8290817,0.7260215,-1.6490084,-1.6811621,1.5632024,-1.52296,-3.2807841,-1.851805,0.08675607,0.059055965,-1.578115,-0.29747358,-1.4864216,-2.4770594,-1.1174811,-0.9177674,-0.8058011,0.9620082,-0.93728924,1.0305144,-0.3220465,-0.385692,1.9619454,0.50151134,2.1049342,2.381921,surprised
-700.39966,70.46904,-0.02604339,12.896729,-1.6745092,13.46279,-9.60528,2.211924,-7.9463987,-6.753214,-5.458518,-3.2210221,-6.739522,-3.8916006,-6.0618296,-7.3882775,-4.377305,1.031173,-6.6912837,-7.8244586,-5.13799,-4.73952,-3.4730065,-5.49284,-5.893542,-3.6929908,-4.899974,-5.157085,-5.493267,-2.8118615,-2.1488643,-1.809241,-2.6449862,0.21827465,-2.8773284,-0.43205994,2.0123546,1.8148038,3.6739047,4.467666,calm
-703.15576,71.299965,3.0213678,16.090376,-2.5790956,13.61456,-8.11228,4.207314,-6.7119956,-7.473991,-0.7866255,-0.3370905,-5.905824,-3.4481788,-4.0844626,-4.259156,-4.463353,2.162692,-7.2772694,-7.086958,-2.8503106,-3.281651,-5.602308,-4.20673,-4.677461,-2.2363927,-5.250121,-5.100957,-4.054313,-4.790553,-2.8737223,-2.4262059,-2.076292,0.03840015,-2.3001404,-0.09409589,0.94857633,0.1503346,1.0564932,0.5141172,neutral
-709.2109,75.48191,-2.8160503,13.39944,0.8165968,9.991022,-7.3866544,3.0766103,-4.227445,-5.4476104,-5.009515,-5.670119,-6.221265,-2.8293912,-3.7094076,-7.884422,-3.125322,0.11732311,-5.0911765,-8.841394,-5.78876,-5.739548,-3.35571,-4.46261,-5.407363,-3.0883312,-5.344259,-5.715221,-4.485696,-3.4533505,-2.637379,-0.599369,-0.6341304,1.5284368,0.85749894,1.1551789,2.9531364,1.9935093,3.096606,3.4490643,calm
-633.5484,85.4299,-10.514045,7.655918,2.0158033,10.284643,-10.051627,2.5019567,-2.8076985,-8.739516,-2.3354821,1.237436,-3.3787014,0.21389866,-1.2707107,-4.9339457,-3.5677004,2.4540687,-3.270016,-6.1814256,-1.5716097,-1.5374134,-2.4960876,-2.35674,-1.0656865,1.2349035,0.18222837,-0.16178611,0.45612493,0.9256573,-0.22387035,2.6397257,0.44535407,2.6910737,2.7769663,2.85994,4.205535,2.2100964,1.2455554,0.6049973,happy
-490.84058,49.75734,-21.677732,-8.1267185,-8.014035,3.20893,-20.749594,-4.3292365,-7.555845,-10.2118225,-8.186279,0.015127841,-7.5250163,-5.7914357,-1.1775547,-4.9569798,-0.85523903,5.5222483,3.2529123,3.713276,7.467911,6.6355405,1.1277233,1.2813257,1.910991,3.1362214,1.154383,0.23440953,-0.1699424,0.95417583,-1.0172957,2.686995,2.0092056,1.4436325,3.8744729,5.3314557,5.8825617,6.807803,2.9307642,2.7656152,happy
-651.0413,72.93923,-7.6211033,7.1601105,-1.6847368,8.074778,-11.860309,0.39400804,-7.5208592,-8.410813,-2.9411094,-0.69945073,-7.8498425,-3.5593736,-3.468786,-5.8105135,-4.5754538,-2.183869,-6.886296,-6.518745,-1.8000146,-3.0791688,-3.2266946,-1.0030185,-1.1603327,1.8226491,-0.17244436,-0.31162024,-0.2528875,-0.16638091,-0.41629937,1.5022202,1.091159,2.281105,1.0662977,-0.7465962,-0.34417215,-0.7662609,0.48954326,1.3262908,surprised
-565.5392,60.67557,-4.08863,6.459075,-2.819908,4.89515,-10.469533,-3.583606,-7.911163,-8.803016,-2.32469,1.0763063,-7.7497563,-3.946806,-1.59562,-4.5478687,-2.8648975,0.9693763,-3.0572417,-4.333569,-1.1833334,-2.0765853,-3.4583535,-3.032879,-2.3535037,-0.46683136,-3.5251172,-2.0959392,-0.71964556,0.7576783,1.2806624,2.7123814,0.93216395,2.377051,2.6616976,1.6168729,2.2773526,2.1280682,1.5080771,1.404674,surprised
-547.45624,63.849575,-12.045346,8.263464,-3.8147695,6.5733843,-14.494331,-3.0310233,-13.171043,-9.679636,0.75883394,2.8944728,-10.464361,-4.0772862,-2.1359131,-6.287477,-6.459519,-0.839422,-5.486284,-6.9729533,1.0778996,-2.5192976,-5.50714,-1.1112711,-1.5555325,0.76149946,-2.5968866,0.7147334,-0.48714855,-1.3635398,1.0351691,-0.32719013,-2.4956686,0.24410707,-0.45142263,2.0340204,4.6665473,3.9108021,3.7293859,3.3289204,disgust
-497.04245,48.981846,-17.444773,-2.8209183,-12.929661,3.2779713,-20.796005,-5.880804,-8.276211,-11.337586,-8.908095,0.38175902,-4.2822495,-7.0930843,-0.46035364,-4.8018613,-4.7851906,1.6248424,1.3711138,2.1895733,8.515985,13.541422,10.756807,8.052863,6.528063,2.540093,-0.5986455,-0.49040118,0.6235224,3.836358,1.0753313,2.6579125,-0.30310562,-1.3418088,1.1176013,1.4643357,1.7964997,1.385716,-1.2169521,1.4947728,sad
-641.9382,81.56063,-0.5259804,9.225303,4.056046,10.26979,-8.156503,0.72383094,-8.141051,-12.107889,-4.507112,0.4854674,-5.0475464,-3.59813,-2.1180372,-6.8861184,-4.328882,2.4010415,-4.6594796,-7.9257884,-1.5275359,-2.5904064,-3.1649065,-2.6459906,-2.4081008,0.34984472,-0.23190092,-1.9392287,-0.1274768,-0.4775445,0.8642427,3.1785355,1.768978,5.166291,5.049319,5.845723,8.075706,5.2420173,4.7024603,3.302275,sad
-645.41064,75.00698,-5.6455984,11.208323,5.1563315,7.834976,-6.7091513,0.78433603,-9.7491455,-7.461309,2.1923087,1.2250931,-5.925898,-2.5805385,0.33204308,-4.2858334,-2.496128,2.0799158,-4.4018846,-4.7206945,-1.5671258,-2.8044603,-1.6449338,-4.0684605,-4.1133122,-1.6314613,-4.6145635,-3.1918576,-1.406893,-2.4072027,-1.7003298,1.042849,-0.18297113,1.3316816,1.2979176,1.3386338,0.3765142,-0.16673839,0.48841083,1.2752677,disgust
-467.5924,60.114483,-7.122107,5.2939734,-3.8941424,4.5220504,-9.095437,2.6549177,1.7752393,-4.879067,-2.1616647,0.8012346,-2.233209,-1.2862678,-0.44473222,-2.1306329,-4.144346,0.86325806,-1.7655607,-5.756085,0.09343972,1.3272926,0.87850493,1.7752389,2.588043,2.6821818,-1.4471283,0.20662867,1.8975551,2.2049627,1.7239457,3.697852,2.6364038,3.0581234,4.71316,2.3810487,3.163061,4.070515,3.3235807,2.906959,angry
-425.49866,48.12052,-23.09628,-4.48033,-12.656036,3.4704216,-14.318053,-1.7385843,-7.0042677,-10.641643,-5.832264,0.85924345,-2.344053,-2.8181996,2.1948047,5.6354985,10.778107,14.13737,8.717836,2.9922879,4.9190397,4.4991884,2.6139026,2.782617,3.1847231,2.8362238,0.9257172,1.0244491,0.31064492,0.8761188,0.0635923,3.1307986,4.09251,2.8159862,1.9360327,2.140314,4.956947,5.97245,2.3096662,2.205407,fearful
-596.18115,62.0593,-12.281594,10.210357,-5.1059675,9.019827,-14.009146,-0.2958522,-12.934438,-9.569944,-1.9122789,-0.46434724,-7.11692,-4.938125,-3.3925712,-5.6388626,-4.966222,-1.7243853,-5.234135,-5.844343,-3.1274319,-2.3719647,-2.9550223,-1.2433162,0.2515714,4.7080674,1.4237581,0.6409239,-0.26232272,-1.0924679,-0.41940957,1.4861274,0.648813,3.5671532,3.769661,3.263489,3.7851584,1.9623421,1.8953922,2.1640272,fearful
-655.6513,67.52313,1.2115294,15.549087,-2.581603,12.275012,-8.146252,2.1148963,-6.246283,-8.89178,-2.618564,-2.3032906,-7.4034247,-2.6373572,-3.6309435,-5.8059025,-4.4405794,0.51806265,-6.4959116,-7.3316216,-3.4744503,-3.8584843,-4.441462,-4.6391244,-5.2104216,-2.3764768,-4.4109163,-5.6321645,-4.5239186,-3.5057669,-3.5140874,-1.9771084,-2.730195,-1.2544954,-2.9143121,-0.75627863,-0.020909322,-1.2534139,1.0888741,1.0006442,angry
-631.82965,63.83547,-5.925134,10.356487,-3.831637,7.7654314,-11.151327,-0.13814576,-10.605638,-11.7463665,-4.866015,-3.355398,-9.010464,-1.143033,-4.944161,-8.416877,-5.248984,-2.0162618,-7.6787014,-7.5624666,-2.994814,-5.978719,-4.4366484,-3.8611288,-4.2924366,0.6548909,-1.4996886,-1.6906229,-2.1482868,-1.2100457,-0.48354355,0.97485065,0.97030485,1.6028157,0.7126237,1.538175,1.6001916,2.0323617,3.5387075,4.7575755,surprised
-560.0796,62.747696,-17.05057,5.043452,-3.936124,4.6306853,-14.278303,-2.0314598,-10.077669,-8.629728,-1.9414806,-0.4949832,-5.477532,-2.6110458,-5.9021378,-7.6575627,-2.6714358,-0.86028033,-2.6940272,-1.390405,0.545305,-0.1364014,-0.038364857,0.8707803,0.04180091,4.053702,0.57696414,1.3818303,1.6157658,0.34728533,0.89721924,3.0314476,3.2070997,4.064536,4.8713913,7.2129617,5.967388,4.489162,3.0049982,2.6943786,surprised
-552.9022,63.664406,-12.066324,1.5254161,-3.2258966,3.7924657,-16.36722,-2.026526,-6.8598895,-9.8166485,-7.7200165,1.2529552,-2.8513649,-5.1657662,0.9377186,-3.3361573,-2.2363656,2.7093582,1.4703174,-1.2408633,2.9873376,7.608114,6.2938323,7.804978,10.604411,9.073682,7.836257,4.377117,2.0189514,3.394447,1.2802675,5.823057,4.9305477,2.7543128,3.1993122,0.64935565,0.67442656,2.776087,2.553891,3.4070039,sad
-546.4038,72.9331,-12.618839,-1.1598092,-7.3497577,0.18359561,-13.168864,-0.11847189,-12.897491,-14.776369,-4.4167547,0.7388774,-8.916275,-6.236611,-3.8617353,-8.916322,-6.3852377,-3.3269665,-7.5915093,-4.442827,-0.42354488,-0.32980233,0.40402278,3.8241162,2.3360004,1.3821597,-2.9468741,0.017820045,-0.34199193,-0.24482104,-0.73545104,1.1673309,-0.18336308,-1.5330848,-0.24258122,0.56070757,1.131856,0.80148447,1.4376574,2.5948355,disgust
-654.50476,72.61038,-0.12953186,12.12579,-2.8337634,9.310341,-6.9137964,2.6878693,-9.142765,-7.158664,1.3151207,0.4423736,-4.9378734,-0.6506349,-3.1321216,-6.8068137,-2.51459,1.1201481,-7.7698736,-6.3469014,-1.3547302,-4.5999117,-3.747324,-4.8433595,-3.5024102,-0.65070516,-5.9679255,-3.2224174,-2.9340067,-3.3640316,-1.9983283,-0.19192013,-2.0031648,-0.7131779,-0.32486355,0.5964095,0.7817662,1.2200572,0.2007546,-0.3399029,disgust
-680.7999,61.00883,1.2701497,14.231954,-0.04437079,11.020168,-3.097571,5.9617367,-5.45883,-8.235136,-1.9498408,-2.0286105,-4.74337,1.2948378,-2.0605857,-5.7345157,-3.28348,2.2395084,-4.612671,-6.4544787,-0.66022915,-2.2599804,-3.8358908,-4.1099014,-4.17029,-1.6209728,-2.3503084,-4.328458,-3.8645685,-3.3995817,-1.9592402,-0.6251365,1.6352564,5.557644,3.3574278,6.248588,6.0283976,2.7037754,5.878613,4.222399,sad
-442.30905,45.546432,-16.904997,-3.612067,-13.997831,1.7156192,-15.980715,-3.7169893,-12.609118,-13.15918,-6.6575847,-1.6987514,-6.4517207,-4.6857977,-0.1884408,1.9063281,6.395008,7.0719285,3.1328735,1.9020989,3.4762692,3.520164,1.4201752,-0.66718936,1.3604046,3.287605,1.0393387,0.8037658,0.6642741,-0.36417472,-1.0688374,2.2361884,2.169085,0.76543486,1.4185522,2.765136,3.833815,2.8053527,0.7075177,1.7480813,fearful
-443.34454,56.854424,-10.043819,-0.5422404,-12.282594,5.8506308,-11.562101,0.99838424,-1.7785621,-5.93136,-4.561847,2.0896978,-0.9134166,-3.5236204,-2.895209,-3.6330228,-6.187449,-1.8844357,-2.1406152,-4.1437235,1.2424452,2.621807,0.2853997,1.0974603,2.1076467,4.8004885,2.3956952,3.416898,4.471995,2.977952,1.6019485,2.1905687,2.4416425,2.6239028,2.1477406,2.0462377,2.2095504,2.8414774,1.6274545,3.1640515,angry
-614.28076,78.30935,-3.6116796,12.051402,4.9035378,8.097507,-9.611396,5.24467,-3.811637,-4.996134,-4.6010118,-1.9630979,-1.4781868,-2.1587176,-1.584441,-3.511074,-2.883362,3.1589665,-3.1409836,-5.5208626,-2.7550287,-1.9994396,-3.2610621,-3.2668142,-2.1640546,-0.22957397,-1.7565768,-2.6423738,-1.985385,-2.1147046,-2.237417,-1.2311804,-1.1599232,1.6523201,0.61165553,1.6631625,3.460229,2.8866765,2.481044,0.31908393,angry
-552.2887,68.21869,-8.064596,10.559489,0.37219733,8.717837,-8.236539,0.82264173,-8.751875,-6.5306616,1.0018697,0.23487644,-3.50324,-1.3786979,-0.5454176,-2.2148175,-1.0455514,1.071965,-1.5825398,-1.8184078,1.9180496,2.255116,3.0683856,3.7215934,4.1287446,5.9459753,2.8660476,3.1941876,2.7114542,2.3246548,3.6211193,5.5673766,3.9248421,4.200843,2.8753905,2.5008821,3.7274818,3.5597076,4.257901,3.7789166,fearful
-708.8339,75.429184,2.3189783,11.532309,3.1997318,8.529489,-8.022232,3.2352846,-4.8939047,-7.322584,-6.5563197,-3.1947448,-5.1662445,-4.1193733,-3.5972738,-7.188295,-3.021388,0.22029516,-4.904038,-8.674378,-4.28389,-3.8495193,-1.8916212,-4.5104833,-5.048764,-3.060031,-5.901451,-5.2848663,-4.8195853,-2.861413,-2.080536,-0.8154388,0.36724353,1.3682286,0.04581109,0.6846374,1.3429424,-0.7678838,1.1742969,1.4766742,neutral
-701.8375,88.787476,0.10012455,14.011082,0.91848344,12.445514,-6.926969,6.0673585,-6.9584603,-6.100503,-3.3593316,-4.80974,-5.2343507,-0.77328646,-4.3502116,-8.537333,-3.6525078,2.4176068,-3.97789,-6.296356,-4.1642313,-3.0232093,-1.1129146,-2.42267,-4.5220876,-2.194705,-3.527465,-1.9651648,-2.005729,-1.6035964,0.14910647,0.82352376,1.7149,2.3053339,-0.508471,2.5346541,2.8188093,0.9861096,1.6467292,0.555603,calm
-706.8333,72.36726,0.46178994,17.170359,-4.6562223,10.280715,-8.922844,3.1175756,-7.1093073,-7.0460887,-3.9600382,-5.25,-8.250253,-1.8159857,-4.8029428,-7.6268444,-4.191472,0.83207697,-7.3625593,-8.743473,-5.6467533,-4.682248,-5.081783,-5.985232,-5.6178327,-2.7683647,-4.4426794,-5.083756,-5.7571135,-4.338607,-3.8455055,-2.581535,-0.34057704,3.9155977,2.5567424,4.0027695,4.174728,1.1012845,0.24445973,-0.28723913,calm
-621.8661,65.24586,-11.991793,7.4111342,-0.5194854,7.619534,-13.272074,-0.297851,-10.450953,-12.336401,-5.172411,-3.2451825,-8.796328,-0.610236,-6.271486,-9.502599,-4.7094584,-1.4304992,-7.4503045,-8.26782,-5.644374,-4.359053,-5.9186234,-6.569695,-4.99629,-2.4673705,-2.6354666,-2.8577435,-1.9746877,-0.03237363,-2.296233,0.261699,-1.3927398,-1.8306738,-0.804173,1.1225096,4.626901,3.3118577,2.3210897,1.4893886,happy
-493.52792,55.06227,-15.164302,-0.89724046,0.20331869,4.5822725,-12.973037,0.06342723,-1.360689,-4.2468195,-2.6980944,2.9794245,-2.4216354,-0.26881215,0.60719186,-4.470728,0.5368872,3.1536226,1.2415705,0.45263332,4.8586326,5.8434668,4.5888805,6.6086674,6.630409,6.4856186,1.545086,2.625262,3.9052098,3.092358,3.3019083,5.8536353,4.4823356,3.7613838,4.293346,3.0206704,2.5448468,3.566723,1.6621813,2.3858705,happy
-586.74115,55.769215,-7.5314565,3.497658,-9.60809,5.0431814,-12.7684965,-4.7359476,-10.63826,-10.045532,-4.943071,-0.26246956,-9.591129,-4.6252985,-5.060721,-9.078985,-6.6570864,-2.9706016,-8.344191,-7.7734084,-2.3507762,-3.0220377,-3.21412,-2.7242892,-1.7634289,1.7687684,-2.590452,-2.1158252,-1.5630485,0.17401566,0.69333595,1.5548464,-0.38364014,0.29353425,0.4020537,1.1287708,1.7619288,1.1253393,0.24271365,0.6032397,surprised
-621.04297,67.558655,-3.2876098,9.348312,1.0539554,8.891879,-5.7492514,0.79212046,-2.7477758,-5.1020412,-2.9282374,1.9438555,-3.6252618,-2.373463,-0.8787954,-3.4537225,-0.8856999,1.0391525,-2.6226737,-2.3736162,1.9400532,0.52627605,0.019009542,1.4209657,0.22666013,1.8886397,-0.7429393,0.29613188,1.5347521,2.512733,2.6519656,2.3135357,0.9133607,1.8803636,2.1292892,1.6747701,1.8229694,0.99148506,1.1024563,1.8298329,surprised
-636.2,62.22908,-3.290155,10.136466,-1.7316984,7.742423,-10.05664,1.020993,-7.3941317,-10.39739,-2.4464684,-1.8292197,-6.3580914,-3.035044,-3.236357,-5.739338,-4.6842723,0.51519686,-6.4481397,-7.476954,-3.7642589,-3.7110183,-3.7435222,-4.5153284,-5.7166595,-2.0960608,-3.717409,-5.523571,-4.237738,-3.1609666,-3.236123,-1.7230889,-2.8674088,-1.087451,-3.756495,-2.3312995,-1.5268228,-3.2829697,-1.6614021,-2.3093002,angry
-606.2666,63.189014,-11.997489,9.063613,-2.296099,6.7200956,-12.701521,0.33555555,-13.618792,-11.606782,-1.0407099,-1.6872288,-7.1851206,-4.498658,-3.9888,-7.503262,-4.731546,-2.3356216,-6.7886934,-5.9333954,-3.802334,-4.5733924,-4.5713205,-3.9511034,-2.692548,1.6355687,-1.0965489,-0.9641297,-0.5672329,-0.9814287,0.025106503,1.8860022,1.027335,2.4851499,1.4231142,3.2803488,3.862137,2.0088146,3.2864947,2.456577,fearful
-455.34348,53.560013,-16.697,-0.08248354,-7.089504,5.9812117,-13.340648,-0.5528687,-5.3425326,-8.68628,-2.8004947,5.1185446,-1.8746926,-5.8605666,-1.3617395,-1.6816357,1.4337811,10.105912,11.083876,9.337569,13.153575,12.509799,8.207485,4.3085694,3.1156652,3.8225725,3.784094,4.398036,1.5868291,2.7245631,-0.2687845,1.5207721,0.9777261,2.6045432,2.8044488,2.6812348,3.401198,4.017613,4.0866776,4.644299,fearful
-401.38705,51.26153,-13.474901,-2.6061213,-9.51567,3.8318388,-11.841293,3.2786193,-1.2997477,-3.8834438,-4.1248937,0.10725319,-3.6307287,-3.5244863,-1.0654336,-3.581314,-3.6746657,1.4114274,-0.69613916,-3.8763618,-0.5702645,0.7411705,0.2083861,2.6528955,3.8849998,8.054925,4.4210343,5.0681806,5.241715,3.197637,2.491382,4.161054,3.539241,3.4898257,3.2497594,2.646801,3.214669,4.1388235,2.6766348,3.2228246,angry
-642.9461,93.47077,-9.670234,12.8868885,6.4817324,7.974361,-7.3204417,3.6812177,-9.00948,-11.249387,-2.7236862,0.8571695,-6.0820904,-2.4781582,-0.7014199,-5.824639,-3.186863,2.894089,-4.838017,-5.349134,-1.4573561,-3.776284,-1.5348781,-3.2840605,-3.6996727,-0.5568524,-2.3438628,-1.4436572,-0.7923417,-2.9239752,-1.3027608,-0.080825105,-0.34314018,0.7069544,-1.6913221,0.22855474,1.1395632,0.04153004,1.0435838,1.3330129,disgust
-654.4894,77.30408,-4.0832987,5.6404233,0.22231366,8.601616,-10.11448,0.456473,-7.6464577,-8.527757,-6.4510126,-2.3830173,-4.607969,-3.8232298,-2.685991,-6.2988133,-6.185623,2.6321197,-2.7961888,-8.31911,-3.7289062,-3.099056,-4.132112,-3.5482047,-2.6358385,-0.7119537,-0.66086495,-0.85082406,1.1399157,0.93767744,-1.3519838,1.9940306,0.39850107,2.9607246,4.039258,5.131178,7.8220057,7.758291,7.781143,5.2617264,sad
-549.86694,52.858532,-15.043639,-3.9188151,-7.1932364,0.8287492,-15.303743,-5.695905,-9.457741,-11.704676,-9.628581,0.14783321,-4.268402,-8.10853,-0.7914549,-5.5222116,-5.750872,-1.5928822,-3.8487382,-4.8479033,-0.59825796,3.9576662,3.3629906,5.4046607,6.473113,8.794505,8.201642,6.395396,4.9259644,3.9189885,0.69321716,2.6671822,1.6465719,2.7426713,3.8925884,0.90846455,-0.2189461,0.9949038,0.38279268,0.39340478,sad
-551.6,63.799294,-12.149488,8.131042,-7.883074,6.7697845,-11.828072,-1.3063653,-8.772339,-11.912495,-7.6369915,1.7169112,-11.210947,-3.3901584,-3.2183888,-9.1769285,-5.061937,-0.6827773,-5.7146015,-8.5406475,-1.4889877,-4.1005898,-5.692488,-3.9015954,-3.3043072,1.4121234,-0.47655547,1.4041054,1.030804,-0.21581389,1.385225,0.3016531,-1.201633,2.231645,-0.116363406,1.643249,3.9506583,4.031145,3.6997993,4.620559,disgust
-574.6626,64.088646,-15.850733,3.1314385,-1.7499987,7.125396,-13.760668,-0.7032212,-7.2785916,-10.577116,-4.7791414,0.6242464,-6.5731006,-5.535442,-2.552964,-7.6209745,-5.3357525,-0.6000718,-5.8821425,-8.762157,-4.659786,-2.5355985,-4.7957096,-4.526023,-1.6816059,1.1845629,0.44106805,3.3989851,3.527343,7.174238,5.2621117,5.9987607,5.4860983,3.2534726,2.9151728,2.4564333,1.636543,1.3489081,-0.13498616,1.5391055,happy
-634.9757,83.632164,-16.486904,5.4437275,2.4057467,7.374161,-11.282812,1.9037875,-5.96593,-10.416775,-2.5082366,-0.122346155,-4.942662,-1.4106534,-3.4647925,-6.8213506,-3.886084,1.956272,-5.8230085,-7.7739463,-3.1036847,-3.1748078,-2.7866552,-3.6208215,-1.4522557,1.5302176,-0.46175227,0.13898371,0.5310164,-0.15748438,-0.9495174,0.78399134,-0.7066696,0.5531373,0.6346008,2.420219,3.6277754,3.4330347,4.2068195,4.7141647,happy
-711.04736,81.6298,4.766014,16.030998,4.864412,12.737481,-6.088852,4.1380887,-2.3983786,-5.831696,-4.6251583,-3.2499387,-4.789182,-2.6176698,-4.0411286,-6.459627,-3.1463609,1.9187374,-2.3313055,-6.045926,-4.919956,-4.27711,-2.2220876,-4.6187234,-4.4611063,-1.874351,-3.2482724,-2.8033874,-2.9861696,-2.481555,-0.9348686,-0.3447452,0.8339585,2.175729,0.09644951,1.5492878,2.3077075,1.0190213,1.9278878,2.468841,calm
-692.4902,75.90439,2.1122992,13.222734,0.9073848,14.055505,-7.4258966,1.2569335,-7.5006456,-8.698587,-4.9581227,0.9658427,-5.488175,-3.1164439,-4.102126,-5.857735,-4.2134748,1.6572412,-5.697423,-8.987245,-4.2616725,-3.223806,-3.6209984,-5.5300803,-4.867697,-3.068202,-5.677992,-4.1619134,-4.656526,-3.3603585,-2.74889,-0.7802103,-1.5312167,0.47317234,-1.5908297,0.90411097,3.289821,1.8157767,3.8325014,3.423407,neutral
-693.7057,67.95178,-0.38780782,13.617415,0.73230016,11.593903,-7.8253345,1.33426,-7.548838,-7.629045,-4.371366,-3.0597057,-6.9363966,-2.6916788,-5.820072,-7.8677917,-3.6793995,0.5562191,-5.981216,-8.417076,-4.3921485,-3.4127042,-2.243647,-4.296146,-4.5796824,-2.5969086,-3.4551346,-3.8871288,-4.450185,-3.0437047,-1.3803496,-0.39590764,-0.3815863,2.4176385,0.6574332,1.3138056,2.819211,-0.9581217,-0.48867896,0.25818428,calm
-499.23,56.19915,-15.056889,1.6578029,1.1090631,6.857947,-12.224187,0.3200372,-0.87820107,-4.1014204,-2.9136686,3.2919192,-2.678744,-0.660262,1.4404407,-4.6355677,-2.1662118,1.6452466,-1.1439754,-3.156267,3.8537626,5.7461267,4.169376,8.622511,8.590115,8.348186,4.8885965,4.5531416,4.494694,2.7644627,1.4126223,4.201446,2.171559,2.9812615,4.1656194,2.2100542,1.8655396,3.2189782,2.346344,3.4363554,happy
-619.3244,75.79368,-11.967565,6.1189976,0.27249154,8.626916,-14.338244,-1.8716636,-8.648002,-13.241169,-4.3916287,-1.7560587,-8.2123165,-1.690691,-3.6994364,-8.45643,-4.948669,0.1773593,-5.842096,-9.278493,-3.1340485,-3.2453005,-3.54486,-5.159756,-5.1486773,-1.893795,-3.852912,-4.42515,-4.5487647,-2.4856048,-2.8919244,0.9481347,-0.046555042,2.2699704,2.2641232,2.5017138,3.643014,0.55860054,-0.0030582787,-0.061719324,happy
-701.5932,69.74202,2.55665,15.458293,-4.493708,12.849492,-10.054173,4.5262513,-8.399968,-6.1357117,-3.5517154,-5.4894605,-6.6262507,0.2936098,-5.777333,-7.8908176,-3.2816663,0.65910214,-6.29928,-7.9272933,-4.6516685,-4.2968707,-3.337074,-4.6767564,-4.5749617,-1.7245423,-2.5876873,-2.6894965,-1.3810568,-0.83896387,0.35089374,2.0867064,1.9933718,4.3877716,0.08744599,1.7348711,2.198486,0.81625,2.6533241,2.7174246,calm
-691.65106,76.123634,0.38634616,13.25022,-0.79687023,11.390362,-8.911749,5.0593066,-4.259522,-5.576958,-4.1232963,-3.4571278,-5.8168197,-2.6931407,-3.0915692,-6.647011,-3.8649075,1.8610091,-4.100953,-6.966834,-4.3833537,-4.038624,-3.0984626,-3.8297527,-4.168821,-1.7563922,-4.541598,-2.8563292,-1.5590267,-1.1127167,0.54050785,1.7477819,1.3531718,2.8052423,0.109126695,1.2687744,2.2934713,0.21103469,2.132583,1.7550638,calm
-722.42004,76.77516,0.25772095,12.855944,2.5285304,10.758527,-7.955712,4.1667466,-5.388261,-5.8595543,-5.7082753,-0.17370072,-4.368734,-4.8695164,-3.8738613,-4.954483,-2.7945368,1.045801,-3.5645998,-7.097652,-3.8185127,-2.3574853,-2.394008,-4.2592044,-3.282253,-1.4663972,-3.8019524,-4.0262012,-3.412623,-2.3204796,-1.7338648,-0.78780466,0.82275575,1.6051891,-0.9123537,0.091955714,-0.44226533,-2.2413778,-0.056728594,0.73259467,neutral
-586.1337,67.37062,-9.223767,5.978288,-3.056433,7.861066,-10.929953,-0.9476041,-10.415199,-7.659863,-1.5298469,0.79326314,-5.756294,-0.23171028,-4.802321,-5.760123,-2.8957944,-1.2546103,-3.606537,-2.2526286,-0.72370756,-0.8828008,-0.63746053,-0.51211476,1.3228637,3.224765,0.31284878,2.3005073,1.8552513,0.6961878,0.80144876,2.6419582,0.6723779,1.4909899,1.4644651,3.3431551,3.157321,2.8119614,2.5841048,1.4074391,surprised
-641.97095,63.338978,-7.0112143,9.317674,-0.6943018,8.1079,-9.042125,1.406672,-8.183418,-8.210975,-2.7032175,-2.5492227,-6.5521445,-2.1136653,-3.4816835,-6.162758,-3.0116,-0.08326202,-4.60906,-6.693964,-1.8404915,-1.9805088,-3.2607481,-3.0944383,-3.35657,-1.8551196,-4.239874,-3.6375785,-3.0961258,-2.941036,-2.1456907,-1.9387103,-1.7209636,0.36524728,1.0152152,2.1311681,3.122369,2.6903355,2.523602,1.5714921,surprised
-569.851,67.66922,-10.471859,8.100477,2.0610523,8.147166,-8.725266,0.46771264,-8.016748,-8.261861,-0.7717874,2.1533244,-3.8108332,-3.935643,-1.5225937,-2.3659046,0.23156846,1.7419134,-3.1969588,-3.8646128,-0.8609779,-0.3024634,1.1543528,2.5706954,3.5480163,8.051433,4.555218,2.695524,2.5290732,2.775797,3.9978507,6.213762,5.9789896,6.319824,5.0353565,3.347058,2.9949706,1.9882698,3.3128142,4.4622283,fearful
-612.195,70.89709,-2.8344827,12.857364,0.96341467,5.618651,-7.5659776,5.687029,-1.9150604,-4.8749886,-2.7596445,-1.2486273,-2.1003,-2.441995,-1.8798375,-2.8763998,-2.6660454,1.9093413,-3.6478622,-6.030652,-1.9447895,-2.7997103,-3.0808318,-3.5327148,-2.5613894,-1.0894316,-3.9183536,-2.7936878,-2.9283257,-2.3793433,-2.9743264,-1.1577315,-0.84194773,1.2272475,0.22713107,0.35034665,1.7167953,0.8131188,0.65254754,0.82583886,angry
-490.34708,59.74647,-6.1896653,6.0628247,-4.950231,6.9862857,-11.668822,2.899812,-2.2994404,-8.272705,-4.5590916,0.033856943,-5.518786,-2.0592144,-0.73974097,-3.6114528,-5.4167213,0.4825295,-4.983121,-7.631661,-2.6158676,-2.9328496,-3.772798,-1.9692293,0.4041073,2.9022934,0.41603658,1.3562899,1.017706,1.9687185,0.26548967,1.1527121,1.3579708,2.0297933,2.200335,2.2036848,3.9088976,4.354105,2.8874538,4.011524,angry
-440.125,46.0754,-21.30261,-5.7477183,-12.697239,2.000091,-14.666951,-1.3022616,-8.89966,-11.969929,-8.272011,-1.157729,-3.5594125,-5.8795485,2.946784,4.9520864,10.166409,14.526195,9.412694,5.593877,4.011434,3.2845416,0.8763899,0.08722269,1.9043561,1.8288188,0.54513097,0.6786687,0.060243998,-0.06624234,-1.3743134,2.7082078,1.889423,2.2548065,3.2239842,4.3000712,4.7530174,2.4980135,1.1786495,3.4039094,fearful
-660.8053,71.03138,-4.3198156,9.91731,-1.5432395,9.513564,-10.299267,2.76707,-10.620562,-11.835575,-5.5189366,-3.1857545,-8.290751,-2.6156983,-2.9843786,-7.9201827,-6.6292996,0.692871,-6.365883,-8.346675,-3.2699604,-4.3840046,-4.303773,-3.6497095,-7.039457,-1.49684,-1.9579346,-2.8219864,-2.588649,-1.8244461,-0.62781256,0.9356246,2.2774057,4.805859,3.332498,5.908581,7.273505,4.901079,5.4943643,4.510392,sad
-661.7816,72.79921,-1.8302622,9.354646,-2.1174476,8.860427,-7.8706775,0.5134465,-11.4238205,-9.144059,-0.4995567,-0.6695885,-5.3538365,-3.7424164,-3.9301534,-6.078766,-5.2812104,0.4586707,-7.515414,-7.432247,-2.771091,-3.626319,-4.4990125,-5.883339,-5.751707,-2.037813,-5.9800067,-3.6003277,-3.9415858,-3.5599813,-3.5062811,-1.1336861,-2.7308824,-2.052457,-1.7191763,-1.9293798,-1.3477875,-0.09953028,-0.5590869,-0.90381616,disgust
-586.676,75.49629,-14.064238,8.442436,-0.44568452,8.136446,-11.516166,-1.2745777,-12.177855,-6.54925,-0.961464,2.7631645,-5.9963503,-5.7570586,-2.41676,-3.754868,-4.4046316,-2.341496,-6.551189,-5.4452734,-2.268923,-2.592964,-2.542086,-1.7013423,0.06093976,3.2840407,-1.2817976,1.4680438,0.5391659,-0.5775184,0.8682716,2.5522358,-0.27725807,2.1879036,3.1834052,3.4183273,4.1583786,3.0167456,1.924576,2.0069265,disgust
-519.8947,60.835354,-20.85623,-6.5389533,-10.295874,0.7751961,-19.840963,-5.2140074,-10.483441,-14.69482,-6.955492,1.4908456,-5.9056244,-6.8407927,-1.103878,-5.7390585,-1.953324,5.479302,4.015774,4.970505,8.034774,8.48033,5.1507816,3.78658,3.8281584,4.112417,4.6406326,1.6796025,0.29953295,0.24487622,-2.7387936,1.337138,1.2230372,0.8115026,0.9533378,1.2878779,2.1165183,3.118413,2.0201974,1.4007555,sad
-654.2307,88.34854,3.9162157,13.396237,11.88193,20.413935,-2.1019967,6.969812,0.20272188,-0.6290798,-1.4872482,2.3869905,1.5742754,1.270026,1.9676476,2.490677,1.5682633,2.3310795,-0.786607,0.42380092,1.4310474,-1.6817433,2.192579,1.7814463,-3.055398,0.7196117,-1.258777,0.29791912,1.5952754,-1.0749847,1.1173426,0.7001994,0.7911806,1.4753166,-0.24038064,0.2933895,0.50970644,0.5421397,0.6540278,1.2517871,surprised
-625.15735,101.541145,1.1132616,6.917553,12.362641,18.573671,-3.9480329,4.2224665,1.3249797,-0.31271335,-1.08915,3.0502872,1.3810719,2.2762358,1.327931,0.45923674,2.8466399,2.4001641,1.2515483,1.2698826,1.053119,-3.4618578,1.4471023,1.174594,-3.8519974,0.9984102,-1.3870187,-0.3558107,-0.38721973,-0.9200952,-0.32279283,-0.6905608,0.041148704,0.9687889,-0.530472,-1.154618,0.80900836,0.6334268,-0.5248949,0.360676,surprised
-579.47076,81.02226,-13.540177,20.677158,-2.284744,18.321812,-7.7498517,0.4787412,-9.032247,-7.660614,-1.7360362,0.94516957,-1.597059,-3.3963761,-3.4206393,-0.4759001,-2.712484,1.9410633,0.49964866,-1.3087997,2.1176267,-1.217771,-0.33396852,-0.76449573,-4.4500766,0.9283971,-0.4903091,-0.73626274,0.52120763,-1.1427397,-1.8925637,0.27428088,-0.65161157,1.011331,-1.0533594,-1.0689033,2.7919028,2.5881395,1.5849426,2.8901982,fearful
-579.6707,77.36846,-2.2405946,9.6343155,6.5402627,18.944317,-8.394689,5.89241,3.6849408,0.78987086,-1.3086593,1.4816147,-0.54921615,0.9720917,1.2962943,2.1876013,-1.2358266,4.486683,1.2670921,-2.4904802,0.711848,-0.7857888,-0.49973193,0.6475465,-2.5514808,1.6470702,0.4229298,-1.2911193,-1.0402536,0.3211453,-0.25404525,0.055718083,0.9703129,0.09922786,0.41716307,-0.0120469015,0.55700904,0.59079283,-1.1014442,1.2508342,angry
-505.49774,58.481285,-13.300971,4.173773,0.08166182,4.317053,-8.714862,0.93003607,-0.1253874,-3.2603893,-5.9617276,0.0031460682,-2.9766898,-3.6810324,-1.9307357,-0.73315704,-4.146154,-1.3139066,-0.78510535,-3.921279,-2.541466,-1.2684237,-0.91177166,-0.9285787,-3.1500995,-1.3459985,-0.78760135,0.12676074,0.3206146,2.8035316,1.6100188,1.0682876,-0.15048319,0.6805977,1.4488071,2.195073,4.378486,4.049939,2.767439,2.7447565,angry
-490.32684,57.02392,-8.252707,13.788847,5.4981036,13.871115,-5.427896,1.0350975,-1.1452004,-0.7619203,-3.3546681,2.231419,-0.6893522,-1.033285,0.787028,0.40431708,-2.101755,1.3615968,1.0462079,-0.49314365,0.9256928,-0.63641995,0.21855688,2.0655797,-1.0735937,1.2307925,1.3447497,0.76852643,-0.553262,0.9488481,1.3094183,1.6907359,1.0884348,1.8991091,1.3018438,0.8461581,4.962884,4.9231143,5.511981,7.6369786,fearful
-700.323,87.3653,5.7586274,18.063433,10.372201,21.971123,-2.22511,9.085393,5.560511,-0.9297724,3.4849389,4.5132265,2.4418504,4.13775,5.123858,2.6851416,0.6665471,3.739984,0.86202395,0.41229737,2.156888,-1.5476383,2.3420486,3.0571604,-1.8378139,2.4416823,-0.5207412,0.5802304,1.380068,-1.7116687,1.9818753,-0.16504806,-0.21118169,0.92945254,1.537107,-0.18516764,1.6523383,1.5463314,-0.66516656,1.5047039,sad
-609.4074,89.939926,0.72701216,11.671098,4.483903,19.264565,-5.8546453,0.52095175,-5.034028,-3.923336,-2.775015,1.1921182,-1.709539,-3.1178386,-0.52947867,1.9182004,-1.8101156,0.9533904,2.2660205,-1.7815206,-0.5981235,-2.2882783,-1.0770559,-2.1279023,-2.913284,0.5194791,-1.1648707,-1.3460484,-1.6607772,-0.673086,-1.6797609,-1.1732814,0.5664402,-1.1523674,-1.1010451,-0.2910473,0.37776354,-0.12130233,-0.44854876,0.470666,disgust
-571.69446,83.82432,0.28162646,6.6242614,5.6085334,18.245747,-2.9922595,3.4591553,-1.199302,-3.3736107,2.2037823,1.1364753,1.4262735,1.598348,2.988764,2.7648103,-1.1662425,4.550025,2.930884,-0.7685574,0.3891509,-0.82123786,2.1814773,0.82742774,-1.5854365,1.1555611,-0.15562272,0.1589263,0.7621761,0.73055136,-0.38244003,-0.94108284,0.02506709,1.2338463,-0.326181,-0.6333082,1.0161486,0.08322242,0.112639986,1.5127943,disgust
-629.58057,83.7548,0.039152637,12.720496,10.273198,21.078697,0.36713308,4.730263,2.2904167,0.67867804,1.7321014,5.0680885,1.2376955,1.3616953,1.5435201,2.8278832,1.6263689,4.5857954,4.5925837,1.8519465,2.8543708,-1.0355998,1.5316293,2.632637,-1.7573636,-0.35780093,-0.5150576,1.1174296,-0.03507594,-0.53919834,0.29964057,0.24093382,-1.0240982,0.9238601,0.049451564,0.822916,1.0976282,0.9430147,0.62676126,0.59086263,sad
-597.8957,78.45159,-9.4736805,7.5813127,11.110121,15.412742,-6.5347114,1.3878571,0.45394772,-0.8420353,-3.5253289,1.9842426,2.6118987,1.5368766,0.7873261,-0.28802177,-0.024412422,3.0611444,0.1737808,0.19190525,0.84237295,-2.3914306,0.34942448,2.3159,-3.4024503,0.6974108,-0.10988011,0.14918928,0.17954524,-1.7116921,-1.4408649,0.06492117,-0.8014627,0.5790799,-1.3717116,-0.7352266,0.021333985,0.33803844,-1.6009338,0.24897148,happy
-635.9408,84.69347,1.974039,7.556933,10.839379,14.417017,-3.9320602,4.065408,3.0450509,-0.07231905,-2.182489,1.7036526,0.9277487,1.8961813,2.351093,0.5746558,0.47926575,2.154257,1.6543404,0.38267028,1.7137663,-3.2215073,2.9118264,3.7819047,-2.480404,0.8591172,-0.3666961,0.10166872,0.48699224,-0.8056844,-0.02257823,-0.11541514,-0.9959157,-0.63906044,-0.31018016,-0.24924277,0.18616727,-0.6289193,-0.7251114,0.28004894,happy
-687.13336,92.09869,6.993686,17.715908,5.497921,15.573485,-3.3717186,4.8782334,0.4840692,2.337752,0.6243165,-0.8495805,0.43516305,4.6141467,0.5049874,-0.7442365,1.2644566,2.451865,1.1490314,-0.030467423,1.5869436,-0.9162981,3.1662626,2.2253706,-2.3878634,1.7331593,-0.95969117,-2.0242312,0.030304,-0.29955855,-1.175287,-1.3474939,-1.6884377,-0.8195693,0.76536775,-0.8631137,0.2720325,1.1860095,-1.3489928,0.98050404,calm
-649.39923,97.48983,0.5905212,18.013607,9.372816,15.535874,-1.6589079,7.2308326,-0.9387702,-0.90601367,0.074081555,-0.89939034,-1.9519095,6.3197713,3.7922962,-1.6524992,-0.69199723,4.6815553,1.8165703,0.6436041,2.936468,0.9626101,6.174272,4.060757,-2.289782,2.7453732,-0.020427868,-0.4256806,1.5049134,-0.18684974,-1.1035948,-0.6050058,-1.9610547,-0.92852,1.7705537,-0.43858165,1.3745812,1.5134892,-0.80380934,0.91413116,calm
-670.78754,85.75797,7.281554,14.447363,8.060854,16.174082,-3.6816247,6.474453,1.9582565,-1.7364266,0.06213932,0.24676485,0.57333386,0.2510275,1.9873329,1.1590283,-0.07610369,3.220386,1.1714197,0.014792251,1.5477148,-0.91306037,2.7314916,1.9259723,-3.045278,0.59826887,-0.25495625,-1.223019,-0.6169467,-1.5948026,-0.75936997,0.03402362,-0.7640892,-0.62112266,-0.037386656,-0.5281719,-0.07212982,0.26600724,-1.2761713,-0.53870314,neutral
-568.64,71.41573,-4.4614716,15.614256,11.390991,16.42709,-1.8279915,6.030004,5.4723496,3.3706324,0.30170244,6.1514196,2.443687,2.7564316,4.3215494,3.5151527,2.8152053,4.8253593,4.1912355,3.378058,2.8748143,1.1773686,3.7802677,4.634523,-1.5385607,1.6532186,2.5478888,2.3741732,-0.037282187,0.60128546,0.70688707,-0.037802123,0.22708157,0.98910195,-0.16090898,0.31703326,2.5599453,1.420563,2.5541658,4.6466303,happy
-634.2405,85.24585,2.5623248,5.776968,12.416354,17.288033,-2.1700919,2.9315445,-1.0884635,0.28757703,-1.4908262,-0.48624,1.0356655,0.9652089,1.0746559,-0.15528679,0.18047383,1.6205723,-0.43385622,-0.32562342,-0.021754889,-2.0833802,1.2880601,-0.31558558,-3.4988923,0.38736048,-2.6109147,-1.069581,-0.174184,-2.0397542,-1.2597846,-0.14596036,-0.67006975,-0.20918086,-0.15427323,-0.5541125,1.7294213,1.3146092,0.58288586,1.8908808,happy
-674.44617,96.40948,5.099513,25.444273,6.3215117,18.86428,-1.1418284,9.577474,-2.0761938,1.5441186,2.2683845,0.7602922,-1.3601359,4.1090455,1.363383,-1.7631197,-0.22421716,3.348136,-1.3617425,0.19598524,-0.39117187,-0.6598955,3.333288,1.2134606,-3.1976416,3.2780328,-1.7489017,-1.4337596,-0.32788664,-0.8515516,-1.1501219,-1.1019537,-1.7812823,-1.0351533,1.2972329,-2.2654917,-0.060628314,-0.24806169,-1.126788,0.7214244,calm
-677.5579,87.56763,3.7571275,10.619968,7.3154707,15.397902,-4.8110647,3.847392,0.48716268,-1.2379537,-1.6548848,-1.0821204,-1.0528023,0.09107585,-0.046198446,0.32377204,0.31240988,0.7436859,0.5208807,0.38202706,1.0986873,-2.643792,2.4300413,3.128264,-1.9753252,0.31304786,-0.106885165,-0.76539147,-0.5000139,-1.6647052,-1.0594572,-0.24871963,-0.9762126,-0.92873055,-0.27271673,-0.6138345,0.38403934,-0.03308907,-1.0525095,-0.22148483,neutral
-684.0992,87.81722,4.864721,16.20318,7.5152936,14.567292,-2.8184502,5.828855,-0.5176385,-0.37113875,2.2748313,-1.2571313,-0.60065705,3.4351254,1.795945,-1.4669526,0.2803788,3.8100877,0.87324786,-0.55429107,0.9258802,-1.5158037,2.6706557,2.5013635,-2.5789585,1.4688536,-0.27698463,-0.83293587,0.20634115,-0.5464096,-1.2428281,-1.7094382,-1.6101999,-0.46459076,-0.23105058,-1.7636994,0.8822506,0.21162733,-1.5951223,0.28430116,calm
-596.4751,77.7234,-1.6867199,11.058089,12.93203,19.027948,-4.498774,4.8225446,3.2114809,1.1704743,-0.36351594,5.7473965,3.8531432,1.6001952,0.66984713,2.3772466,2.6052997,4.187273,2.045758,2.0515447,2.226822,-2.2478251,1.1365004,3.9252863,-1.9036822,1.8325223,1.0403242,1.1739161,1.863533,0.43409994,0.94061774,0.67790544,-0.04660733,1.2608794,0.010143723,-0.12623277,1.6456733,1.5799007,0.11856895,1.4477569,surprised
-643.81995,83.357315,6.8099413,12.203469,8.230432,15.314879,-2.3130174,4.708588,-1.7713125,-3.4660964,-2.0690227,2.2398705,-0.351721,-1.2169379,0.7599698,0.20750968,-1.6234869,0.49360764,-0.23650119,-1.8413272,-0.9785044,-3.4762256,0.7656058,1.5862373,-3.3158693,-1.2864319,-0.5937491,-0.74343204,-1.651852,-0.56056184,-0.5089102,0.35657293,-0.3003612,1.9912844,1.5831112,1.8221728,2.745979,2.358397,1.6479999,1.6315292,surprised
-546.35754,69.52754,-5.437875,6.8631196,1.9369241,9.940634,-10.234304,2.5252943,2.8649278,-2.3154368,-2.9930105,1.6919794,-1.8518828,-1.4157825,0.5457592,0.54903483,-2.06295,0.78207,0.005201622,-2.880696,-1.478914,-1.2066431,-0.3897775,-0.3345671,-3.0719295,-0.6423116,0.10258403,-1.4250546,-1.9555545,-0.33633938,0.45106077,-0.19779868,-1.7871025,0.6891318,-0.11723608,0.2728462,0.77030665,1.7710692,1.7921047,1.8123112,angry
-629.8919,71.58582,8.11492,15.095867,8.656446,20.35574,2.923622,6.3015985,4.1412477,-0.017668989,3.9987876,3.7723322,2.8744833,3.7988625,4.791468,3.2326655,1.124528,5.268479,4.2023463,1.1082941,2.5640807,0.5792655,3.2716794,3.9774399,-0.4812001,1.878265,1.5534738,1.0402727,2.0746114,0.8734556,2.1715264,-0.042788353,0.691504,1.7423298,1.1594408,0.5832506,1.3929541,2.0779643,-0.014163897,1.8537618,fearful
-545.6191,66.02776,-3.6222522,14.803086,7.5416074,19.531683,-5.6096897,3.3553505,0.59104455,0.4444025,-1.126384,4.2798734,-0.50333536,-0.22732522,1.8476827,3.317187,0.9289285,3.1389205,2.358931,0.3009909,2.8146462,0.62832004,0.4724604,1.9213855,-1.876468,0.60390484,-0.13002609,0.75084984,0.8333611,-0.03794016,0.08320666,1.0641769,-0.5252786,1.4488217,-1.551272,-1.1914945,0.68471617,1.2871015,1.4529917,2.1664615,fearful
-441.14545,49.6205,-10.523704,6.4992676,0.6552355,7.3392897,-10.858211,0.10833903,-0.013699684,-4.7142506,-5.0038753,-2.0633705,-3.8500912,-1.8950564,-1.0798346,-1.9591184,-5.8775215,-1.9893161,-1.8243672,-4.3285046,-2.7387812,-1.3830808,-0.48931235,0.5262499,0.033057895,1.8306909,0.9346936,0.7651303,-0.43519917,1.5065743,1.2062886,2.4931748,1.4020399,1.309496,1.2772369,1.1262017,2.074193,3.2020907,3.4345088,2.7587883,angry
-579.0555,83.31342,1.373645,11.323231,4.2871795,18.536392,-3.878218,1.9540133,-1.3358364,-3.6781802,-3.0899422,1.0189259,-0.35463542,-2.145905,-0.17454158,-0.20716147,-1.5306252,3.216517,1.8563579,-2.358388,-1.3381464,-0.24797545,-0.29038826,0.05147181,-3.7726638,-1.747185,0.33305758,-0.638839,-1.8486785,-0.9336066,-0.3932515,-2.2054353,-1.1759297,1.2860864,0.039208397,1.1623445,1.7519131,1.8115573,1.5983336,2.348215,disgust
-653.4483,79.19753,2.4656863,12.461809,9.53179,18.852505,-1.4367385,4.3913093,2.290503,0.6309286,1.6098329,1.7773902,1.5161048,2.4542139,3.1038673,3.2028878,0.532586,3.1759503,2.367666,0.09232621,1.2232451,-1.7243619,1.4120586,1.9830495,-1.8981599,1.9517196,-0.98756003,0.609162,0.78666437,-1.5907518,0.28774405,-0.1660524,-0.8729114,-0.3230374,0.6094903,-0.68995005,1.3293585,0.6518694,-0.8063357,1.2630635,sad
-586.7413,66.81163,4.5328245,8.876018,10.360225,12.923834,0.050415684,1.8852774,3.772068,-0.98806643,0.92430705,1.7412764,0.4497674,2.442761,3.4141805,1.6950457,0.1848069,2.5735571,2.0642192,-0.45309827,1.7848871,-0.9166033,2.8664384,3.7278945,-1.9601367,0.85438323,1.6016995,-0.0067104376,0.56856513,0.23252791,0.4085211,-0.16968276,-0.5478757,0.9442487,-0.13513069,-0.5385558,1.3833108,0.45751575,-0.24424411,0.96975696,sad
-604.4865,107.34652,2.0137427,13.537381,6.740339,20.321121,-2.732044,4.8892155,-1.0339944,-3.712642,-0.20683303,3.779216,4.2694,4.3456316,2.1861804,3.8561676,1.2138019,3.4478056,3.2487109,2.6785042,2.9926817,-0.6321992,4.3315907,3.8748293,-0.8300797,3.0892887,1.7281603,3.5331628,3.1527104,2.5952897,0.78129894,1.1633446,2.4052913,2.1507108,1.6187298,0.17523521,1.9013542,2.5823703,1.1353594,3.91101,disgust
-668.2037,86.44399,7.5614276,11.908907,7.6258826,17.00748,-2.1642394,5.715648,1.9970465,0.91496605,0.2155826,-0.56193167,0.7254582,1.9695345,1.9615252,1.9323527,0.56715727,3.5326478,0.65538,0.063854486,0.7232877,-1.2577039,2.7811856,0.9828976,-1.5902241,0.8347866,-0.08056272,-0.9530481,-0.92650074,-1.2056987,-1.5600972,-0.15156871,-1.2840651,-0.36709988,0.3435773,-1.0457373,-0.021992687,-0.20243262,-1.0931075,0.40261042,neutral
-683.1076,86.40151,6.5527635,18.81804,5.0434623,17.050783,-2.3122833,4.7285557,1.9281406,0.97477674,-0.49099302,-1.2186269,-1.9267796,3.4193096,0.93207824,-0.15028176,-0.035535168,3.5681946,0.35688686,-1.3081938,2.1848292,-0.71166354,2.422775,1.3205551,-1.9948344,0.95529914,-0.74408257,-0.6676913,-0.20668544,-0.21575126,-0.49081653,-0.7650476,-0.8665644,-0.8166899,0.2603026,-0.7925507,-0.30543712,1.2955239,-1.2196895,0.58754957,calm
-672.32,90.090805,12.57522,16.3039,9.062466,14.82035,-2.476243,6.405938,1.58161,2.1503663,1.6588837,-0.85768396,2.3768597,2.0965846,2.2715185,-0.35990235,0.9941412,3.4758382,-0.31777483,0.11999101,-0.015094747,-1.1825869,3.0276039,1.472327,-1.9048619,1.5458034,-0.46188226,-0.8942525,-0.4105016,0.01003789,0.23354541,-0.683803,-1.0191494,-0.7397069,0.89702666,-0.7301986,1.1443053,0.592157,-0.43011004,0.7614472,calm
-648.27765,85.328285,0.29556522,4.131665,11.61042,14.127127,-5.242032,1.3065116,0.7233337,-0.21031818,-4.078813,1.0122042,1.7930752,0.8283588,0.46376532,0.6145592,1.0492564,1.3137593,-0.022693347,0.24390693,0.10751381,-2.704855,1.8388836,1.8212891,-2.1579893,0.30194122,-0.6630934,0.1041501,-0.609602,-1.2110198,-0.3197039,-0.036649108,-0.3286274,0.07987515,-1.0637386,-0.80836165,0.35485807,-0.19017117,-0.7027088,-0.037816405,happy
-531.8749,75.8553,-6.1832013,7.205644,9.4908905,15.909352,-6.6809597,-0.1558713,1.2973057,-2.138066,-4.4094353,1.608836,0.7336607,-0.39296365,0.76231754,-0.01094987,-1.0184333,2.9419777,0.5646656,-0.78769904,-0.4219424,-3.1915872,-0.32596818,1.6364387,-3.6211607,0.6635204,0.102572404,-0.2465169,-1.7053258,-1.7752672,-1.3805294,-1.1072652,-1.4724703,-0.26498148,-1.5588888,-1.570674,-0.023060283,-0.124685206,-0.53895885,1.3666254,happy
-608.353,75.15093,1.4117885,6.4538217,8.308875,12.260499,-3.1845121,4.089925,1.1301135,-1.7833446,-1.8923495,2.1951156,0.6113624,-0.15073283,-1.381201,-0.6516968,-0.46320304,2.3867848,1.6379501,0.49740723,-0.4292455,-2.7308903,1.2731117,1.0267291,-2.9663136,0.41292688,1.2288398,1.4326482,0.8981411,0.38813427,1.8014649,1.3118367,0.5127691,1.5424739,-0.059249405,-0.24878232,0.7830723,0.29655835,-0.18845738,-0.18884854,surprised
-589.09875,81.5907,-0.6766963,12.046851,10.391445,19.571407,-4.8292236,2.3336754,-1.0958725,-2.1895924,-3.9404602,1.3152742,-0.83057284,-0.35385147,0.05047159,0.9098336,-0.50303125,2.375292,-0.18627492,-1.3615538,-1.3017699,-4.356097,0.25218156,1.3855176,-4.319493,0.4222113,-1.4483174,-1.2683505,0.08871236,-1.9429052,-0.9653718,0.53837985,-0.8489542,0.85803455,-0.7147975,-0.70159256,0.46209064,0.21470554,-1.0248075,0.9072103,surprised
-633.3305,77.801445,-6.7490897,9.248064,6.694602,18.06283,-6.096158,2.6708274,1.2643392,-3.1236262,-1.0087647,2.5154207,-0.4416304,-2.9339805,0.14181854,0.770532,-1.7011064,2.176292,2.103055,-0.10923455,-0.58883256,-3.613659,-0.5549902,1.222913,-3.540865,-1.410994,-1.9458761,-0.20583569,-0.31981644,-1.862968,-0.18937998,-0.3777134,-1.0014547,0.40420616,-0.24155469,-0.32948744,-0.18358532,0.4190071,-0.31182075,0.13241637,sad
-586.0335,75.668976,-0.22507595,12.634582,2.7934825,20.797981,-5.7300816,5.1297884,-3.5086737,-2.9726958,0.58965224,4.180971,-2.7554684,0.5922757,0.6880588,1.4098364,-2.7664874,4.2722855,2.3785,-3.7330737,-1.4289712,0.31674886,-0.2936275,-1.3321121,-3.8022566,-0.26139495,-1.0186024,0.28843388,-1.7746267,-0.60651994,-1.4171903,0.5419581,0.7728345,1.9792405,0.09341468,0.30273867,2.1084301,4.0256114,2.260903,4.533832,disgust
-639.4898,101.69428,-8.406315,3.4364564,6.467501,16.099438,-5.80365,3.0144856,-3.0808127,-4.2302656,0.03161299,2.4505367,2.6663969,-0.22049706,-0.9506393,0.13281259,-0.4727495,5.1162066,2.530997,-0.81064767,-0.81613547,-1.1686242,0.9351842,-3.758687,-2.4177525,2.5672743,-1.7725238,1.0506703,-0.46256834,0.26213443,0.39415485,-0.15312691,-0.007322608,0.30839902,0.28125158,-1.7597116,1.3739357,0.25434783,-0.2587773,0.937233,disgust
-647.03296,82.19899,2.7478764,12.21432,8.550998,16.845356,-6.4311213,4.508191,1.6590072,-1.7996832,-0.07767591,0.91643566,-0.16995499,-0.74410623,0.20774901,-0.22997727,-1.5228735,0.49590433,0.8275438,-0.8619763,0.4767547,-3.011193,0.6551444,1.8501221,-2.6720665,0.09657779,-1.100236,-0.062525,0.6086109,-0.5462645,1.6400417,1.2433407,1.1771859,1.9256121,2.0910573,-0.014400448,0.88986605,1.1353463,-0.964149,0.68298227,sad
-533.51337,66.688835,-4.3439507,14.813295,5.784685,17.014477,-4.6819863,4.4333916,2.321354,0.98243415,-1.3351488,3.3239698,1.1632718,-0.13555625,2.0278878,3.3410208,0.30478412,2.6996036,3.3833485,-0.48232535,1.3195118,0.89338803,0.78371716,1.6763824,-1.2297965,0.8370228,0.061735306,0.9869136,-0.29447415,0.08607405,0.39847842,0.0581588,-0.85788965,1.3790718,-1.1536752,-2.065359,0.6058126,0.5026609,-0.15453589,1.1270651,fearful
-476.62927,62.575005,-8.35138,4.968887,-0.6191651,6.05783,-11.04834,0.8309355,2.872614,-4.6068544,-5.0310683,0.2625122,-2.9356563,-1.7481561,-1.0670531,-1.4046897,-4.258214,-0.28243923,-1.3755016,-4.775213,-1.9118462,-2.0036092,-1.20976,-0.070204735,-2.9838746,-1.0741192,0.11675908,-0.58339036,-1.9968789,0.3521681,0.30506402,0.4527309,1.3203483,3.0755577,4.925232,4.4536743,4.299545,4.4869313,2.7185977,2.3827808,angry
-531.42365,60.825382,-8.606841,8.755382,0.5403536,10.125825,-9.970937,1.020677,2.4211254,-3.0283146,-4.7093563,2.2951064,-2.102415,-2.8926687,0.7164531,0.22859658,-2.7006984,1.0739056,0.08111356,-3.5031304,-2.53201,-1.121111,-2.1423354,-0.49724266,-3.2587254,-1.1852047,-1.2092029,-2.4104981,-3.2427468,-1.9395653,-1.8691844,-0.33305943,-1.7109578,1.1961786,0.941109,0.8097069,1.4662064,0.6547373,-0.2641209,0.562676,angry
-615.38464,69.022064,5.8673205,19.436499,4.1391077,20.31605,0.18099628,6.516014,-2.6382983,0.18225038,2.9052093,6.2374306,0.7955471,1.3629519,1.67357,4.364408,1.5878385,2.8214297,1.3358753,-0.24072002,1.2639713,0.57582545,-0.2811356,0.7353703,-3.622683,1.7009095,-0.1650082,-0.43776372,-1.4384576,-0.34979135,-0.15218788,-0.7481351,-1.1010313,0.96536195,-2.3823898,-1.4288794,0.35842383,0.3160672,-0.89863354,0.49271724,fearful
-631.79694,84.984344,-2.1606503,7.9216146,6.8407516,17.100754,-5.4262495,3.0752249,-0.31556323,-1.7019615,-3.5091968,1.9523091,1.9128258,1.279385,-0.3733929,-1.204847,0.30274123,3.3295193,0.8898003,-0.015871508,0.7742524,-3.143507,0.036478505,0.3179713,-4.257585,-0.6088062,-1.1492486,0.07556429,-0.96618193,-2.0504158,0.09382055,0.22339678,-0.31960648,1.0847541,-0.7633852,-0.17480205,1.6720709,1.2752175,-0.06295612,1.0645965,surprised
-554.7074,66.73336,1.0622507,11.307657,7.97897,15.5793085,-4.220672,5.3874826,0.64942425,0.9301146,-2.161987,4.69722,1.9122093,0.5155073,1.1195234,2.2362492,0.64672965,2.143812,2.4828475,0.63335615,1.0140817,-0.410013,0.4850119,2.7232616,-1.5989906,1.016495,0.3798671,0.93570566,0.29705903,-0.68178993,0.21243069,0.6454324,-0.32774284,0.7550351,-0.25670323,0.081117705,1.0953447,1.1250222,0.80794096,1.4587008,surprised
-564.73035,74.76888,-4.6944146,8.817397,7.7537837,14.58252,-3.2992656,1.8546101,0.0635853,-2.5229871,-0.58901644,1.3329467,-0.8245742,1.1085565,1.0217223,0.9489923,0.8514771,3.8170702,1.2226515,-0.09013722,0.82956266,-0.8472642,0.24668284,0.20603158,-1.0098372,-0.18403994,-1.0071542,0.52214086,-0.65281683,-0.019226952,0.2322987,1.008152,1.2950354,0.7101335,1.6842766,2.046698,1.3127856,1.7199321,1.5884224,1.5071787,disgust
-587.1087,66.939964,6.132054,8.907316,8.595459,14.701175,1.0479833,3.2890763,3.295285,0.29531354,0.39257544,3.2163677,1.6025082,1.4041611,3.2385316,1.7409983,0.6835538,2.8320422,3.316258,0.5548328,2.1741064,-1.0444613,1.4835014,3.2586284,-0.744375,0.37832814,1.1574544,0.33857068,0.1309947,0.5768594,0.4419287,-0.12426672,-0.54679763,0.71133107,-0.18037629,-0.4997283,0.5768565,0.44644243,0.3325502,0.42497045,sad
-659.3052,93.342415,5.6223407,14.552147,9.293248,22.007557,-3.9821784,7.5615234,0.29381552,-1.1329489,0.4809406,1.5249854,1.4647535,-1.27282,-0.59546083,-0.40025222,-0.9811753,1.0101372,-0.6738532,0.6291383,0.578958,-3.6209168,1.4993889,1.6369725,-3.8479333,0.4942237,-2.0393476,0.8028802,1.9734911,1.0255433,2.9399662,2.0089483,1.2224007,1.7887573,1.5054116,-0.21388061,1.1998652,1.708715,0.47250652,1.3760785,sad
-625.5779,94.99907,0.45157152,9.601221,5.276454,21.247517,-2.997239,2.3923678,-8.847795,-6.5382376,0.64291126,4.2027392,3.0961137,-0.28348574,-2.4130669,1.2790343,1.1866211,5.52806,1.6982396,-0.9280865,-0.20241274,-0.5745546,1.4920368,-2.4240935,-3.9076328,1.1902813,-0.8865024,0.05160478,0.5752392,0.29089153,-1.1336404,0.02025381,0.97114486,1.033934,-0.8647446,-0.6840461,1.063962,0.58390766,0.5633878,1.9150461,disgust
-519.5254,62.828537,-5.587942,9.451094,5.105152,15.728414,-6.0512643,1.3745396,-1.4418283,0.026770188,-3.25194,0.2534379,0.5558111,1.6466585,0.66327643,2.2604659,-1.5846891,2.9558215,1.0519909,-2.0117023,-2.2391813,-0.6912253,0.8330923,0.3332847,-2.8780417,-0.030077625,-1.8322918,-1.3828646,-1.8686695,-1.6232158,-0.47791585,-0.27691862,-1.7113332,-0.6707442,-1.8687053,-0.87933445,0.5105161,1.9208969,1.0501546,2.2472076,angry
-520.62195,62.53065,-10.328557,8.574638,2.1996417,15.2880535,-8.298502,1.140024,-1.4798143,-4.85317,-4.3148856,3.0939062,-1.1822807,-1.9131776,1.759858,1.3368944,-2.1975486,1.0451854,1.6644331,-2.838471,-1.9465476,-0.7662694,-0.32766342,0.030768398,-3.305296,-0.98844033,-0.51085985,-0.4595336,-2.3532815,-3.0721028,-1.4571644,-1.118785,-2.8326244,-0.15955852,-2.531402,-2.3771503,0.33528665,-1.2850542,-1.3746227,1.5328166,fearful
-606.7902,73.49235,2.0664792,15.995178,5.0865016,19.479918,-1.880203,3.6475685,-4.3689833,-2.1454206,3.7068245,6.265945,0.8893052,2.4090536,2.5852823,4.646304,1.1360532,2.4795642,1.4086168,0.09129683,2.7443087,1.4302273,1.3176478,2.5628915,-1.3920839,1.7646536,0.60060084,0.60528857,-0.019109862,0.15715706,0.4590254,0.017633893,0.10330835,1.4455799,-1.0412573,-0.34220004,0.36561576,1.5321779,1.3900791,2.4333577,fearful
-571.8957,73.54681,-2.1704485,9.121072,6.4490457,13.102035,-7.219667,3.7972581,4.062605,-1.0693593,-2.8761277,1.5095387,0.7554737,0.14772664,0.5059993,-0.3706349,-0.56833375,1.7045909,1.7262177,-0.25571954,0.0252128,-1.0531193,0.39986414,0.703798,-1.2775195,0.20210083,0.24201304,-0.4300138,-1.3323202,-0.82422733,-0.02387705,-0.6202096,-0.9130297,0.38520882,0.091901496,-0.4331533,-0.059852667,1.2232195,1.8104123,2.2228398,angry
-695.8135,96.01543,10.699649,15.173567,7.7363544,15.4044485,-2.7497928,4.937383,2.15451,2.9831789,1.2629076,-0.028954715,0.5931698,3.901478,1.0634903,-0.19700864,1.0372119,2.6471093,1.2219908,1.5768281,1.7109568,-1.2513503,3.7383096,2.6023295,-1.3699173,1.5337714,-0.92174584,-1.2277448,0.3658662,-0.2906064,-1.2841424,-1.0215352,-0.2580453,-0.20065334,0.78601354,0.15880974,1.2887286,0.92111343,-0.84438604,0.032369163,calm
-686.42957,84.97954,4.508084,12.335823,9.649668,14.448165,-4.1140447,5.134118,3.7067735,0.8381375,0.41652524,-0.015170354,1.2839541,1.354331,1.5014204,1.257397,1.3198421,2.4946744,1.3161712,0.7990356,1.1123943,-1.346039,2.2441692,2.9042556,-1.9902586,1.3354512,0.5175501,-0.40618938,0.13157003,-0.8708948,-0.7594406,-0.8554868,-0.4194197,-0.52068555,0.78279227,-0.38890725,0.7920389,1.3024063,-0.77358156,0.42503202,neutral
-654.4788,97.492455,15.237009,19.20266,11.993779,15.137392,-1.355826,6.982752,1.987971,0.08725854,0.35980967,-1.8940572,-1.8309197,1.941074,1.5106422,-0.8948738,-0.23845693,3.6357102,0.3469346,-0.92639595,1.7379283,-1.5743779,2.3884344,1.9576693,-3.1041827,1.4301797,-0.7460149,-1.8530874,-0.12939675,-0.85807073,-0.94581705,-0.8677366,-1.136398,-0.80059063,-1.0884506,-0.977241,0.47767803,0.09936371,-0.74771714,0.395467,calm
-632.52515,85.25532,0.5474007,7.576109,9.906102,17.834745,-4.6112432,1.2801845,-0.37314042,0.3980817,-3.6091068,-0.8058543,-0.6686692,1.3991932,1.8800224,0.072452985,0.47129658,2.9981253,0.85995835,0.7876467,3.2318547,-0.97063017,2.060419,1.7448124,-2.651964,1.6812687,-1.5875599,0.31806907,0.24411516,-0.8395161,-0.16310549,-0.36241812,-0.09589091,-0.32609192,-0.47594222,0.09241937,0.4337693,1.1370237,-0.6518258,0.5002574,happy
-576.25214,83.90234,-5.613059,5.997512,13.148571,17.140963,-4.482803,1.2255216,3.8982017,0.11723318,-4.1924887,2.5921981,3.0434952,1.5730771,0.098505735,0.8396232,0.9360368,3.2746844,0.34419322,0.79623395,1.6507185,-1.6960309,1.4339825,2.4021323,-1.4284666,1.1524216,-0.6130696,-0.19431178,0.89534026,-0.8686748,-0.18637188,0.19262436,-0.39215332,0.3291603,-1.244613,-0.44439605,0.31354144,-0.70418006,-2.1769292,0.07143134,happy
-597.22986,54.587093,0.29617262,7.9675255,-0.22442451,7.602571,-3.720701,2.7220252,-3.8728516,-1.6756753,-7.1170015,-4.425978,0.1537989,-2.1393397,-4.0476804,-1.3588655,-2.5224133,-3.2161055,-0.84734565,-2.559388,-3.4419215,-1.590849,-2.6565502,-3.0056772,-2.9812381,-3.0551314,-2.3172593,-2.567335,-4.3419847,-1.1536113,-2.0685134,-1.9454349,-2.6746113,-1.3212955,-0.46377188,-2.320117,-2.002666,-0.16534424,-1.6052461,-0.29756385,disgust
-640.36694,62.747467,-0.474074,2.2895854,2.0211744,14.295498,-5.9572854,4.0157466,-10.036424,-4.0893426,-5.2728105,-3.0911832,-1.3097796,-4.4737673,-4.100037,-0.5479661,-0.3944734,-2.6651945,-2.1876588,-1.3750074,-4.3213162,-2.1949525,-0.8682027,-1.1625437,-1.3383721,-2.2890718,-2.5489929,-1.46906,-3.6665525,-1.8737653,-2.3494272,-1.2650594,-2.20138,-2.855016,-1.7697599,-1.9974872,-2.1414433,-1.6589177,-2.3712707,-1.3095486,sad
-676.43854,66.30843,1.1813395,14.0112915,2.4163725,16.886127,-6.418675,8.651376,-6.592748,-0.36855102,-4.677448,-3.2389839,-0.30279666,-0.803969,-4.452398,0.11768586,0.16854766,-1.5476528,-0.7239353,0.0060037365,-3.3865092,-2.1595745,-0.6763279,-1.2643234,-3.8348482,-2.230368,-2.6635246,-1.2079061,-1.5873457,-0.75528634,-2.5540378,-1.1783054,-2.6548562,-2.2862873,-1.2243799,-1.5610495,-1.8435409,-1.6420033,-0.23474453,-0.62159634,sad
-688.99176,52.997437,-0.6949212,10.821214,-1.6062461,12.015389,-4.315355,5.7343354,-5.9584208,-2.6992357,-3.4426434,-2.5512526,1.112543,-1.4624602,-3.757434,-1.1717469,-1.1365306,-0.035981063,-1.325762,-0.8015279,-1.1901082,-0.495107,-1.5320616,-1.5988989,-2.1596491,-2.2492754,-2.3952458,0.3669386,-2.508693,-1.5599049,-2.3985486,-0.94456744,-2.05942,-2.103368,-1.0872241,-1.5819994,-1.1738139,-1.490857,-2.2979395,-1.717138,disgust
-422.647,38.85035,-16.750538,-1.0205783,-6.9374704,-0.10928164,-7.619318,-3.3435533,-5.6982026,-6.035234,-5.190815,-5.706592,-4.005762,-3.0948722,-4.6906796,-1.5107278,-4.5114374,-5.0646596,-2.2734306,-3.308667,-3.9458003,0.40802345,3.391638,2.1029613,0.6257774,2.6565278,1.9884908,1.7957945,-0.17992358,1.0563751,3.7018056,2.9477165,0.98680115,0.54772776,0.8780908,-0.7532983,-0.8740878,2.1302457,0.0064271376,-1.0625196,angry
-563.7197,76.45018,-11.383373,4.065526,-3.3722982,12.995871,-7.816029,-0.43180957,-10.562568,-10.679483,-11.414133,-4.7656755,-0.99810654,-2.9026995,-7.6159315,-0.9002682,-3.2175822,-4.129598,-0.23957393,-0.21765964,-6.493892,-3.8417082,-3.943463,-4.3175373,-7.8794856,-2.5075123,-2.8757644,-2.5676708,-4.5966573,-4.7314835,-2.4485834,-3.125765,-3.701513,-3.445067,-3.0539105,-2.6643305,-3.0198457,-0.5290305,-1.8213946,-0.9310335,fearful
-709.5105,64.930244,3.0776327,7.8256097,2.706293,14.646838,-5.150894,5.2694473,-4.295296,-1.6223065,-7.028102,-2.709813,2.176211,-1.9139322,-4.205563,-0.28832868,-1.0851787,-1.6762972,0.42818502,-0.4711645,-3.4382277,-0.78135157,-1.8018996,-1.3746239,-3.3394086,-3.0310533,-3.0051553,0.14287314,-2.5920374,-2.4113586,-2.0671737,-1.5924107,-2.9600282,-1.9753107,-1.4624839,-1.138211,-2.0240078,-1.9258409,-1.5525768,-1.7870957,fearful
-579.2218,57.379814,-8.834136,4.1964154,-2.599477,5.964382,-8.060396,-1.6461444,-3.0360224,-5.168898,-8.695699,-4.9638166,-1.7977077,-3.5351236,-6.643213,-0.714649,-2.1358252,-4.758656,-2.0654545,-2.9232876,-6.1911902,-2.8844,-3.4768846,-3.681405,-5.2960644,-3.4297104,-2.4694033,-1.2883917,-2.637558,-2.4648669,-1.2240081,-0.98209345,-2.4792373,-0.54328257,2.0021758,0.15062551,1.4440253,2.651509,0.76988006,0.90853566,angry
-569.1324,61.33735,-8.703363,6.9461503,-4.533215,9.644601,-5.3839855,-2.7150679,-4.033091,-5.983436,-6.899128,-4.0326023,1.6156093,-1.7087231,-4.875279,-1.9608934,-3.55454,-5.255531,-2.409084,-2.2482915,-5.972995,-4.383839,-2.7682219,-1.0892184,-3.0207412,-1.6890591,2.2641397,1.675021,-0.4032705,0.33064038,-0.34609115,-0.35376096,-0.80621195,-0.52689576,2.6750894,0.3170144,-0.5182538,0.25254968,-1.1325269,-1.0108025,surprised
-557.01434,56.569588,-11.098544,6.483811,-4.3218775,10.319003,-7.6697083,-4.8674583,-8.262742,-5.8556585,-6.0467253,-4.562987,-1.1571616,-3.7082238,-6.4558096,-3.8577306,-4.8243985,-6.419543,-4.3654823,-3.1404943,-7.472867,-4.64856,-1.33414,0.026231691,0.30295935,1.8033134,1.8156269,0.5230699,-1.8560168,-0.47937855,-0.7917655,0.014425121,0.79054874,-1.1569617,0.8077232,-0.6561443,-1.0991197,1.5818135,1.2683427,1.2626839,surprised
-708.9373,70.33675,9.489161,11.994718,4.6041145,16.881027,-4.73068,4.9154396,-0.3991516,-0.49249017,-2.794105,-1.9774806,1.5170999,-0.7952094,-3.597057,-1.1861457,-0.9543228,-1.3932927,0.49380207,-1.4552288,-2.9952452,-0.7192714,-0.127969,-0.5363959,-1.8626498,-1.4572257,-1.7613473,-1.4571563,-2.460535,-3.1642663,-2.1889992,-1.3541915,-3.3216822,-1.7774798,0.12221714,-1.3065436,-1.4373249,-1.986308,-1.0077852,-1.5528243,calm
-654.7453,77.3387,1.8005472,6.381175,6.2309127,20.27821,-8.4755,3.129455,0.42228764,-1.6587834,-5.9624143,-3.0395348,2.846727,-0.37916392,-2.721139,1.5252522,-0.6992011,-2.9024365,1.5590907,-0.14769152,-2.9364657,-2.2166831,-0.8996643,-0.6414149,-2.6778038,-1.2488376,-1.0637062,-2.607396,-1.2927477,-1.8144228,-1.5706805,-0.24623275,-2.0810993,-1.4828863,-0.45889926,-1.5141665,-1.7487751,-1.7469361,-1.9137255,-1.7153858,neutral
-697.77386,68.53853,4.8324447,10.410114,4.395117,17.317112,-4.44725,2.9424202,-5.0502257,-2.9642413,-5.217464,-1.4866204,1.7428448,-0.21706203,-4.845173,-0.65854186,-0.99173486,-0.66017205,0.24942477,-1.802285,-3.8664932,-0.9683072,-0.43709257,-2.2088816,-2.2416027,-2.2778647,-2.5142975,-1.808776,-1.9055699,-2.8500755,-2.5063298,-1.3598464,-2.8143644,-1.936794,-0.62708104,-1.4198506,-2.3530612,-2.5741968,-1.072132,-2.0850718,calm
-633.64557,60.97282,-5.92939,11.021031,-1.3557146,12.647052,-7.3447943,-1.6585547,-2.8772383,-6.864091,-7.992746,-2.8469512,-0.43865585,-3.6068203,-3.5799768,-0.9257513,-5.2508144,-3.0592477,0.4726296,-2.2045107,-5.661751,-2.5681689,-2.5176857,-2.7005696,-4.3104362,-4.843244,-2.08029,-2.4540071,-3.5313358,-3.8988247,-2.81191,-1.9695401,-4.157065,-3.139698,-2.1870914,-3.2114656,-3.1001074,-1.7168496,-1.6163082,-1.1160907,happy
-536.25433,51.13552,-14.947182,3.0154195,-7.375435,3.6298146,-8.746076,-6.0181775,-5.648378,-6.3179774,-7.5033636,-6.3715034,-3.2297573,-3.2563057,-6.0362563,-4.60936,-6.797297,-6.4961576,-1.1428423,-4.7928705,-6.3323755,-4.440441,-3.2672508,-3.7309136,-2.641826,-0.87791085,-0.34988737,3.259619,1.7374007,2.8973415,3.5872502,1.4856826,0.059523523,-0.23366159,1.184027,-1.2841786,0.2918697,2.4914193,-0.38099316,0.4339226,happy
-647.62885,70.053185,-2.6149004,5.3701506,2.004189,17.809738,-11.133021,0.9463768,-1.48364,-4.695195,-7.283162,-4.7383213,0.61571693,-1.8340915,-4.601631,-0.18127826,-1.3318624,-4.4532576,0.1901828,-2.008092,-5.3185678,-3.2231112,-2.2600434,-1.5903696,-5.4481964,-2.8636029,-1.9139009,-3.131936,-2.4358795,-3.1813483,-3.1482875,-2.2609062,-2.7624543,-2.8222659,-1.407845,-1.9598651,-2.7448235,-3.1301196,-3.2181194,-2.8873227,neutral
-689.4704,68.112495,3.9997876,11.0380745,3.3084555,15.108302,-6.33133,2.4983034,-2.4817045,-1.6703192,-5.5046477,-2.0315645,0.74405557,-0.86273134,-4.4737625,-0.57476306,-1.6394217,-1.9706407,-0.12192361,-2.1509514,-4.3560877,-1.1787536,-1.3293089,-3.5001209,-2.6023633,-2.1461318,-2.5141287,-1.4689437,-1.8037999,-3.001989,-2.6758225,-1.6260698,-3.5918825,-3.2938967,-0.37817544,-2.1620872,-2.3437345,-1.8453074,-1.9809399,-1.3931708,calm
-718.0039,78.10556,9.262426,11.199741,2.5758677,17.55245,-3.2829568,4.1211996,-5.212217,-1.1030326,-4.0965,-3.1261458,2.7156575,-0.33223942,-4.6285334,0.13763887,-2.3703134,-1.7008411,1.4635366,-0.9395605,-3.0971746,-0.8740357,-1.634563,-0.8143593,-2.0981162,-0.9876086,-2.2388873,-0.93314064,-2.499115,-2.8958464,-2.2846158,-1.9333663,-3.8763714,-1.8352264,0.20764436,-0.929847,-1.7536837,-1.7999336,-1.6022931,-1.3762851,calm
-665.17145,65.07049,-6.941336,6.542368,-1.9405802,12.119534,-9.150192,-1.6255175,-4.449723,-7.332825,-6.9510236,-5.7628884,-0.30685005,-4.039564,-4.283202,-2.0804589,-5.186285,-4.0185328,-0.1581096,-2.1109896,-5.3594804,-4.5110216,-2.9666078,-3.2380428,-5.1890497,-4.476343,-2.2051432,-3.180888,-3.4339433,-0.9599112,-0.36863208,0.9419319,-0.89359456,0.5009077,2.0303254,-1.2851411,1.107805,1.7505437,0.91245,1.1163429,happy
-538.31866,50.505936,-12.359847,4.5823774,-8.39855,4.248584,-9.695197,-6.7573524,-4.2752566,-6.1744523,-10.10078,-5.0132184,-1.072822,-5.250196,-5.220466,-2.9133759,-6.7051682,-6.3750825,-1.4579073,-3.7426987,-6.0886493,-3.9503198,-2.704868,-4.104074,-4.2250786,-3.0628614,-1.0603232,0.38003403,-0.96756124,-0.3540488,1.4234109,1.3422058,-0.5224276,0.14626181,2.7244418,0.82663846,0.52026814,1.8008329,0.005658802,-0.075560786,happy
-675.0315,52.24761,8.415637,10.00764,-2.1110632,14.378488,-6.0664787,5.6917124,-9.356187,-1.9020824,-8.627139,-3.136239,-1.1369839,-3.9794922,-6.691752,0.06143407,-2.1864984,-2.1054506,-0.73692423,-1.8811809,-3.9960654,-1.9554331,-1.5573558,-0.9586248,-4.098653,-3.0979648,-2.8698914,-0.59831566,-2.8853977,-1.9804624,-2.7093341,-2.0551949,-3.5395608,-3.5323935,-2.18649,-2.3201146,-3.4880102,-2.2818046,-3.0669677,-2.464785,sad
-610.9025,57.75068,-1.2501978,12.320345,-2.188584,11.376021,-5.332443,1.5036352,-5.5160017,-3.2588847,-9.918636,-4.586806,0.6647071,-3.4424531,-5.311119,-1.1153163,-3.7236245,-2.761741,-1.7663655,-1.7005562,-4.1540203,-2.3878658,-2.0719876,-2.8706503,-3.8188617,-3.5442364,-3.4288824,-0.9678719,-5.6069727,-3.7414684,-3.5206964,-2.171835,-3.0947857,-2.0421305,-1.0119972,-1.9353589,-1.5525438,-1.06444,-1.5104977,-0.45100874,disgust
-670.75507,61.938164,-0.11009175,10.221857,1.4995935,11.953727,-5.3793573,4.001712,-4.789984,-1.7324125,-3.5150132,-3.2741888,0.82156736,-1.3297685,-3.7137134,-1.3930093,-0.7513763,-0.8550808,-0.8188078,-1.126518,-3.6196449,-0.6168528,-2.0761738,-1.93027,-2.0210807,-2.920083,-2.895937,-0.33119413,-2.4224854,-1.7496301,-2.5631788,-1.4273022,-2.2885053,-2.6679733,-0.9238298,-1.9743218,-0.6766544,-1.3754449,-1.5234812,-1.1886822,disgust
-728.7215,76.7157,4.7629676,7.089334,3.5924983,18.624578,-5.2319403,4.646223,-5.2853327,-1.9440619,-6.6505537,-4.117722,-0.6576801,-2.0962393,-4.5692306,-1.7545843,-0.9307726,-2.28372,-0.590924,-1.0637496,-3.6861212,-1.3938491,-3.3318615,-1.2283181,-2.3141124,-1.5935001,-3.561092,-1.5641676,-2.388785,-2.4732099,-2.91808,-1.3469855,-3.3620958,-3.2108364,-2.2613335,-1.1737727,-1.3990157,-2.5043652,-1.7754146,-2.0597556,sad
-569.6125,67.45983,-9.903627,4.292151,1.6624043,12.111912,-11.240511,-5.4119453,-7.782958,-9.55167,-8.377112,-4.8431473,-0.5747224,-5.0223947,-6.4435315,0.8742186,-2.967577,-4.8306203,0.08003895,-1.8298872,-5.311101,-3.8702316,-1.7600505,-3.034105,-5.6467633,-3.482149,-3.7908006,-2.707725,-3.829509,-4.236998,-3.273861,-2.6628525,-4.253587,-3.8877835,-2.151665,-4.1406446,-2.174418,1.3992617,-0.5105851,1.4356942,fearful
-462.31448,46.1901,-15.609308,-1.256444,-5.659151,-0.08553431,-9.750613,-3.6658523,-4.6872315,-5.1734867,-7.467847,-5.4185653,-4.8708034,-2.658211,-5.693183,-2.202935,-4.5430093,-5.7223406,-1.140874,-3.3069046,-5.26549,0.014169321,0.7507636,-1.222648,0.148106,3.2091122,-0.008317648,1.7808954,1.04567,1.4732219,3.061549,2.51453,0.37349623,0.23032832,1.4081802,0.98179156,-0.31860536,1.4431207,-1.3240346,-0.85925674,angry
-585.5654,57.176655,-10.791227,7.121608,-4.1038613,6.6965027,-9.61199,-2.935678,-4.257118,-3.217832,-9.184443,-6.5393314,-0.859788,-4.30668,-7.7846866,-2.4008324,-4.3242903,-5.1182175,-3.7934177,-3.0916286,-5.3918505,-2.9643693,-4.298639,-4.489392,-5.303834,-3.67034,-3.6190608,-2.8199682,-3.551864,-2.7954757,-2.068288,0.6226359,-0.36619338,-0.10331078,2.123292,0.9928836,0.30598977,0.13586591,-0.4233514,0.52180976,angry
-659.7563,54.014687,-1.5458174,7.9527884,2.4214258,11.948643,-4.357562,1.9783176,-4.502141,-4.1818867,-5.5476284,-4.075849,1.3124944,-2.9656055,-3.4831543,-0.07980424,-1.8691775,-2.7122073,-0.74595606,-2.629162,-4.293762,-1.2941674,-1.2772598,-2.382951,-4.377756,-3.5358903,-2.8821921,0.3469945,-2.930437,-3.441803,-1.0128396,-1.5200022,-3.3412602,-2.6261456,-1.7907819,-1.8380375,-2.622783,-1.7088857,-0.88116467,-2.5004816,fearful
-609.37384,63.767937,-9.06208,7.472404,-2.3822803,11.419916,-7.399461,-3.274404,-5.0280023,-5.6663713,-6.496908,-2.8773415,1.0031967,-3.0845296,-6.3306003,-0.620493,-3.0027282,-5.6291676,-0.951817,-0.98111844,-4.8269315,-3.5685425,-2.1744611,-2.05752,-3.3251977,-2.6996224,-0.40427566,0.16805825,-0.6293334,2.85508,0.84198606,0.1498935,-0.17699166,0.44028533,2.5744903,0.7118234,0.31978336,1.2600726,0.5392169,-0.21398072,surprised
-549.1126,51.645596,-13.533261,5.057537,-7.7514367,6.483627,-8.185426,-3.67896,-7.4954734,-5.939384,-7.320757,-4.6107664,-1.7029144,-3.8414834,-5.109316,-3.6924584,-5.372911,-5.018192,-3.1982896,-3.8659062,-5.486361,-3.6972058,-1.7179213,-0.98390996,-1.4189891,-0.34231365,2.0311818,2.7236686,-0.096475616,1.4892483,1.2932742,0.91648144,0.01748354,-0.8189063,1.5696251,0.19159596,0.053180914,1.8607221,0.5741499,0.4184868,surprised
-541.4354,49.822803,-13.8180895,4.263922,-7.26527,4.800775,-8.767632,-4.913115,-5.302763,-5.9541945,-8.21594,-5.1957874,-2.4077952,-4.2782984,-6.1165833,-3.400839,-5.410473,-5.7361226,-1.3300086,-4.4886217,-6.6281605,-4.7069182,-3.5466585,-3.4960263,-2.8255908,-1.2266499,0.61490184,3.214885,2.0418048,3.2591653,3.7897203,2.1660721,0.011170738,0.6523954,2.2959082,-0.12404088,0.8048738,2.2224987,-0.4462731,-0.63358754,happy
-641.147,61.855583,-7.089036,8.129784,-2.150944,12.743759,-8.434305,-1.478126,-5.06815,-7.90619,-7.618857,-4.221735,-0.12286919,-4.37752,-4.1486187,-0.71428144,-5.210996,-3.3905864,0.43377173,-1.9807546,-6.141052,-2.1116714,-2.885872,-3.2476437,-4.5181084,-4.868523,-3.2216966,-3.0801497,-3.1765318,-3.8934848,-2.8221698,-2.0746415,-4.6337094,-3.363786,-1.9265456,-3.0416658,-3.4004488,-1.804225,-1.2681957,0.7074058,happy
-680.0596,73.784744,3.9221647,10.9569,3.0688221,16.663363,-4.471182,3.7051542,-3.7726843,-2.55227,-5.7067,-2.5176558,3.3621979,-1.5535318,-5.983756,-1.2310572,-1.8761731,-2.3108928,0.28610286,-3.7367191,-4.774388,-0.6425163,-1.9194814,-3.000029,-2.1039314,-2.7461748,-3.1288383,-1.9262835,-2.5223095,-3.6666615,-2.756763,-1.7961289,-3.7124312,-2.7213132,-1.1379488,-2.0045612,-1.466936,-2.3711538,-1.0581005,-2.649696,calm
-677.04517,79.1009,1.4322944,8.173247,3.9377906,18.123615,-9.02632,1.2000734,-3.7304273,-2.6145797,-7.2290792,-4.81446,1.1606923,-2.0920448,-4.480374,0.82334024,-1.7043351,-3.5536487,1.7018195,-1.3318624,-4.2784867,-2.3600695,-1.3373731,-1.603963,-3.3687406,-2.2946446,-2.515473,-3.180319,-2.144141,-2.9644964,-2.0332553,-1.2854944,-3.2309296,-2.3627512,-1.4730741,-1.8831753,-2.4445035,-1.8154553,-1.8557963,-2.2973273,neutral
-731.4882,70.913635,6.4894395,12.725701,3.719398,17.03768,-4.4894657,4.3252664,-4.06839,-0.7821839,-3.9224386,-3.269229,1.7539625,-0.49394402,-4.1477,0.20700507,-2.0989864,-0.15012176,1.2472515,-0.53027,-2.5882833,-0.48713475,-1.5852524,-1.021584,-1.6997169,-1.2354295,-2.817878,-1.7237172,-2.08495,-2.2825513,-1.91791,-1.2291449,-3.6063044,-2.0746386,-0.662093,-1.7658095,-2.3157077,-2.843443,-1.2428006,-2.1719518,calm
-565.2382,57.86759,-9.377352,5.6245866,-1.7902153,6.9089293,-8.152637,-2.204573,-4.0876956,-4.3981314,-8.6462,-5.263926,-0.97252554,-3.7164016,-6.767805,-0.953369,-2.7234695,-5.4552493,-2.1856434,-1.8372495,-5.4904227,-2.872724,-3.155194,-4.0006795,-5.2646112,-3.1069326,-2.0167751,-1.6903481,-3.0180864,-2.617288,-1.6254056,-1.2554938,-2.6632347,-0.64925313,1.7880569,0.52900517,0.75488573,1.324839,0.35002294,0.94126457,angry
-628.7224,63.698135,0.15218729,8.789053,1.6801984,14.5487385,-6.880486,2.720422,-4.832859,-5.9471436,-5.906961,-2.855222,0.04940503,-2.1814585,-3.0939982,-0.680272,-1.8812923,-2.366254,-0.5413662,-0.8096123,-3.8977005,-0.41088918,-1.3922026,-2.6002777,-3.1015604,-3.2725837,-2.7784917,-0.41118035,-3.2193735,-2.5164096,-1.4717855,-1.7775471,-3.3595772,-1.5661604,-1.4229274,-2.7510626,-2.484451,-2.1666427,-1.6331241,-2.4930751,fearful
-538.9804,58.072445,-13.123163,5.1794643,-3.913746,10.765169,-11.142845,-3.485819,-7.5119243,-6.629294,-8.047452,-4.9638176,-0.78706247,-3.794211,-8.740631,-0.7446842,-2.8443763,-5.2199802,-2.4546506,-1.9591644,-7.275828,-2.9235928,-3.4132252,-2.5317774,-6.5015917,-4.9095063,-3.4042108,-2.271387,-5.9550867,-5.040765,-2.6034448,-3.965344,-3.6919813,-2.586372,-2.5371127,-2.1419332,-0.9352531,0.72924584,0.39601788,1.0961715,fearful
-435.31158,39.68834,-14.45683,0.49358895,-5.954214,0.22282659,-9.221677,-4.3346252,-4.404653,-6.089862,-7.3025794,-6.8995967,-3.3216813,-4.2574134,-6.750876,-2.2860496,-5.627869,-5.7850876,-3.4069693,-5.039029,-5.5307417,-0.7143663,2.2568722,0.21726015,-0.41319758,1.8515747,0.7738489,0.4266708,-0.0033220353,1.0299544,3.9470727,3.0270255,0.915387,1.2083957,0.85884625,-1.3893039,-1.4807326,0.72191334,-0.06476401,0.42028,angry
-691.06647,56.277687,4.062254,13.532889,-1.3892239,12.815974,-5.5224047,6.824999,-5.8451285,-2.629638,-4.229433,-2.0456903,-0.32102904,-1.8932458,-4.6118236,-0.2683679,-1.8749087,-0.38659954,-0.44888842,-1.1236901,-2.5415037,-1.1028401,-1.7855213,-1.4209316,-2.2155724,-2.7889059,-2.4359818,0.75541085,-3.5552506,-2.033727,-2.701832,0.09080042,-2.7030106,-2.1859853,-0.54404205,-1.9245958,-2.066721,-1.7030107,-2.5188487,-0.91937375,disgust
-663.7986,58.735943,2.5486658,12.59666,2.0394855,14.095371,-4.7234774,6.5558004,-5.3089967,-1.9153857,-4.362088,-4.3055205,0.94517595,-2.011495,-3.9736156,-0.37847635,-0.49507338,-2.006376,-0.58237344,-0.8399055,-3.667963,-1.291336,-1.0441866,-0.19966923,-2.3523824,-2.0065153,-2.4358394,-1.0903366,-1.9276744,-1.9339259,-3.7290273,-1.4384509,-2.9917142,-2.7927034,-1.1632112,-1.1062983,-0.87080956,-0.8932712,-0.56855386,-1.187949,sad
-603.57245,65.23966,2.0636096,8.543237,2.7293727,16.630287,-7.243426,4.377881,-12.744414,-3.8833902,-9.102304,-4.9875426,-2.1033168,-3.834159,-4.0303664,-0.40407503,0.4818077,-2.2634537,0.41865963,-1.363032,-4.2534704,-0.9334896,-0.7755511,-3.264289,-2.8194108,-2.1981795,-1.758116,-1.6891011,-3.276066,-1.6534353,-3.4511468,-1.3540413,-1.6466539,-2.0115633,-0.44333434,-0.17661695,0.9334517,1.3611567,0.04872432,1.6972632,sad
-603.1842,62.10435,0.56108826,10.3112,0.80568844,7.952221,-5.2704606,2.4761167,-5.622545,-3.4171906,-8.154688,-4.4759984,0.49256474,-2.7833347,-4.500047,-1.5008609,-2.5427418,-1.3269097,0.6285682,-2.4575531,-3.6516516,-1.5944335,-2.8759584,-4.121287,-3.4418635,-3.0403774,-3.33311,-2.1162398,-4.855615,-1.4470322,-1.540183,-2.8295186,-4.014758,-2.1997724,-2.039761,-3.536418,-1.0639998,-0.27568844,-1.3308412,-0.21808706,disgust
-550.02136,57.94791,-13.18563,4.094948,-5.988897,5.1533155,-7.6710653,-5.133706,-7.880205,-7.3302574,-6.5765977,-4.6129518,-1.911987,-3.9281368,-6.290212,-2.7498722,-5.6451216,-7.1727934,-2.6277394,-3.7894516,-7.3645744,-4.30227,-1.4659015,-1.3840004,-0.24311043,0.81720084,1.0360063,1.7358978,-1.641245,-0.8314964,1.0165036,0.42252576,-0.13537563,0.76809996,2.2351155,0.6120861,0.4590985,2.981015,0.45786005,0.5615586,surprised
-559.6213,57.99332,-9.189291,3.4377425,-5.5829997,7.404971,-7.9958415,-3.3063507,-5.6111517,-7.3605146,-6.8612723,-4.4763803,-0.5065167,-3.2189643,-5.3789625,-3.6134105,-4.7983456,-4.416008,-2.6684656,-4.5686383,-6.2386317,-3.6911142,-3.5459793,-1.8555948,-3.2969081,-1.2576294,1.7499202,0.6286984,-0.7165553,0.380326,-0.6615435,-1.0235924,-1.6370757,-1.6377069,0.96084046,-1.1520705,-1.4024652,-0.06150611,-1.4488358,-0.669224,surprised
-682.849,56.569984,-1.5616938,7.8841505,1.0476576,11.521948,-5.454789,2.4401724,-5.4050717,-4.6140018,-5.9381275,-4.0533714,-0.8181748,-3.1454878,-3.4657183,-0.49710461,-2.563197,-2.09051,-1.5662115,-2.7533617,-4.0275517,-1.6419894,-1.6680096,-1.9502299,-4.3150086,-3.48361,-3.6772704,-0.3295565,-3.3484771,-3.790952,-2.1167173,-2.3554428,-3.669471,-3.32976,-2.4658513,-2.135063,-2.5580347,-1.7795238,-1.4931504,-2.9647174,fearful
-577.51447,57.638367,-8.456706,6.1247883,-3.2681081,8.704621,-8.484184,-1.1842914,-2.4678826,-5.090221,-6.54236,-4.719343,-2.045787,-3.8630164,-5.937314,-0.84516674,-4.520736,-3.951379,-1.8963677,-2.1645432,-5.383919,-2.9871204,-3.1774657,-4.6829834,-6.050589,-2.9408264,-3.4692986,-1.3064265,-3.5901997,-3.4737222,-1.0014503,-0.55277073,-1.6935079,-0.008816498,2.0590892,0.4572069,0.69021714,1.8441403,0.34054545,0.5297402,angry
-455.9852,48.06767,-15.950625,1.5354617,-5.5810804,-0.84853995,-8.292865,-4.907851,-4.379014,-4.583829,-7.2421722,-6.699576,-4.1488223,-1.7391913,-5.983738,-2.5665424,-3.4005363,-5.159051,-2.0268974,-1.8660606,-3.9612038,-1.2443058,0.73280746,-1.4812306,-1.5696379,1.4489088,2.0480723,4.05288,3.070677,4.027837,3.8228562,2.3231614,-1.1403176,-1.4332281,0.79206353,0.379623,0.25903663,0.90695727,-1.3615905,-1.1567125,angry
-588.30444,66.55261,-6.770003,7.0381284,-0.51540333,11.231016,-10.62762,-1.4943304,-7.134598,-9.173728,-6.9665384,-6.030469,-2.0393913,-3.601934,-6.076253,0.3477582,-4.126145,-4.283549,-0.020610608,-2.4994,-5.204935,-2.7328396,-2.976538,-3.3875146,-4.388087,-3.2299566,-4.5473156,-2.2621794,-3.650381,-4.2673335,-3.2003472,-3.0221963,-4.4761844,-3.436648,-2.9728312,-4.965908,-4.022961,-1.6097943,-1.8394303,0.25700966,fearful
-714.5328,77.48759,5.394832,9.028925,5.506476,16.064686,-3.6785414,4.356304,-3.317283,-2.544205,-4.7156467,-3.362594,-0.40295392,-0.88930637,-5.998504,-1.3237442,-0.8870589,-1.5119411,-0.7584466,-0.93618464,-4.3708234,-1.0208945,-2.7752807,-2.0645485,-2.0987124,-1.2845895,-3.5089889,-1.0770283,-2.269492,-2.835623,-2.008752,-1.4090887,-3.8428695,-3.1671503,-1.4974967,-1.9631462,-2.09857,-2.0541177,-1.9264683,-1.7342659,sad
-674.7243,69.159386,-0.24560328,12.518355,0.23721159,12.695392,-2.5824618,6.291493,-4.597888,-1.8983679,-5.1212893,-4.5822124,2.0551243,0.44389609,-4.0431647,-1.1636378,-0.4449498,-0.8037909,-0.8002081,0.7090275,-1.4634265,-0.32115036,-2.161268,-1.5866948,-1.2581449,-1.5570676,-2.077276,1.4087085,-2.2417321,-1.7861893,-0.7962462,-0.5187962,-2.7010863,-1.926632,-0.02201652,-1.2508059,-1.411901,-0.5817718,-1.4368614,-0.77783114,disgust
-598.6879,58.09425,-0.7908758,11.595831,-1.9955281,11.347894,-4.6325517,1.7604249,-7.0438576,-3.0621295,-8.477985,-5.2278395,-0.59940964,-3.1489127,-5.64305,-1.5659062,-3.3292205,-2.1775796,-1.486551,-1.229761,-3.4017556,-2.0355642,-2.955899,-3.3917632,-4.497264,-3.4828496,-3.0335202,-2.276579,-5.3684688,-3.2662628,-3.8605275,-1.9524404,-3.5209,-2.6322353,-2.5261323,-2.3596153,-1.5670646,-0.48067403,-0.8372003,0.20595066,disgust
-632.1876,77.305565,3.4038875,6.7719045,4.377016,19.353882,-4.3061857,6.955672,-9.933166,-6.795137,-2.4261832,0.38697955,-0.14858162,-2.85631,-4.287172,2.8223436,1.6735353,-0.40594742,0.8655574,-2.03398,-2.44222,0.05898163,-0.7178976,-0.27293888,-1.8977337,-0.4111959,-1.0927538,-2.4002397,-2.3610082,-2.2787132,-2.1089926,-0.63137645,-0.7247573,-1.2644306,-1.9255508,-1.6243658,-0.99968725,-0.68432283,-1.8312864,-1.8046489,sad
-528.33264,49.88547,-15.615649,4.4593363,-9.856806,3.211202,-8.730066,-4.3528066,-7.709063,-7.9688983,-6.388164,-5.6179056,-2.4375763,-3.1437042,-6.015656,-4.238662,-6.32631,-6.711574,-4.3661337,-5.170089,-6.016934,-4.2231517,-1.1562834,0.6296497,-0.36115247,1.6532351,2.1216478,2.0128436,-3.2670212,-1.8678589,0.5717518,1.0830435,0.5541515,-0.4874648,1.6046845,-1.0901237,-0.24422818,2.163435,1.0893893,0.18135409,surprised
-599.2439,62.214386,-10.05768,6.860645,-2.4647686,9.71756,-8.48035,-2.066666,-5.9657555,-7.194363,-5.971397,-4.3613997,0.2316446,-3.318914,-5.08281,-0.892366,-3.627527,-5.528834,-2.050832,-1.6790569,-5.915879,-4.465877,-2.70159,-1.9523652,-3.0629163,-1.5514666,-0.9221252,0.8280258,-0.9623766,-0.0031020448,1.4535997,-0.28561157,-2.3855193,-0.49641076,1.6467581,-0.5648187,-0.416511,1.6576719,-1.0135578,-2.0436761,surprised
-564.21185,54.754704,-12.062167,5.6105638,-5.4976788,5.011448,-10.285002,-4.8916106,-3.6266685,-6.795849,-10.048922,-4.9156213,-0.5455473,-5.08734,-5.865739,-2.3129766,-6.163156,-5.864427,-1.376372,-4.185634,-6.2293878,-3.3699722,-2.75026,-3.5100243,-4.6687803,-4.307093,-2.98757,-0.74305993,-1.215327,0.3928587,2.7672262,2.474201,0.5124949,0.40716448,1.6364956,-0.03748994,0.8388725,1.5685269,0.26390088,0.9201924,happy
-607.1208,60.785297,-6.9628844,6.192261,-2.8565805,10.60237,-7.563723,-2.1264043,-3.380173,-6.684199,-6.4257655,-4.0001783,-0.8403478,-3.6878703,-4.296885,-0.88622403,-4.6911106,-4.5086665,1.1024629,-2.1650233,-6.325311,-3.5151646,-2.869285,-4.136894,-4.5813746,-3.7178633,-2.009954,-1.6064209,-1.1824311,0.33977857,1.329401,1.1036087,-0.8192247,0.65489966,1.4264199,-0.09771465,1.5277833,1.7821509,0.4060351,0.918555,happy
-692.9809,79.81773,5.412727,12.926898,1.7429109,16.889456,-4.7468905,2.7362673,-5.111893,-1.0767812,-4.3519726,-4.289858,2.8531077,-1.3652588,-5.2705984,-0.71829873,-3.2310786,-2.1798818,0.9188483,-2.4860868,-3.5124862,-0.7225097,-1.4602371,-2.2982097,-2.2852027,-2.547285,-3.2968369,-2.4158936,-3.5382442,-4.3263416,-2.6587656,-2.0678856,-4.0014606,-2.133724,-0.5016278,-2.4240634,-2.9415815,-3.8481963,-2.1686387,-2.3103247,calm
-689.0563,66.56982,3.8199277,9.127965,3.1023567,12.966516,-6.170267,2.567295,-2.9062753,-2.3220892,-5.0395217,-2.6491957,1.3230162,-1.0146605,-5.363281,-0.646127,-2.4486454,-1.9706819,0.18869284,-3.2852569,-4.303658,-0.28613737,-1.3439773,-2.4786725,-1.9035653,-2.1826398,-2.062349,-1.7643305,-2.3996117,-3.503905,-2.9885843,-1.5960308,-2.84558,-3.8542886,-0.5048627,-1.4721887,-2.2520058,-1.9164494,-1.2894131,-1.4202709,calm
-645.6034,73.77888,2.402237,6.2687244,3.2806816,18.80483,-9.786632,1.143568,-2.15096,-4.670906,-7.3264365,-3.192632,0.20119265,-1.1221702,-4.9555144,0.7057154,-1.8234589,-4.1574407,-0.18756345,-1.993442,-5.107845,-2.8691745,-2.7828162,-2.6726234,-4.910312,-4.000285,-1.7945743,-3.262236,-3.034518,-3.5994375,-3.0681996,-2.0736222,-3.1324592,-2.901655,-0.7719652,-2.1360767,-3.066778,-3.1468604,-2.6442454,-2.6409106,neutral
-549.2362,55.645756,-18.499104,3.8865366,2.1703668,-1.3207947,-13.935466,-1.307494,-6.1642942,-6.7242785,-1.7482883,-2.759629,-6.3369293,-2.2109926,3.3692048,-3.7287962,-4.467932,2.9972317,-4.0703244,-4.058586,-1.952857,-2.5509129,-3.4479332,-1.2924075,-1.1577657,-1.4253609,-2.3017085,0.26633698,0.08638811,-0.2394411,0.07629351,1.6050858,1.1527858,3.1662178,2.452166,-0.048637606,2.362867,3.4113584,4.7145705,6.88265,happy
-637.4843,54.65575,-14.385685,2.821107,-5.277694,-0.31522423,-11.874338,-6.5929747,-9.978388,-5.70495,-6.057456,-7.229257,-6.2159185,-3.576889,-3.0970995,-7.177337,-5.9721937,-0.5629625,-7.5455146,-5.606541,-3.5481095,-4.3700657,-6.2102723,-3.548245,-3.142355,-3.3559973,-3.9933984,-1.6461333,-1.756826,-1.1351812,1.0012555,1.7664284,2.2765114,3.892632,3.3282447,0.86671984,0.43072388,0.14544739,0.5186187,3.7950134,happy
-736.27234,67.01528,0.44473338,12.4989805,-10.081483,3.1448376,-11.505704,-3.9244401,-10.188941,-6.0271273,-9.6738405,-7.29973,-5.7144322,-4.2775373,-5.42158,-6.2086067,-5.555563,-0.6274407,-7.4666524,-4.812603,-3.360952,-3.766406,-4.2519107,-5.45857,-4.7412114,-2.0466757,-4.4810605,-3.2379982,-2.1224942,-0.9766185,-0.33853996,-0.7694586,1.0129443,2.913521,1.7025554,2.0418782,0.8655047,2.721603,3.3279495,5.59143,calm
-765.3686,55.468166,-0.9693126,8.35543,-3.428298,4.8014483,-9.493275,-1.7996467,-12.925551,-7.3623214,-6.6992645,-5.9965367,-6.507561,-4.7045503,-4.9104133,-6.1311784,-6.424207,-1.0534995,-6.641915,-4.527992,-3.4252872,-3.8721488,-3.161644,-3.7935798,-2.6592743,-0.9625239,-0.5147643,1.2449455,-0.5314005,-0.41961423,-1.6709464,-1.9167994,-2.2383976,-0.5394056,-0.20662896,0.015443944,-0.39562848,0.48839298,1.6356088,5.102099,calm
-717.1823,61.52473,-9.561805,4.53046,-4.6899705,0.42591467,-12.630185,-3.0818665,-11.383424,-8.497087,-4.7001457,-5.576996,-6.910686,-5.8175497,-2.2942057,-5.2790947,-6.5817833,-1.642017,-5.149483,-5.2036037,-4.321255,-4.7861214,-3.7405221,-4.6197186,-4.538862,-3.6838663,-4.958687,-2.7056262,-3.1456106,-3.266638,-1.2160302,-1.2584822,-0.5100479,0.011909373,0.4102147,1.5175086,1.2343534,3.6024861,3.7773268,4.353777,neutral
-544.168,46.672043,-18.890965,3.747449,-11.727212,-1.4705654,-13.5805,-1.9978623,-11.298148,-7.7628255,-3.5831964,-3.240899,-6.10901,-4.0385594,-2.734588,-4.018801,-4.3555717,3.813547,-1.1270552,0.24968679,4.066776,2.5796518,4.241337,4.2422304,4.8696876,6.4545465,2.718759,4.903091,3.5685508,1.2861309,-0.022766532,-0.9306357,0.18312848,-0.097212106,-0.59135586,-0.010072079,-1.8987886,-1.1987991,-2.0396936,-0.083482794,fearful
-530.94977,56.710712,-17.588902,3.7022645,-7.3645754,-5.0282245,-15.431587,-0.9017261,-7.518786,-10.244363,-3.968747,-2.8812027,-6.4808645,-4.4823503,1.098184,-5.692498,-6.2808228,2.0796683,-5.8947835,-5.422948,-2.825132,-4.578942,-4.450898,-2.0923061,-2.4125514,-1.580146,-2.570372,-0.16470726,-3.3909256,-2.615767,0.28306648,0.27124038,3.116704,5.2805333,6.7086806,5.3066864,3.773297,3.356454,0.43951762,0.90646034,angry
-516.78796,52.314465,-12.667166,5.3579583,-10.408358,-3.452159,-13.058347,-3.3401442,-8.87813,-9.747526,-4.9420853,-3.3733306,-5.515411,-0.9861212,1.4864792,-5.395378,-4.403423,0.73331714,-6.2988124,-3.0758758,-1.1521566,-4.084609,-4.6894975,-2.6726,-2.7001777,-4.5487013,-3.8994353,-0.17304435,-1.1705676,-1.6153026,-0.100017704,1.7762585,1.5529941,5.086407,6.143266,5.282285,5.948403,4.5920773,1.2229779,0.16465528,angry
-464.8661,26.594341,-29.542877,-6.660238,-22.980276,-1.842975,-17.67711,-12.1706295,-13.550926,-12.341897,-6.7703347,1.1604642,3.9848607,10.695215,14.766474,11.3555355,4.2973285,0.9855038,-10.159573,-6.4025636,-0.6920109,0.3908284,-3.682362,-8.521567,-3.3263054,3.8077219,6.0705566,5.3572817,-0.027568012,-0.8817612,0.5661726,0.019998401,-1.3413496,-2.6554458,-0.11822158,1.0292293,-1.2800505,-1.2638813,-0.3523882,3.4132555,fearful
-722.56287,66.428986,1.0844055,14.247135,-4.5040135,3.7560296,-9.863364,0.03621099,-11.028365,-2.4154131,-6.6066384,-6.2706456,-2.6727164,-5.839972,-1.4499326,-4.3844385,-4.403044,0.8191558,-4.7657385,-3.7886198,-2.047593,-3.0118167,-3.953297,-4.62346,-3.370117,-2.0027323,-4.483068,-2.1587226,-3.691856,-2.5422804,-1.8356647,-2.5599477,-2.956763,-0.80343544,-0.96572596,0.04371516,0.5587489,1.5188832,1.737419,3.3061106,sad
-621.3281,68.56883,-22.176456,6.305642,-2.0125766,-6.6770453,-12.559688,-5.389576,-14.246054,-9.887771,-5.4310584,-4.2492332,-8.476264,-4.3603735,-0.3113449,-6.30592,-6.618676,-0.29504806,-5.379169,-6.0574327,-2.8351874,-3.6529372,-5.504382,-1.9619741,-4.1563635,-3.700569,-4.5197306,-5.112938,-4.0141363,-4.843572,-2.3609877,-1.8655401,-0.37113336,3.7333539,4.022066,3.9346135,3.9635255,1.7418572,0.5453699,0.8409052,disgust
-643.16437,73.10417,-8.130316,4.74441,-9.804202,-7.91415,-11.439941,-2.596603,-14.067658,-10.387165,-6.035852,-0.031081516,-5.247343,-5.1877112,0.90674204,-4.394352,-4.0948296,1.0342339,-2.8398998,-3.5013874,-2.2278457,-1.9246955,-3.5482678,-2.6516893,-2.0495803,-2.0730417,-2.8662367,-1.3365321,-1.453617,-1.4427619,-1.1682321,0.49896008,-0.8157138,-0.65028775,-0.19829486,-1.900523,-1.225884,-0.27065346,-0.87604374,-0.6708147,disgust
-608.32294,67.9372,-8.28595,3.9395196,-3.5425527,-3.428009,-14.994794,-2.7014525,-6.7327757,-11.981659,-5.1206326,-2.1940174,-4.9850063,-6.417271,0.6451007,-0.82706714,-7.067144,1.5515873,-2.2732885,-5.4920435,0.16334729,-0.84016687,-1.6592226,0.17130035,0.38709435,0.32516345,-1.3289374,1.222923,1.772321,0.60549253,0.7072845,1.7695822,0.504685,2.7381196,2.524726,1.769244,1.8699512,1.5775197,0.14339904,0.15422717,sad
-553.992,56.61485,-14.907667,2.6657004,-13.776782,-4.0725083,-17.319796,-5.07965,-10.142246,-8.829942,-4.5243764,-3.8881302,-6.722397,-1.3904557,2.5945137,-2.2304926,-1.884444,3.3940437,-3.6051779,-2.1908383,-1.1505575,-3.4002256,-0.5634132,-1.3185923,-1.1124612,0.06402279,-0.36799118,2.9363835,1.5696322,1.0314709,1.8280941,2.644069,1.9144138,2.924835,2.7251017,1.2268364,-0.55841845,0.30704677,-0.68750083,0.3778129,surprised
-621.7946,47.170418,-13.756864,7.0596514,-8.252428,-0.7696959,-10.566842,-2.9664433,-11.259698,-5.0945034,-5.186945,-4.7596893,-6.649185,-1.9304626,-3.6015177,-5.151316,-3.8446326,1.7813998,-6.1232758,-1.8472819,-2.8606918,-0.76504964,-1.6717408,-0.40538266,0.36254495,1.7555785,0.42060184,3.9387345,2.0802,1.2113248,-0.5072973,-2.0294356,-1.1173737,1.8153963,2.6689427,1.9218773,1.6010377,0.26634806,-0.82464755,0.98425156,surprised
-523.4514,56.59475,-16.241226,1.2283806,-9.110226,-1.0109875,-18.663584,-5.5562425,-8.990946,-12.0337305,-5.634553,-2.2962492,-4.6580834,-3.3034232,-1.3962028,-4.9706845,-5.525602,1.4886781,-6.072787,-4.295342,-2.372996,-4.209896,-5.3226676,-4.5277934,-3.1759334,-5.1427875,-4.9830375,-1.8706957,-2.459533,-1.427545,2.294081,2.5661452,2.3622997,5.684291,5.695472,3.523887,5.6981874,5.1452537,1.8079202,2.2560952,angry
-547.7068,43.19406,-14.354175,6.206103,-11.524582,-1.7694706,-14.014099,-6.562462,-12.311296,-6.3955684,-6.916303,-3.28743,-8.382796,-6.0015583,-3.2542286,-3.6077101,-6.1296926,-0.3340965,-4.856918,-5.0097623,-5.117617,-2.0431666,-3.1920278,-0.24167304,4.7629914,8.765933,6.674158,8.645732,7.7998047,5.681733,2.029689,0.95076567,-0.7123695,2.1632285,1.469515,0.51111954,-0.32886088,-1.6414334,-2.6938548,-0.73526233,fearful
-455.08334,35.84518,-29.918854,-5.11569,-14.153886,-3.9631965,-21.37635,-11.444274,-15.018041,-15.923645,-5.04149,-1.9223958,0.45517036,5.49083,9.878137,7.658754,6.5952244,6.066706,-3.8249037,-5.1167383,-0.9788888,-0.7168862,-1.5802917,-4.208106,-0.12561285,3.728523,2.780107,3.2946727,-0.58555984,-0.8909835,0.4154173,0.47490564,-1.1159828,-1.2168217,0.3461159,0.22629833,-0.860465,-0.8190313,-0.6661855,1.3577574,fearful
-491.46426,52.54783,-22.691206,4.356893,-9.37085,-4.8912754,-17.746723,-1.4168029,-7.1762505,-10.480401,-5.035943,-2.5024495,-7.61197,-5.2869964,3.0142941,-6.796461,-7.1161575,1.4564812,-7.246954,-6.1407595,-2.7848449,-4.246687,-3.7054734,-1.4223012,-0.84180206,-1.1291767,-1.2708046,0.5757123,1.683123,3.9987507,6.33925,6.1226087,5.5123096,2.8372076,1.2504039,0.24210447,0.41759226,2.5608907,1.121527,0.72936565,angry
-594.4625,68.74554,-14.513372,1.2925844,-3.4749458,-4.2218475,-15.433316,-2.848655,-11.231971,-9.125657,-3.3103142,-2.1501868,-5.6836305,-7.3255363,-0.9839811,-4.2214084,-6.0353065,-0.50120306,-3.5687518,-4.3788857,-5.3838587,-2.6554472,-4.9743304,-3.7756298,-3.9151344,-2.769585,-3.6352327,-2.6955526,-2.764189,-2.629399,-2.3971314,-0.6509034,0.6869375,1.4707376,3.1131506,1.7972567,0.8756005,0.51895195,-0.76487845,-0.42200404,disgust
-712.7358,65.75519,-1.3134112,10.639453,-3.1075976,4.5924354,-9.416332,-5.9806123,-9.20671,-6.1180296,-5.998509,-6.3699284,-5.2037992,-6.661703,-2.2475214,-4.2711864,-3.5441844,-1.2803317,-6.148899,-3.5025027,-3.2375581,-3.9445376,-3.2317355,-5.008716,-3.3397648,-2.4176822,-4.8472733,-1.935841,-1.9193375,-2.2458456,1.1513488,0.44160172,0.34678495,0.5276028,0.31621554,-0.6342043,-1.2507949,-0.76298606,-0.98935103,1.0733504,sad
-599.9094,64.42398,-6.3752236,10.30662,-6.2548347,2.2846334,-12.666918,-7.975377,-14.245497,-14.02012,-9.055,-3.347121,-9.089478,-11.285164,0.24669646,-2.003757,-9.160408,-0.66483897,-5.2098866,-7.7132196,-2.8460066,-1.9947509,-4.0219545,-2.9276142,-0.7726232,1.2470276,-1.520323,0.33865827,1.0996978,1.9117845,0.4953944,3.212605,2.8435254,3.029572,3.7454524,2.9384503,1.1022521,0.8785748,-1.4239856,-1.5377077,sad
-543.7976,52.419262,-20.44717,5.142262,-11.263177,-1.644451,-17.689423,-6.5468106,-16.154222,-7.9518795,-5.301761,-3.6907332,-4.9743977,-4.848979,-2.7339146,-5.152981,-6.4136443,-2.9207592,-5.2969375,-4.326156,-5.93596,-4.5560727,-7.02603,-5.3416586,-6.777799,-3.258022,-4.6081514,-1.1625553,1.7078981,5.3493524,6.552504,8.931705,7.658537,6.52815,5.681561,1.8994104,0.484201,1.8402843,-0.059677087,1.0954524,disgust
-536.6904,43.285824,-9.279314,9.257221,-10.542926,3.8666062,-11.568684,-4.17404,-9.066224,-4.903262,-6.2389197,-2.6182141,-5.418444,-5.165963,-3.4977877,-2.443935,-1.8523282,2.7282784,-0.9943096,1.2079625,1.0287255,3.9894447,0.38206697,-0.607273,1.3005111,2.6009748,-0.73804355,3.5769277,2.4840052,3.9315405,2.187292,1.8223214,0.66408753,1.7079599,0.9720081,1.3378578,1.2250592,0.9749419,0.14702326,1.1836008,surprised
-591.2938,49.854805,-14.407649,2.151916,-11.367062,-1.1273495,-14.89969,-4.0411396,-15.0078335,-7.1954594,-3.7742348,-4.1890283,-6.989947,-5.7392554,-3.1190405,-4.3842793,-0.8444473,3.6017566,-1.5369598,1.2850838,-0.7977054,-0.26833272,-1.3605767,-1.2988428,-1.1765971,0.58429825,-0.9683864,0.65592706,-0.21346484,0.8328186,0.18457434,-0.66088426,0.39716005,0.5323002,0.63248426,1.569467,0.83976924,0.8933111,1.2159203,2.2858176,surprised
-562.02246,51.74916,-19.801012,3.015481,-6.242053,-2.124168,-17.851171,-5.0888724,-10.204762,-8.797136,-7.638298,-3.3326163,-7.8983116,-3.1248507,-3.1765368,-8.04914,-5.8901844,1.8979055,-9.544089,-4.879894,-3.2483368,-4.202101,-5.9419866,-1.6025015,-1.8124428,0.79130584,0.9329883,3.9692054,3.1214287,6.0118747,4.9522243,3.2341459,3.186998,5.048421,2.6058893,0.32971475,2.226253,0.47229293,0.19769606,2.6642404,happy
-687.26917,59.822254,-7.814606,4.153196,-5.5109944,1.6609533,-11.726879,-3.010845,-8.262731,-5.8449073,-6.1476893,-5.687459,-7.763839,-4.5750337,-2.170321,-6.594456,-6.2081494,0.79735154,-6.5550876,-5.2721586,-3.801893,-4.564471,-4.8189063,-4.183399,-3.3545408,-1.288204,-2.0890753,0.55313563,-0.920709,-1.1416266,-1.019587,-0.7140258,-2.1137803,-1.1024443,0.660469,2.258665,3.2841468,2.9289844,2.1551192,2.3980598,happy
-721.3479,66.84917,-5.8035173,12.672826,-4.0064564,5.5202885,-10.044577,-1.0999038,-9.682877,-6.176111,-6.1222057,-8.261205,-2.7931583,-4.0630684,-4.6340046,-6.4785194,-5.040706,-0.9784804,-5.5956373,-5.5911345,-4.5111556,-5.5053186,-2.5657678,-5.2474504,-4.1416984,-1.8013948,-3.7310264,0.09757588,-0.4522109,-1.0082444,0.5509089,-0.87840873,-2.4107234,-0.27279115,0.95093125,1.9917991,3.24117,4.0549226,5.1082406,4.9148197,calm
-708.31976,63.369892,-6.8119817,8.808128,-5.1660028,0.8405812,-9.831654,-2.8697004,-12.031708,-6.9782376,-2.8792145,-6.4032564,-4.850937,-3.8322787,-1.5168239,-6.2727647,-5.2870736,0.28588176,-6.9903717,-4.49283,-3.351229,-5.5177546,-4.1348205,-4.5528865,-3.7634664,-2.5207183,-2.9206784,-0.55718046,0.12291245,-0.88914174,0.37610248,-0.76019645,-0.53614676,1.5423874,3.3178024,4.406505,5.57223,4.926057,2.5737514,1.964701,neutral
-723.9797,59.033157,1.1970054,12.025429,-6.7408495,7.5494604,-7.4619374,-4.0346723,-10.683406,-4.8074946,-7.495183,-3.9050324,-7.826235,-3.7110553,-3.23131,-4.5265737,-5.282317,-0.40771735,-4.625758,-2.6080287,-3.8543978,-2.9224393,-4.0584164,-4.1580033,-3.9411592,-1.4757794,-6.1504087,-3.7428448,-3.1753855,-2.9040024,-3.066291,-3.6880834,-2.6772697,-0.5183836,-0.2521202,2.2038608,2.4358535,4.624559,5.8124733,7.5360613,calm
-596.4366,59.20478,-17.651644,-0.23580393,-4.1443176,-5.2515464,-15.63252,-9.04494,-11.394492,-16.177055,-8.056587,0.096515976,-5.29196,-10.844539,-0.46238384,0.7636353,-8.467639,-1.9979692,-0.891931,-6.7650604,-2.0948527,1.7182481,1.7955099,1.934038,2.87097,3.4817145,1.6110107,1.7608092,4.6608,4.4548707,3.0455294,4.7591686,3.2691236,-0.46896738,-0.35433,-0.7075367,-1.3397026,0.4136801,-0.40449452,-2.1545374,sad
-529.5698,57.632652,-24.82504,3.0455678,-12.8372,-3.4651127,-16.097683,-5.6111,-14.830846,-6.3753448,-2.452502,-2.453744,-6.2397337,-6.528198,0.21871555,-3.3594363,-6.0027785,-0.3157106,-5.107091,-5.167988,-2.551032,-2.9768653,-3.930888,-0.2532054,-0.5185123,-0.6254458,-2.2475467,0.8889323,-0.18781753,2.2203186,4.4782815,3.9742525,5.2998786,5.1566153,2.4887488,-0.16832978,-0.27652743,1.2427666,0.25384158,1.853036,disgust
-594.13104,69.70296,-12.525871,2.746616,-2.8957615,-1.7105764,-15.497359,-3.7646286,-14.91814,-10.46886,-8.440343,-4.264399,-2.5884905,-9.798726,-0.9227239,-2.2725747,-7.482345,-2.7777092,-5.1771207,-3.796503,-4.435596,-1.5314201,-5.1157513,-4.2855935,-2.8737025,-4.5482383,-4.125494,-2.9214046,-4.2503657,-3.678528,-4.230579,-2.406895,-2.4461842,-2.019865,-0.34430245,0.14600855,1.0017416,2.0686445,0.78969336,3.090366,disgust
-714.9452,61.080555,-3.2099514,6.7286644,-4.052452,0.41695413,-9.0172615,-1.8675941,-12.592547,-8.722406,-5.5101037,-8.257051,-5.8998494,-5.3059297,-2.40354,-6.551476,-5.10424,1.1114821,-7.570631,-5.997503,-3.218114,-3.4739592,-3.7697253,-5.409681,-4.6134677,-3.9459553,-4.912605,-3.0685627,-3.9985712,-1.9034793,-0.3323822,-1.9333177,-1.2495005,0.5273099,0.53020394,0.1295486,0.37746182,1.1280087,1.971386,3.3634129,sad
-481.2888,26.917099,-27.85883,-5.018193,-16.005667,-2.8538036,-15.965476,-11.86239,-14.074583,-13.365931,-6.837284,0.29002282,0.6085744,5.8059464,11.164664,10.550004,7.605949,5.767255,-4.381216,-4.9936056,-0.2283365,1.2747477,-0.068008445,-3.4432662,-2.558647,-1.410977,-0.7264471,2.85127,1.2106982,0.82392484,-0.32503778,-0.5951815,-0.12421222,-0.16572388,-0.11104069,-1.0295446,-0.804714,-0.49802268,-1.7113613,0.4089409,fearful
-517.4784,48.215553,-21.094524,7.2457952,-10.975099,-7.3343453,-13.994264,-0.75298333,-9.610131,-9.33676,-4.684581,-4.3574114,-6.3421993,-3.0594325,0.87654287,-7.128157,-6.723233,1.289838,-5.8357134,-5.1469545,-2.0068731,-4.588954,-6.7483892,-3.6797497,-3.6830685,-3.1372287,-1.9809139,-0.76918715,-1.5439863,0.96817666,3.5763273,4.698011,4.743387,6.7048845,6.270402,4.56922,4.451295,2.2288523,-0.34619892,0.5913381,angry
-536.9355,52.80093,-18.046204,2.9137301,-8.082507,-2.5925407,-14.765615,-3.0232728,-7.4553256,-7.245713,-5.2079744,-2.8146772,-4.9631996,-4.4999776,-0.09182509,-3.9946752,-6.3977494,1.1139159,-5.0042944,-4.376489,-3.0244308,-4.100446,-4.0566516,-1.7249168,-2.5668118,-1.5688108,-1.2837961,2.566024,0.48362988,2.6844614,3.8484507,4.4249554,3.5483415,3.347507,3.9751127,2.6517994,3.2024894,3.0989268,0.50318694,0.6267235,angry
-533.0255,46.064316,-19.101273,5.7000737,-10.131557,-1.744616,-14.264687,-4.3332996,-13.421819,-8.499933,-1.8976086,-3.5079308,-8.617944,-2.0746262,-1.58442,-4.2578897,-2.893873,0.5060601,-4.9341545,-3.8020825,-1.8400371,0.07805033,2.724702,1.5924653,3.7344575,6.109136,2.8781357,4.366795,4.0545144,3.7729704,2.355939,1.409213,-0.006719297,0.09632051,-0.40198776,-1.4932756,-1.8712037,-1.6932646,-2.4340916,-1.273466,fearful
-616.32245,45.89937,-20.175966,3.7535813,-11.131477,-3.9648395,-14.13532,-4.7712235,-15.621428,-8.477671,-3.4806874,-6.991876,-6.673991,-3.9485831,-4.5550985,-3.126183,-0.3060463,5.987642,-1.6471192,0.5216397,-1.7155902,-0.7297457,-2.257577,-1.0545931,0.019802189,1.5484369,-1.5415379,1.0085058,-0.20956787,-0.48782834,-2.2796516,-0.95612496,1.6188738,3.1210763,3.3001862,0.28835288,0.033573914,-0.0018220425,-0.012086797,1.6958946,surprised
-575.84576,53.281605,-21.947104,5.0561132,-12.553357,-2.4945269,-20.61461,-6.2464523,-10.795346,-8.800463,-2.9595833,-1.2843934,-4.4445095,-0.16287787,1.2129756,-3.2039673,-3.0953982,3.087579,-4.220087,-1.7742383,0.922171,-2.7202342,-2.9134576,0.11242676,0.33984706,0.75178677,-0.004758114,2.0535054,-0.107906885,0.33666962,-0.27645892,0.73449594,0.79330003,2.693131,1.4348056,0.5166748,-0.040329102,1.7294183,-0.20939896,0.046916522,surprised
-708.18774,60.263947,-3.812189,4.6156693,-4.941496,-0.60377145,-9.850571,-3.9595113,-10.822568,-8.121636,-4.7690997,-6.383387,-6.268735,-5.181475,-3.0224247,-5.247788,-5.773253,-1.4416411,-5.8768163,-5.0933485,-3.4840689,-5.281119,-4.458358,-4.9242096,-4.1716943,-4.4218855,-4.6794734,-3.3707247,-3.5397696,-3.055127,-1.6733277,-1.1337445,-0.0032281985,0.029877761,0.4599811,1.4300772,2.0902443,3.5216591,4.1217227,5.747725,neutral
-774.9348,61.553085,-0.82323515,10.258059,-5.25129,2.267958,-9.608938,-1.3073411,-9.942768,-7.0011663,-6.677646,-3.9090245,-6.729562,-3.7343817,-5.0012684,-5.7351604,-5.2476707,-0.97400165,-5.829382,-5.025422,-2.7320995,-4.992896,-3.845819,-3.643827,-4.108257,-2.0182877,-2.5491996,-0.37960064,-0.5546293,0.39080244,0.8227397,-0.7277448,-1.6193647,-1.2794044,-0.04858359,1.2101233,1.5647947,3.1578655,4.076387,5.051486,calm
-712.3885,63.24029,-6.6979976,12.928335,-9.692719,7.1850357,-12.298458,-2.9333806,-8.629324,-5.959417,-8.213768,-8.319246,-3.5404975,-5.391459,-5.856546,-5.399981,-6.5180955,-0.31070286,-7.376307,-4.582989,-4.7584367,-5.16375,-4.301125,-4.0207872,-5.227078,-2.0701494,-5.9204,-3.0293517,-3.6195724,-1.6688257,-1.2009245,-0.8392462,-0.97998667,2.7929313,1.1566116,1.2106351,0.8503499,1.8729277,1.9203002,5.635056,calm
-699.6422,65.30451,-7.6499825,1.5834278,-5.6851473,2.4652905,-10.332687,-2.6144962,-9.594676,-5.784488,-4.755839,-5.715259,-5.1928086,-3.3614914,-2.0832245,-5.8894124,-5.130889,0.7051063,-6.3895535,-4.3499427,-2.6395369,-3.763395,-3.358812,-3.1988688,-2.9438071,-1.6386873,-2.3162174,-0.7764617,-2.1374638,-1.1347866,0.33072284,0.73516876,0.81628907,3.1365325,3.7560353,2.2449143,2.6244419,1.5866693,0.031498916,1.4842623,happy
-560.9439,59.00768,-21.721348,4.099716,-3.345492,-0.744794,-19.210682,-1.3057872,-7.590088,-8.393338,-2.1822731,-3.9214184,-7.888695,-2.1587079,-0.17621987,-6.9540586,-4.6024847,3.3507159,-7.865934,-4.9165096,-2.450394,-3.3828268,-4.3035755,-0.8079094,-1.455294,-0.107362784,-1.8402414,3.126824,1.3859323,2.7283182,2.8400369,1.7617334,0.38364485,1.8881185,2.619172,2.0961936,5.148524,5.815701,3.486905,2.3025277,happy
-760.016,58.00556,-1.6490086,18.476496,-4.0114474,6.138883,-9.888476,0.5714032,-12.488593,-3.4853604,-6.0192065,-5.4665637,-4.6938863,-3.391465,-4.7149806,-5.6784945,-4.190026,-0.70218945,-5.6879716,-2.4956417,-5.533005,-2.0958943,-3.0602503,-6.467959,-4.188228,-2.858492,-5.5884533,-3.7114809,-4.2635965,-3.236647,-2.3924232,-4.5587177,-2.5420804,-2.2235482,-0.41748756,2.1933184,4.022639,8.043693,9.480828,10.302836,calm
-703.7925,58.8638,-6.591528,9.530988,-5.435256,0.80102086,-9.16663,-5.330837,-13.281657,-7.2747197,-4.4762573,-6.7058496,-5.944012,-5.418315,-1.2140177,-4.6268225,-6.079687,0.60275275,-5.3092165,-5.097806,-3.3632245,-4.433412,-4.1612754,-5.008274,-3.461602,-2.7333436,-3.5701036,-2.1433773,-1.8343838,-0.872408,-0.58211327,-0.96538585,-0.101574644,1.1313634,1.7401464,2.6275408,4.2595716,4.298248,2.8816605,3.0734577,neutral
-712.7298,65.64975,-9.252884,6.534326,-7.8319488,3.3329456,-11.733176,-3.3175151,-11.466204,-6.9135756,-5.6983886,-6.8221617,-6.010835,-5.0275645,-3.3408682,-5.986322,-6.5076084,-0.79597867,-6.511959,-5.5534296,-4.3898087,-5.5686307,-4.4351954,-3.6016748,-3.6907797,-3.1348953,-3.4504309,0.17607962,-1.8570757,-0.37438932,0.4057274,-1.6193304,-2.71467,-1.4141154,-1.8246478,-0.36897147,0.48390478,2.8843377,3.871557,5.2179604,calm
-679.4288,66.72483,-13.251517,3.3982923,-2.6815083,2.3959708,-12.046106,-3.0658932,-8.255746,-6.937652,-4.883267,-4.3426275,-8.549275,-4.469272,-1.818718,-5.590919,-6.866089,0.50051427,-6.4393597,-5.0914135,-3.6599796,-4.401971,-5.823446,-2.6171868,-3.046524,-1.6549239,-1.2668583,0.381976,-1.3423902,-2.0512989,-1.1097825,-1.7569318,-2.0603414,0.95181644,2.6349695,2.9270213,4.981394,3.0745976,2.52954,2.4416158,happy
-526.8393,42.73477,-24.088236,1.9478806,-12.239375,-4.9762673,-17.81862,-7.11182,-9.507144,-8.172066,-6.9084263,-4.7992325,-9.705639,-5.3338037,-4.8939414,-7.2087145,-5.610524,-0.060917247,-9.443606,-3.8073623,2.1223733,3.9695954,6.413951,11.7092,9.784274,7.4843,0.756776,1.9725466,0.0071306676,1.3546163,-0.11471858,-0.28257304,-0.29427066,0.1481963,-0.0067853164,-0.39752516,-1.2307324,-2.4373593,-0.7052318,1.0276476,happy
-534.35126,53.048775,-19.99443,-2.8204713,-10.900537,-5.445452,-15.473699,-5.1895,-15.998714,-8.2053175,-3.8836694,-3.6515813,-5.991228,-5.096849,-1.8520997,-6.9061885,-4.4088516,-1.6193075,-6.967364,-5.648287,-7.2044253,-5.146819,-5.918145,-2.3540401,-0.05799812,0.91311,-0.03911303,1.9884934,0.76089334,-0.10091772,-0.5102659,0.49939823,0.5757363,2.4656546,3.1792912,3.212688,2.0684497,2.6467903,0.9198683,0.04743139,disgust
-694.34955,57.413216,-2.8858347,11.741077,-9.149796,1.1677859,-9.310404,-3.3617978,-7.4279194,-8.684037,-7.4771476,-3.940074,-5.7125053,-6.617126,-1.6982557,-2.9955418,-6.5214953,-0.2852412,-4.82663,-5.8547993,-1.6133966,-2.8884761,-3.513872,-2.8178883,-3.0667944,-2.061106,-2.9282072,-1.6199985,-1.4088025,-0.47603917,1.1364539,4.50459,4.1694083,7.2995048,6.7386694,4.029784,3.4831293,1.7572782,-0.96839786,0.733996,sad
-748.7916,68.438736,0.85749453,16.57646,-3.619491,6.7399745,-9.081865,-0.18680489,-10.171622,-4.9337893,-3.5512054,-4.6682916,-4.946684,-6.57915,-0.75289965,-5.6526475,-1.5744132,-0.29515272,-5.8882437,-1.2812481,-2.1416469,-4.54841,-2.4908953,-3.5229266,-3.5998044,-2.8690026,-4.289364,-2.7114823,-2.74855,-2.44336,-2.4918554,-2.5477788,-1.4767917,-1.9157424,-1.7154522,-0.67662865,1.3014288,3.4340441,4.8489947,8.023336,sad
-621.32965,80.875656,-16.83405,1.4722918,-4.681378,-7.594966,-15.361415,-4.4966335,-9.749241,-9.401145,-8.07418,-5.23705,-4.171108,-6.5250316,-0.63449883,-5.7988777,-3.3263543,-1.5170203,-3.937544,-5.921086,-4.607626,-5.077131,-5.694375,-4.113435,-4.696694,-3.6475096,-5.335297,-3.6652584,-3.34486,-4.463994,-2.6154838,-2.4304047,-1.557616,-0.21787345,0.16008554,0.12485202,-0.30924103,-0.8841349,0.09843996,1.2092941,disgust
-450.53635,49.84482,-21.261328,5.7623982,-8.995365,-9.1028185,-17.547977,-1.2731726,-7.216011,-11.156022,-4.137587,-4.32721,-8.488931,-2.8626754,0.7469663,-8.06985,-5.766877,1.503315,-6.116043,-4.8143253,-3.0588682,-5.9632993,-5.2082233,-4.1122785,-2.4464757,0.064987406,1.0322515,3.9943917,4.1030426,5.682303,7.425479,5.51679,3.1436698,2.7999084,1.3424587,-0.2872578,0.8604584,0.8023815,0.49507207,1.1670612,angry
-497.26718,29.747702,-16.74975,-2.781938,-13.29005,-4.604352,-16.823717,-5.616928,-8.64881,-9.526477,-6.052828,-4.4172626,-5.346954,-2.165839,3.3895152,5.881586,7.692854,12.060234,5.1872864,-1.0306715,-2.0761058,-1.684077,-2.6127942,-2.542565,-0.26026738,-0.11373482,-3.755543,-0.15578696,-0.64893824,-0.2984429,0.2546437,0.29243916,0.09712685,0.7022432,1.4125221,0.8593341,-0.23775846,-0.4587644,-1.1453701,0.3053545,fearful
-558.42786,46.290516,-13.890771,7.73496,-10.606212,-1.095854,-10.947169,-1.9517518,-10.993224,-6.7343755,-4.00352,-3.030353,-6.7058535,-3.2483163,-3.9591403,-4.463456,-4.004185,0.22532369,-5.2688847,-5.603335,-5.0134687,-2.0982094,-1.7650744,1.2170335,6.543735,9.731994,8.29171,9.800335,7.725022,4.7279124,2.1575425,2.0833957,1.828498,3.3831377,1.1310136,0.52553445,-0.8711714,-1.2813457,-0.95259994,0.3758378,fearful
-560.5285,52.595707,-14.047194,3.461822,-3.7463107,-1.9103857,-14.068433,-0.8952414,-9.116138,-9.471043,-5.090401,-3.2051277,-3.9574554,-3.2495432,1.4703417,-4.5931325,-6.033006,1.2947005,-4.202989,-3.51034,-2.016445,-3.1324246,-3.475751,-2.8203127,-2.9773812,-2.85101,-4.510615,-2.1550646,-3.2688067,-4.437775,-1.5646248,-0.8005477,-0.42847687,2.6230285,3.9873111,2.7556348,3.1888528,3.412442,2.1826077,3.7668128,angry
-698.7616,43.0703,-5.478905,7.9784985,-7.703867,1.1193428,-9.632206,-0.47044283,-9.218779,-4.056276,-5.355283,-5.575935,-5.292762,-4.4566865,-5.8246818,-5.5586615,-4.240382,-0.1655994,-4.54085,-2.0956078,-1.7652793,0.86881083,1.4545301,1.0566585,1.7026188,0.9389682,-0.9978625,1.167351,0.041787546,0.8344888,1.7546371,2.0802076,1.03915,1.1356052,0.6305176,-0.31356078,-0.17845316,0.6305969,-0.09771945,0.5733289,surprised
-522.467,43.700798,-14.606611,12.619476,-11.496836,1.743054,-13.268277,0.7474964,-13.840753,-2.5100267,-1.8181697,-3.6701763,-6.043181,-1.8810945,-5.82432,-3.8727405,-1.5563151,2.1203473,-3.586734,-1.4186444,-0.81969994,1.458354,-0.15530422,0.18903711,3.474277,5.9752893,-0.3083551,6.178658,2.498195,3.7166588,1.9477105,3.5401757,0.9579791,1.7616361,-0.2120344,0.5910556,-0.74935853,0.78624517,-0.6346033,0.22084768,surprised
-611.12714,56.88561,-0.6179599,7.318383,-3.173135,6.026652,-10.351036,-2.8509154,-7.5368323,-6.4644685,-6.9355497,-3.687237,1.648413,-8.416117,-4.7593307,0.75605124,-5.926436,-0.17474203,-3.9857552,-4.778436,-2.438435,-1.913581,-3.5111175,-3.7576206,-3.960612,-3.2201607,-4.539006,-3.2006524,-2.7618186,-1.2008365,-1.5108312,-0.8804416,0.024238499,-0.4911192,-1.2327173,-0.9148457,-1.2178947,-0.09643248,-0.7996149,0.150559,angry
-597.0803,60.550133,-10.90625,6.468074,-3.208017,8.893175,-11.590635,-5.7145762,-8.700682,-8.697742,-8.625026,-4.0333443,-2.2698004,-8.449855,-4.386782,-0.10222569,-7.2271786,1.3195075,-5.4750285,-6.272177,-4.2366056,-2.3448236,-5.080935,-3.9498937,-3.869892,-3.3422256,-3.8991175,-5.423618,-3.0481303,-3.1754382,-1.5622888,1.2059915,-0.82785416,2.9987893,1.6610403,0.43926263,2.8689146,2.4613066,4.0962954,5.689485,fearful
-501.75925,42.498474,-26.166346,0.6102197,-10.696171,0.9299022,-14.719832,-12.425635,-12.321523,-10.894654,-11.4296255,-2.6313686,-8.172051,-10.812988,-5.7552853,-0.61877006,-9.266891,-2.4498336,-4.106897,-8.948983,-0.15842433,4.7086434,6.9124727,7.1950455,7.2401414,7.709927,4.1832,1.4415777,0.46197772,0.19926263,0.70140755,1.2304734,-3.255101,1.4253743,0.1301626,-1.0981281,1.281526,-1.7800506,-2.7984433,-1.9666291,fearful
-463.72495,45.929325,-16.50116,4.3167324,-8.308796,2.763329,-15.303742,-4.3589277,-7.9787636,-11.918264,-12.475979,-2.7364256,-4.2703347,-7.720964,-7.23747,-1.0640988,-9.369493,-0.9479377,-4.87868,-9.896516,-4.426625,-4.2147603,-8.51109,-5.526691,-2.9107063,-3.771534,-3.453639,-2.5093265,-1.1439122,2.6965415,1.0274369,4.242674,3.1011128,3.1897714,2.951053,2.85953,2.474011,2.6824129,1.167767,-1.0886871,angry
-636.9146,70.653824,-7.140789,7.3459454,-6.2714243,9.468738,-9.16586,-6.201956,-9.507635,-5.805247,-6.6623554,-3.3162732,1.4100587,-11.07093,-2.104679,0.013385111,-7.9436507,-0.4551173,-2.6814878,-7.2966824,-3.5649798,-0.2903338,-5.3801646,-3.063283,-4.7339406,-3.1096404,-4.148345,-3.1200268,-1.9999264,-4.403585,-2.3999612,-1.9869378,-3.5920136,-1.2165581,-1.4960756,-0.67812395,-0.6828586,-1.192354,-3.0344615,-3.0764654,disgust
-652.7949,68.40272,-3.6413014,6.558358,-8.974752,9.403122,-7.6622972,-0.9315047,-11.525381,-13.376629,-6.291733,-0.9602434,0.23800594,-9.684138,-6.1691713,2.6773446,-6.1018434,1.2082118,-8.238477,-3.3621843,-2.9084766,-1.6521112,-5.1684523,-3.3373904,-6.0512176,-1.3699471,-4.801456,-4.132147,-3.6703007,-4.7456474,-3.5431674,-3.567809,-2.7579858,1.59497,-0.18342818,2.2794433,2.236059,1.550421,-0.6038977,1.2543201,sad
-640.1409,65.37484,-10.343264,6.9032903,-2.2617188,9.343273,-11.639936,-6.766062,-9.991229,-9.919908,-8.308743,-4.427676,-2.3259118,-7.9433675,-3.7502265,0.3110169,-7.0175996,1.8967807,-2.7895644,-6.143403,-3.3406928,-2.6470919,-4.016659,-3.1845653,-4.7664814,-3.2492504,-3.351175,-5.366579,-2.104888,-4.325173,-2.280241,-0.029140618,-1.4371314,1.6303432,3.0143135,3.7797565,3.6963434,2.3747723,2.984187,4.0771046,sad
-569.3465,58.75267,-11.3478565,0.8127068,-3.7441363,5.309487,-12.60663,-4.661411,-12.887651,-4.7756567,-7.092136,-2.559408,1.7311239,-9.588203,-4.4913583,-0.946467,-8.223219,-0.0024688183,-4.3393044,-7.547188,-4.40225,-1.7355092,-5.3115664,-4.068863,-4.2408557,-3.9614117,-3.659379,-4.1658406,-3.219518,-4.793913,-2.483712,-3.408353,-3.667007,-1.4274837,-3.0901432,-1.0374763,-0.33463782,0.49160782,0.8889707,2.5621302,disgust
-594.22046,57.664925,-10.952656,2.4996712,-11.504055,3.8562875,-11.379862,-6.312739,-8.993091,-8.512724,-10.903527,-0.38301387,-1.2627282,-9.04428,-7.408104,-2.0828733,-8.574568,1.0642346,-4.5085273,-5.0382504,-1.0574535,0.81945336,-0.81416947,-0.13041227,-0.655897,0.50215024,-2.215955,0.63143766,0.12781681,0.56078637,-1.7466862,0.59372675,-2.296972,0.8723507,-0.4609257,0.4022707,0.72777385,0.36529154,0.23050292,2.165228,surprised
-610.26965,63.18972,-7.2045636,1.6238552,-8.695817,3.744737,-8.529583,-4.5643034,-10.513488,-10.463063,-9.352591,-1.6618522,-0.3113132,-10.716481,-7.1122594,-0.195121,-8.331342,0.7638706,-2.2311616,-2.1734998,-1.6191988,1.6775242,-3.021397,-2.8083956,-2.6506758,-0.54856896,-3.0374913,-2.1550493,-1.7672162,-2.671851,-3.0839431,-1.2822498,-1.0794924,0.1561987,-1.0456388,0.54039896,2.2493591,1.3983814,-0.1400326,0.7579969,surprised
-528.4092,54.772232,-11.655582,-0.39994338,-8.017866,6.582648,-11.331579,-8.883737,-11.276724,-8.997384,-10.7094755,-2.5752478,-3.4992907,-8.472618,-9.781201,-1.1475016,-8.413031,-2.0752223,-8.451315,-8.810271,-4.351035,-2.7342446,-2.8299608,0.026580725,-0.9073239,2.712392,-0.9502879,-0.17802328,0.6511118,1.3932253,0.8148196,4.02662,1.6340758,1.3336504,-2.119497,-0.6598826,0.5421753,-0.21699575,-0.19622676,0.5053778,happy
-668.49133,64.26296,-0.35598597,7.5653296,-8.113159,12.333376,-6.9233413,-1.7123737,-8.280809,-7.4387527,-5.0743833,-1.7313496,-0.071751885,-8.873479,-3.1338117,0.68894464,-5.869838,1.479362,-5.785397,-4.201121,-2.2410002,-1.3518366,-4.190331,-2.5118046,-4.3767953,-2.757302,-4.0816464,-4.3076134,-2.0039234,-2.6282618,-3.6749694,-1.9011416,-2.6793153,-0.54459924,-1.3650757,1.3902355,-0.48788136,-1.1887385,-2.0119078,-2.6787775,happy
-719.9095,83.20883,-6.9376416,10.662493,-6.592058,10.782142,-4.3704166,3.0716166,-7.461264,-8.388378,-5.2863336,-0.88548625,1.5724113,-6.959984,-6.348763,0.59218746,-4.10509,3.1548765,-6.8651714,-3.9328172,-1.868682,-2.6113126,-4.7094855,-2.055069,-6.2501216,-1.3310379,-2.955793,-3.0325851,-1.5517764,-3.217036,-3.4084892,-2.3977232,-2.5868196,-0.24852616,-1.842495,1.9027096,1.3528048,1.7903932,2.5913906,0.4599067,calm
-691.59784,60.5276,-1.5540606,10.381246,-4.6274877,12.683831,-8.411634,-3.2070196,-5.7260637,-7.8658857,-4.9420195,-4.412449,1.3065819,-6.949252,-3.553807,-1.3189546,-3.7076488,2.7629125,-6.183906,-3.6515117,-1.3938751,-3.5390503,-3.515947,-2.2469995,-5.867434,-2.2104933,-4.335078,-3.818694,-3.882077,-3.7312045,-3.089335,-2.5937936,-1.1475788,0.09082078,-0.019485898,1.3022361,0.757751,0.020875536,-0.6426998,-0.046494238,neutral
-737.4777,63.482704,1.2177157,18.055117,-4.027579,13.973715,-6.386613,0.7553671,-5.8698025,-4.3970137,-2.7897563,-3.9118834,1.6112623,-7.4806075,-3.422725,0.81128746,-4.990735,4.0080996,-5.4361763,-3.5067673,0.211139,-2.0596106,-4.880944,-1.9247152,-5.2415624,-2.0468273,-3.8455606,-3.5213845,-1.6346608,-3.0626705,-3.0511606,-1.1014631,-1.9264218,0.50112253,0.16276237,0.37875733,1.0550622,-0.22201851,-1.3942558,-1.6482964,calm
-520.9778,43.122234,-7.0078516,3.7458663,-12.290803,6.514574,-11.073269,-6.3213067,-11.332597,-9.791762,-13.087937,0.057513516,-6.9546337,-9.796666,-9.298571,-1.2513973,-9.307124,-1.9608928,-8.460914,-7.4814115,-2.9078948,-2.3488293,-1.784269,2.3413815,0.82232577,4.261286,-0.107559115,1.1651082,0.8569486,3.4660325,0.02058289,1.4787809,-0.40206307,0.41761076,-3.1982613,-0.6046919,1.9615651,0.30402493,-2.0153854,-1.5097799,happy
-657.4267,75.486115,-3.0091531,5.72277,-4.124174,12.301088,-8.029491,-2.3234088,-9.062191,-8.04551,-5.837279,-3.2789395,-1.3687449,-8.935341,-4.935864,-1.2062157,-7.482916,1.0923177,-6.3952746,-5.817154,-2.8902025,-2.3429554,-5.8141017,-3.5922928,-5.0405254,-3.2113523,-5.28875,-3.5688224,-0.53341925,-3.2879279,-2.569088,-0.6835759,-2.387725,-0.0058337753,-1.99043,-0.65083945,1.0146563,0.9154177,1.0690582,1.5532899,happy
-717.95935,65.441284,-0.35079888,15.528087,-4.1134167,11.394577,-8.131547,0.749863,-5.6702557,-2.2617486,-2.2559557,-1.7679178,0.63047606,-7.7003155,-2.097329,1.4635298,-5.755232,4.051949,-4.5590067,-3.830222,-3.0379612,-1.2079217,-5.8016195,-1.8949528,-4.599352,-0.7293203,-3.7589362,-3.2815936,-1.834373,-4.3580275,-3.4587755,-0.80938023,-3.3539093,0.5208845,0.064278156,1.432432,0.84339786,-0.03571218,-2.3114383,-1.6491134,calm
-707.7187,65.4332,-0.9955202,11.735021,-3.9219582,13.018924,-4.3351574,2.2775283,-8.617468,-8.3898,-4.355832,-0.17609847,2.0800126,-8.25398,-4.0861406,0.88936734,-1.9927609,3.5308697,-6.02601,-3.8869817,-2.5930507,-0.889616,-3.345392,-2.782352,-5.0832586,-1.8397437,-3.6773422,-3.2880187,-1.310542,-2.3611808,-2.5806625,-1.1602411,-1.1802101,0.6089405,-1.3127707,-0.19930351,-0.089134954,-0.71087897,-2.0856476,-1.1972064,calm
-712.90045,70.99918,2.5188584,11.849671,-6.897302,13.638406,-7.548912,-0.040309884,-8.7908535,-8.347914,-5.1621833,-2.6026192,1.576335,-7.812465,-5.4118805,-0.26033878,-3.5880697,3.0615304,-7.069472,-3.2315567,-1.0364001,-3.650425,-4.648527,-3.1337197,-5.3690176,-2.4675772,-4.8930273,-3.8895133,-2.822513,-2.952905,-2.883623,-2.2971199,-1.6878276,0.8880171,-0.7873974,1.5819579,0.6294209,1.5429442,0.12547095,-0.027603962,neutral
-600.66986,68.50552,-19.34777,6.7622,-5.872462,8.862671,-14.332245,-3.6741562,-12.81679,-13.80584,-5.9627843,-2.8895168,-3.1660361,-8.548551,-5.09972,-0.046178225,-6.4726763,1.6515734,-7.8657637,-5.5176,-3.7078786,-2.5971434,-5.2213745,-3.9028826,-5.9510136,-2.4197297,-5.2972093,-5.194391,-2.6206186,-4.2371655,-4.3052797,-2.9408634,-4.8027124,0.5044323,-0.25724566,3.0687869,5.742946,6.136444,5.223839,7.4438753,fearful
-581.94073,63.4103,-6.3141413,8.758494,-6.621264,5.956945,-11.619885,-2.8373125,-6.9307914,-9.076232,-9.787545,-4.587365,0.6212153,-9.975028,-7.073831,-0.4704267,-7.543117,-1.3776786,-6.368533,-5.453766,-2.9262037,-3.1698394,-5.294858,-3.3413286,-4.2839894,-2.675312,-4.3243704,-5.336869,-3.3221543,-2.4826908,-3.8940504,-1.381997,-1.5947407,0.14873075,1.2177868,2.8388839,3.2373497,1.9929737,1.1094956,-0.60027456,angry
-522.5943,56.2544,-12.466538,1.1394624,-6.1508627,2.7410483,-12.8504925,-5.348627,-6.6510196,-8.045857,-10.657239,-2.6535344,-1.7545233,-8.694109,-6.6541786,-1.4484102,-8.9367285,0.6162969,-5.420286,-8.402797,-4.1978583,-3.5991957,-5.4799185,-6.0258284,-3.61534,-2.2429597,-0.967556,0.7625314,0.5662658,1.557898,0.16002868,2.1864882,0.7796451,2.341358,3.3871725,4.170221,3.882331,2.7235754,0.93331873,-0.5889868,angry
-529.67175,50.038105,-23.27859,1.3075831,-10.355022,-1.2888883,-12.902332,-11.063309,-11.848652,-9.885729,-10.412309,-2.9315248,-6.4587045,-10.100991,-7.198637,-1.3633751,-8.247986,0.037588138,-2.0620925,-7.2352595,-3.1217191,0.6777799,1.5786536,3.9243608,6.392259,10.069643,6.6520157,4.4373646,3.8971608,0.7256098,-1.0254707,2.8062701,-1.3011266,0.8996697,0.25439098,-0.5231508,1.6849817,-0.22836532,-0.7300155,-1.5972886,fearful
-686.034,72.00838,-1.7786266,8.038586,-2.3965142,13.9933605,-10.5649605,-1.625542,-7.4246993,-9.350847,-5.8543916,-2.6855567,0.47403595,-8.08838,-1.5468216,-0.4705736,-4.8453765,2.89534,-5.560947,-1.8087323,-2.4258535,-2.6016984,-3.2206216,-2.6879115,-4.818567,-2.0021753,-4.3758,-3.3233037,-2.0768557,-3.9215403,-2.4650679,-1.0947945,-1.0129751,-0.21567784,-0.15367371,0.570165,0.46871328,0.35734963,-1.285341,0.124197334,sad
-635.91675,74.33157,-5.853031,0.7292374,-4.5874667,7.4948416,-11.306567,-3.9211223,-8.528217,-4.273745,-8.461239,-6.814007,3.5441568,-9.026803,-4.2890406,-0.40303653,-7.248639,-2.0247827,-2.8318439,-5.4227166,-4.3706093,-2.9109874,-4.336042,-3.37264,-4.9677744,-3.4488919,-4.0827074,-2.7707312,-2.4359264,-3.7028022,-2.2539814,-2.570469,-2.4453437,-0.9559376,-1.0138624,-1.6259059,-1.0161842,-0.546991,-1.6963531,-2.142315,disgust
-569.7141,62.4936,-10.591215,7.079705,-3.197353,6.002057,-15.218988,-6.7225866,-11.470918,-5.7986073,-9.303637,-4.0729327,0.6508643,-11.323722,-6.472902,-1.8649216,-9.322621,-1.1583757,-5.1381726,-7.044766,-5.137289,-1.2366488,-7.2288566,-4.2708983,-4.6266623,-5.3069043,-5.0716124,-5.9244246,-3.822032,-5.6310773,-4.0780573,-3.073733,-3.0555341,-1.140237,-1.1211303,0.5869247,-0.55585563,1.5759398,2.2270894,1.6857092,disgust
-667.50757,65.36162,-3.9817462,10.684461,-6.927653,11.879462,-6.0695014,-3.0258222,-10.405794,-11.769837,-10.280459,-3.9566994,-1.720617,-9.457532,-6.66892,-0.41374546,-7.647085,1.0098233,-4.8794775,-5.3470497,-3.7912812,-1.2204428,-5.4928718,-2.8189554,-5.927383,-3.9590359,-3.6988025,-4.6246476,-2.3290894,-4.886249,-4.1569796,-3.0182452,-4.6128325,0.07356101,-0.84784216,2.2985792,5.0021944,6.622201,5.7082486,6.4341908,sad
-560.18646,44.504402,-14.6393,2.2514918,-11.03119,5.346807,-10.163466,-6.553191,-9.599661,-7.1183057,-10.148723,-0.85546285,-2.5813625,-9.079094,-8.696888,-2.441612,-11.832099,-1.4592246,-5.485053,-4.1289787,0.65111536,1.6240025,-0.011575291,-1.8828204,-2.1355925,1.3285385,-2.448706,1.2084541,3.1396825,4.6146946,1.1926261,1.7870327,-1.0947856,0.22596031,-1.6658963,0.37435567,2.3528252,2.0120685,0.037304383,0.22757342,surprised
-602.3053,61.9714,-9.374262,0.07773875,-7.9333234,3.2238533,-12.568552,-6.563224,-9.380169,-7.5208735,-9.826356,-3.3657813,-2.1146266,-10.018361,-5.6913176,-1.6035076,-10.4141035,1.1479578,-3.6172729,-4.6696076,-1.964354,0.7329251,-0.8068155,-1.229837,-2.1678147,0.11493275,-2.0481277,-0.5791586,-0.21838579,-0.8264769,-0.6665945,-0.21616694,-0.80711085,0.55658025,0.8640746,0.3036433,1.4962856,1.1026741,-0.15474361,0.96472216,surprised
-708.0036,65.88851,-0.37038976,11.793811,-0.45767203,11.958794,-5.9902444,0.91911346,-5.9811587,-5.9621735,-4.486665,-3.1916835,2.663595,-6.574303,-2.7262337,0.33770943,-3.164828,2.4226842,-4.239488,-5.378785,-1.2327867,-3.286881,-4.226657,-2.3392935,-4.9623504,-1.471548,-3.502078,-2.9711978,0.1517343,-0.26648405,-0.44505614,0.49531633,0.27769592,-0.52707946,-0.7400083,-0.27664572,-0.571998,-0.5869727,-1.78066,-0.76025254,calm
-732.53143,75.36297,2.1393843,13.3207245,-5.1078787,13.785239,-8.48776,2.100258,-4.2500095,-6.384447,-5.9267764,-5.455291,1.4676827,-6.3803387,-2.756622,1.6311356,-4.549741,3.4225316,-7.517849,-3.9206538,-1.5036492,-2.3099356,-4.1746116,-2.2839453,-6.156099,-3.4193542,-4.8827696,-3.0307868,-2.7346096,-4.0181565,-3.1098082,-3.4927814,-4.150004,-2.2209032,-2.0411777,0.7319872,0.610917,0.87899697,0.09113497,-0.33269727,neutral
-712.4379,78.73424,-5.351281,15.5613575,-4.329194,11.405571,-7.483521,2.4171736,-8.861942,-9.116618,-5.105822,-2.1845737,0.85814,-6.817017,-5.6294127,2.1520731,-5.4760294,3.2144969,-7.2100782,-3.8250623,-0.66110826,-2.234531,-5.105396,-0.78014886,-5.252815,-2.3099713,-4.8870864,-2.4257145,-3.1252463,-3.103752,-3.133229,-2.8458564,-3.1001542,-1.2612231,-2.0127575,-0.42277932,-0.14860466,0.62714684,-0.03583936,0.4480833,calm
-669.3435,64.2342,-3.5707994,8.069645,-7.0470433,9.945685,-9.752776,-3.2899415,-9.4472275,-8.247505,-7.218311,-1.0544199,-1.821693,-7.7768645,-5.2860065,-0.8327637,-7.2183247,1.7877307,-6.0984044,-6.52425,-2.5467734,-3.041227,-4.766881,-3.8899858,-4.5798163,-3.472359,-4.063338,-4.738609,-3.0287426,-2.7764845,-3.2866237,-1.5008522,-1.983862,3.3164485,1.2299702,4.081339,5.4646935,4.349416,2.3923967,0.0029482855,happy
-515.6323,52.80903,-16.172644,-4.4555407,-9.112961,1.4548341,-12.021794,-9.725209,-8.82691,-9.724661,-11.245383,-2.7476108,-3.0486171,-8.071946,-7.9870667,-4.762985,-9.549672,-1.0974561,-6.6665726,-7.1627054,0.27734128,0.6925488,-0.10337138,0.61221826,-0.08585021,1.1476641,-2.323631,-1.6897038,0.4664866,1.5745507,0.6698312,2.0173173,0.66923803,-0.15816085,-1.7402297,-0.25617543,1.6194113,0.42637527,0.32573783,0.042377613,happy
-595.35645,62.38044,-4.7475777,6.5341997,-6.355627,2.7572303,-10.83593,-5.057255,-8.777452,-2.0693092,-8.7326975,-5.2911115,3.413724,-9.279449,-6.4445105,-1.4276795,-5.7254143,-2.0364268,-3.0965483,-5.049711,-4.743549,-1.1994991,-5.6608787,-4.4370112,-4.646429,-3.1922784,-4.1881433,-4.562047,-2.691851,-3.615114,-3.0431924,-2.1926618,-3.915255,-1.3249907,-1.0694895,-0.39948103,-0.20042513,-0.003788228,0.41496387,-0.4986099,disgust
-655.1916,68.43531,-5.9697013,5.3433924,-4.3441997,9.937713,-8.933983,-3.8338008,-7.1157465,-8.357255,-8.412021,-3.1559548,-0.0136102745,-8.312082,-4.36298,-0.6479903,-5.348849,1.8599716,-3.8524745,-6.0521364,-4.6642876,-1.889308,-4.6884975,-3.268005,-4.350457,-3.2356884,-3.555223,-5.1326456,-1.9367752,-3.2731764,-3.117635,-1.2620697,-2.5054646,-0.79417557,0.5509805,1.6975647,2.7198868,2.180256,2.3376455,2.4552937,sad
-657.06555,66.82609,-5.1743045,6.319111,-8.138712,10.800665,-8.267332,-1.1061009,-11.4363165,-13.676721,-6.1035,-1.5237747,1.6446682,-8.205898,-6.399375,1.1557243,-6.4720345,-0.13319516,-8.59647,-3.7827659,-2.815884,-3.6978557,-4.693574,-3.149816,-5.0207376,-1.4283599,-5.1860137,-4.2152557,-3.3766103,-5.101513,-3.866852,-1.9414637,-0.7473675,1.314254,1.5427667,3.547871,1.3979243,1.0940026,-1.0051371,-1.1740069,sad
-626.6795,73.2115,-7.5356474,4.6718745,-4.029951,9.965465,-9.927782,-2.81077,-9.616851,-8.614126,-7.487393,-1.5467432,2.9544413,-10.958899,-2.3713613,0.079027005,-6.310467,-0.2912034,-2.579165,-7.574498,-4.608363,-0.47913283,-4.852913,-2.6124783,-4.547649,-1.7587775,-3.8978033,-3.6121407,-1.4063542,-3.912403,-2.9235086,-3.335487,-4.2825747,-2.26988,-1.6065224,-1.6876285,-1.3824893,-0.9219292,-1.9756457,-2.7830672,disgust
-470.3556,48.44611,-21.689026,3.1260881,-10.172422,2.192826,-17.533178,-4.4016314,-9.673747,-12.771452,-11.960281,-3.0003214,-2.6975641,-8.534508,-8.279364,-0.74769396,-10.030983,-2.6346004,-6.2663264,-11.128484,-3.664311,-3.9449914,-7.4980097,-3.1953738,-1.8022546,-1.9731872,-2.0958028,-2.2530184,0.18355744,2.9346325,2.279435,6.250738,3.5726388,4.2277837,1.7836294,1.6125151,0.26146665,0.9875332,0.28197014,-1.1029469,angry
-508.10986,43.27804,-23.512302,1.274216,-8.741226,3.1375208,-15.823981,-11.990866,-14.124409,-10.971456,-10.921464,-2.6535356,-8.994878,-10.5306635,-6.373526,-1.7675574,-9.7247505,-0.5355054,-3.6430883,-11.2159195,-5.132466,-3.5291433,-6.0131555,-2.8296452,1.9060494,6.216965,7.4852057,9.620563,9.193515,5.90167,1.8195903,2.2272952,-2.2814393,2.1821754,1.9920365,1.7587289,2.272336,-1.0783238,-1.2448602,-1.778875,fearful
-614.0897,59.551308,-13.150559,6.472168,-3.2078707,9.337105,-12.999272,-6.1124625,-10.869935,-10.334136,-7.868935,-3.1146696,-3.5767539,-7.4721966,-3.9549098,0.6422091,-7.804208,2.0138376,-6.6435366,-6.651399,-3.940742,-1.6670536,-5.3211884,-4.3346725,-5.191536,-3.1292992,-6.086776,-5.3960032,-3.3030138,-4.366046,-1.2237974,1.9711205,0.49075928,3.1331575,1.586102,1.6914536,2.1678014,1.7906225,2.5392118,4.908904,fearful
-641.10785,63.277554,0.20067525,9.337861,-4.001092,6.9380445,-10.231388,-2.8634322,-4.9236283,-5.3535247,-6.70039,-3.5972292,1.9819196,-7.643079,-3.156193,-0.3375765,-6.7569766,0.8116895,-3.059756,-4.1787496,-2.886706,-1.2005692,-4.4177933,-2.7514305,-3.8713665,-2.4312549,-3.4407685,-3.285975,-1.471069,-1.0181412,-1.0229056,0.074085206,-0.69709384,-1.2599565,-1.1537653,-0.6039903,0.10897149,0.9605271,0.609672,0.52056503,angry
-581.7609,58.26166,-11.072683,1.7984576,-8.729754,4.531601,-8.830036,-6.1777606,-10.69099,-11.616668,-10.5209465,-0.8934705,-0.8243796,-11.710211,-5.4275527,2.1694324,-5.779559,4.07624,-2.0394177,-4.0528646,-2.1315827,-1.3272082,-3.1717093,-2.3903499,-2.4241257,-0.7389165,-4.1326637,-1.8721251,-1.4420398,-0.86235595,-1.3267214,0.12729558,-1.608462,-0.28801817,-1.1640903,1.6384712,3.8211389,3.5328362,1.7149687,2.3297343,surprised
-544.3078,58.244907,-13.065475,0.19849494,-7.1868587,2.8590126,-11.077776,-6.3569074,-8.411236,-8.726477,-8.579871,0.060249,-1.9622552,-9.274156,-5.8140078,-0.82681084,-8.372041,0.6449738,-3.4033709,-5.3313103,0.065753646,0.3658361,-0.08734392,-0.51306367,-1.9403177,0.3506496,-2.0193095,-0.009692939,-0.035591234,-2.1853302,-2.8151767,-0.45762622,-1.3564808,0.15180051,0.26859263,0.6900663,2.3339596,2.4562736,1.7823032,2.342042,surprised
-643.9149,63.954067,-6.740808,12.686293,-2.2219346,11.826854,-9.092523,-3.8602583,-8.721824,-8.331462,-10.09052,-5.9484563,-2.0660038,-10.15376,-4.9873857,-1.4556125,-7.8360624,-0.29526854,-3.9700954,-7.0390677,-4.357932,-0.40055302,-5.9068704,-3.589226,-5.170595,-4.42562,-3.4350214,-6.0569324,-2.4961317,-4.975977,-2.759727,-0.82137483,-4.659702,-1.72494,-3.1471887,-1.3605163,1.4292246,3.1559787,4.3026333,6.0626626,sad
-608.07104,59.771233,-10.424177,6.853666,-4.324524,6.2712154,-11.632592,-5.3456264,-12.503009,-2.58718,-9.0072,-0.7644488,-2.107477,-10.944089,-3.2004988,-0.46257108,-10.241023,0.66056687,-5.3278103,-6.77224,-5.700928,-2.2395446,-5.2642665,-5.207576,-5.432354,-4.217677,-4.5696745,-6.3082166,-3.6274662,-4.8987665,-3.1220796,-0.2667088,-1.0859164,0.90616935,2.1663835,1.8847715,1.1942134,2.9498625,1.2311813,1.4635541,disgust
-617.91345,66.418,-7.7829213,2.8342872,-3.138759,4.94312,-10.491164,-3.8088155,-7.7752285,-5.800673,-6.8477936,-4.4400992,0.62893313,-9.921898,-2.5864506,-0.4922432,-6.902073,0.034232523,-1.3021477,-5.780105,-4.4648604,-0.2716314,-3.8772435,-3.6852996,-3.8220937,-2.7835448,-3.8818345,-3.347791,-2.9680028,-4.0106993,-2.3968303,-2.639946,-2.5359685,-0.94056404,-1.1572409,-1.32532,0.2117435,-0.5278824,-1.8086127,-0.81562465,disgust
-663.9523,67.68853,-4.017017,4.478194,-5.1318154,10.83828,-10.217274,-4.06798,-8.558046,-9.53369,-6.1887865,-2.8159146,1.6515559,-7.6546364,-3.065044,-0.34514233,-5.056212,1.3028318,-6.5379148,-3.4216428,-4.1839542,-3.1696932,-4.064844,-4.368868,-5.4255433,-3.3050706,-4.2655997,-4.4601636,-1.7046895,-3.2727034,-2.743254,-0.61357206,-2.1188033,0.2156836,-0.55780697,0.4795098,0.6259717,0.36558217,0.21500984,0.11035174,sad
-512.7768,45.48067,-22.15804,1.9938704,-7.9825363,0.4670147,-12.175795,-9.717515,-10.736132,-11.35845,-8.710514,-3.7157023,-7.639883,-9.874545,-5.144913,-1.9859554,-9.476126,0.6439351,-3.9469311,-9.766604,-2.242716,-0.9847565,-2.3609583,-1.3790076,0.32521755,4.214953,3.6992588,5.8911695,6.5752287,3.3027089,2.264699,3.572861,-0.4092352,2.168293,1.4675547,0.59899056,2.261449,0.31360328,-0.80503255,-1.470188,fearful
-504.8506,54.2025,-16.29148,2.8670826,-5.767332,2.8954716,-14.846722,-5.9928412,-6.894608,-9.816898,-7.671556,-1.8314409,-3.7728827,-8.002012,-6.140404,-1.4540131,-9.003761,1.0813571,-6.1136384,-8.0149765,-4.052305,-4.9927335,-6.6192656,-3.6352828,-2.0827193,0.36353883,-1.1947567,-0.7578542,-0.031145396,-1.5021702,-1.6320907,1.1089493,1.9997945,4.385445,4.067691,4.523636,2.1607413,0.58959955,-0.19964543,-0.9939276,angry
-607.648,63.48603,-7.1956563,7.634901,-6.7317104,6.8517046,-11.061661,-2.5199246,-7.877467,-7.1210017,-7.9870934,-3.0020344,2.1572416,-9.207769,-3.9386992,0.15319669,-7.595239,-0.79168046,-5.0366535,-5.3441486,-3.2671933,-2.0943737,-3.941551,-3.6307302,-3.8030107,-1.4760262,-3.1566098,-1.2512157,-0.14005576,0.32716745,-0.6664603,0.032433376,-0.86348283,0.40494624,-0.21099803,1.1463631,2.155505,1.3484329,0.47542033,0.07283823,angry
-598.94604,60.45143,-11.588419,4.6506553,-6.5466714,8.317214,-11.244817,-7.0548787,-10.107211,-12.085669,-6.94193,-1.2387472,-1.5481585,-8.8329735,-5.1275306,0.542255,-6.507373,1.3041729,-6.713272,-7.07382,-4.534299,-2.208842,-5.104294,-4.636248,-5.5396957,-2.5313056,-5.558102,-5.4302907,-2.2312534,-4.670824,-1.5453587,0.709043,-0.102980465,3.2298055,1.2397233,2.2710886,2.9949281,3.5389397,3.2444582,3.7572029,fearful
-627.8736,63.89832,-3.4075758,-0.13410306,-7.70957,6.313606,-11.146294,-3.7166624,-8.31882,-4.928344,-8.7789955,-2.282259,0.58208376,-9.20659,-5.9868846,-1.1925251,-8.116581,1.6713539,-2.7041228,-3.0372362,-1.0199057,1.2959698,-0.90587664,-2.009251,-2.263976,-0.43648916,-2.3729255,-0.40640056,0.7989863,-0.0039112135,-0.56940705,0.11825801,-1.9399573,-0.70366716,-0.36376595,0.6435233,0.49004924,1.2003455,0.006792229,-0.021247542,surprised
-523.75665,42.92954,-9.608952,1.7667598,-13.816484,1.687922,-10.068637,-8.546539,-11.064613,-9.346707,-12.807374,-1.8335047,-2.121323,-9.115783,-8.808444,-0.026599227,-8.181899,0.73636055,-2.3934994,-0.7711052,0.64734185,0.1435853,-3.1124141,-1.9034882,-2.6666853,-0.33411995,-1.7750914,-0.27454314,-1.3124303,-0.7692879,-1.9180903,0.86554646,0.70285636,1.3101687,-0.61518764,0.043196842,2.727342,0.9850241,-1.4405818,0.054081533,surprised
-707.4773,64.67532,1.4038476,12.914074,-5.1549263,14.195785,-6.8831935,3.0217352,-8.002179,-9.591667,-6.0354958,-2.394565,1.3856726,-6.3667197,-5.2606673,0.6554372,-5.271617,2.5361128,-6.4171357,-2.8166134,-0.7244336,-2.1433175,-3.9030252,-2.2470608,-3.9269843,-2.8440669,-5.280592,-2.7642395,-3.726383,-3.0468786,-3.5046034,-2.8464046,-2.762049,-1.2557565,-0.6174659,1.1009378,0.38247395,1.5351104,0.098079495,0.1741561,neutral
-716.70636,64.119995,2.7329688,11.826704,-5.5638433,12.234403,-7.50099,-0.041922044,-8.776205,-5.4792895,-3.6362503,-1.7540908,0.706055,-7.061631,-5.2892857,1.4755062,-3.9942157,2.4233603,-7.4144363,-3.9406345,-1.9500422,-1.529547,-5.083902,-3.0122244,-5.872045,-3.2859988,-4.4692497,-3.4228563,-1.9160736,-2.398467,-2.149736,-0.27748367,-1.6332557,0.13361889,-0.6451079,1.3685282,-0.30683467,0.118415035,-0.6169491,-0.46100655,calm
-721.00305,67.90161,-2.1373575,13.948111,-2.4564276,14.01945,-7.2532635,2.353783,-4.6661544,-3.0205274,-2.5781498,-2.4751132,1.6326722,-6.4786024,-5.0751677,0.6491999,-4.034924,4.932635,-6.5298104,-4.683619,-1.6746409,-2.201229,-4.375211,-1.554891,-6.213052,-1.2555355,-3.4320881,-3.5062783,-2.4637482,-3.0108001,-3.947613,-2.1033204,-3.2274585,-0.7945402,-1.3179232,1.9079415,1.55004,0.82925713,-0.14860754,-1.7215216,calm
-675.2399,67.60121,-9.946747,0.5245763,-4.6196895,10.991121,-9.973026,-4.5999374,-8.433298,-9.321521,-6.0807495,-1.3679988,-2.8858132,-7.234247,-5.286932,-0.20349187,-5.6962843,2.1896873,-5.717184,-6.6155596,-3.3083534,-3.508647,-3.3547833,-3.804155,-5.422968,-2.2106855,-3.5489888,-1.1508766,1.3739775,2.0817819,-0.46836734,2.4432077,-1.6447496,-1.4727627,-1.9041072,0.14393608,2.0956721,1.9740156,1.2856092,-0.58371496,happy
-549.9855,54.40947,-12.082293,-1.232256,-11.369803,8.147477,-13.138018,-7.9310627,-10.82883,-11.006539,-10.482972,0.102084704,-4.798579,-9.182055,-9.535996,-0.58395183,-8.737243,-2.3281105,-9.602808,-6.6702757,-3.77128,-3.6709313,-1.9530017,1.6891751,-0.5396788,2.6770663,-2.5199993,-0.40343216,0.5242824,2.2907252,0.28325492,3.6876056,2.845595,0.8036303,-0.94977325,1.5356429,1.0014919,1.4073185,-0.8106094,-0.7752247,happy
-710.78357,48.772247,-2.8655756,5.872848,-0.8269327,-1.8468432,-11.807065,3.3284917,-12.084663,-0.605208,-5.4879427,-3.3921018,-3.9089947,-5.505988,-4.7650747,-2.5790267,-3.4610012,-4.291646,-2.9505453,-2.002491,-0.97589266,0.26656675,-0.5871983,3.2304144,1.1534805,2.1647828,0.16388632,1.4887942,0.10137145,-0.2909751,-0.97370934,-0.13809446,-0.39485073,-0.05264085,-0.8988424,-1.348322,-0.96982616,-0.73195,0.21485704,-0.54838675,surprised
-618.6074,41.666664,-6.4006567,2.4710667,-7.901647,-0.47676986,-16.783922,1.1726749,-14.653722,-4.1174574,-4.9195967,-5.4788547,-5.976254,-5.4387703,-5.391055,-1.0659306,-2.1206582,-2.1534896,-3.4449182,-1.8426938,-1.8950076,-0.50816983,-3.6619797,0.60367703,-1.4457763,0.931004,-0.9760673,0.95135164,0.43546045,-0.057752203,-0.7015876,2.2487817,1.8125602,2.3126287,1.1676192,0.114786826,0.14388417,0.9113418,0.3976562,1.602565,surprised
-612.4762,52.518757,-16.488113,6.2435584,-1.9437561,-3.7030082,-20.615383,-1.3121789,-15.851131,-13.3435955,-1.6329156,-5.708754,-10.783425,-2.4097965,-1.8329401,-8.204552,-4.706751,-2.5478063,-8.518912,-2.7086127,-3.9315412,-1.0456133,-1.7316821,0.6704184,3.7495377,3.9940832,2.9718742,6.749201,4.765704,3.0911431,2.0118217,-0.748467,0.087690175,0.3478466,-1.5911698,-0.3141176,-0.4657364,-0.8115676,-0.7862513,-0.91494876,sad
-613.1899,46.361496,-2.8012826,13.57235,-6.928201,1.4472076,-14.118574,-1.7538536,-14.73744,-3.670538,-4.146572,-6.1815324,-3.6702316,-4.6789274,-3.3378284,-4.231398,-2.8474302,-3.0052855,-4.729089,-3.14704,-2.5669444,-3.641907,-6.5112886,-1.475481,-4.448912,-2.4939613,-3.2139046,-1.7778656,-0.39369953,0.06315766,-0.5125601,0.677009,0.30240837,0.76040524,-0.33244663,-0.18470718,-0.29085663,-0.3487705,0.4657275,1.4263414,disgust
-604.8104,46.07312,-9.138094,10.465099,-6.2110796,2.9601233,-12.492638,-1.2112621,-15.8136835,-4.747314,-6.1985917,-4.5106387,-3.2796273,-4.9088902,-5.027076,-0.95605695,-3.008803,-4.345305,-6.6132517,-5.789426,-4.9253154,-2.3306136,-4.2595963,-0.79547656,-2.8007078,-0.15752976,-1.9794681,1.5478014,2.0319304,2.827983,3.1217816,3.757058,1.5288717,2.9156222,1.4224336,2.4910307,2.279522,0.79988116,0.3401772,-0.342898,disgust
-724.65216,55.716625,4.6216826,12.570419,-2.3908505,2.9152904,-10.98298,2.046193,-11.857314,-1.3309908,-3.3324819,-6.0525336,-3.7942739,-4.648549,-5.2438526,-4.2330394,-2.7877316,-1.4156069,-3.2657058,-2.9419625,-3.9408877,-1.0028192,-4.224753,-0.3528347,-2.270092,-1.8854584,-2.4849663,-0.097816154,-0.02655607,0.8126889,0.620541,0.5425101,-0.23385783,-0.65614367,-1.8967834,-0.009947511,1.4214635,2.7327557,4.247864,3.7244935,sad
-447.3576,31.920568,-32.85078,-4.3399706,-7.76725,-3.0895083,-19.924347,-2.2688193,-8.117994,-13.357088,-0.58999234,-2.0019975,-7.7382264,5.6775894,5.6586504,7.646833,7.518485,3.8986924,-2.0602317,-1.3025292,0.15260735,0.8541404,0.71816933,-2.5842981,-1.5532424,-0.52034956,-1.8689035,2.5848637,0.27824965,1.0195584,-1.406772,0.4001122,0.8964879,-0.73754245,-0.7957183,-0.3816916,-1.6693649,-0.3580578,0.7369994,0.24102087,fearful
-412.90613,52.427887,-28.589624,-5.556304,-9.916738,-10.55007,-20.345621,1.1806977,-10.105061,-9.804388,-4.0505366,-3.9238005,-6.970242,0.68511695,-1.8918269,-0.35310608,4.062602,4.5829477,-0.44576135,3.2330248,-0.6654029,-2.13776,-3.2497902,-1.1945218,0.37958318,-0.48212537,-3.8809443,-0.93315464,-3.2049959,-1.0474021,-2.0933127,-0.2927312,0.29937053,-0.8222356,0.17698653,1.1494204,-0.36999056,-0.9051215,-0.979338,-0.11009205,angry
-576.3299,42.46231,-12.112496,7.068584,-3.7462244,-5.2669735,-16.452454,1.9841021,-12.74079,-7.864723,-4.7426424,-5.888572,-4.21389,-3.20084,-6.0532064,-3.80973,-4.3974514,-5.0338855,-4.2875853,-2.3237412,0.01227337,0.58168554,-1.1990134,1.152906,-2.4256923,0.010364065,-2.3203058,1.5971794,0.79116994,2.262665,0.33086893,1.4562483,1.7653016,0.7065688,1.3147391,-0.290869,-1.3245944,-0.79153764,0.19455986,1.6332271,angry
-673.2973,46.399525,-5.887792,8.79814,0.382632,3.561972,-12.489608,-2.5247946,-17.740757,-3.269824,-1.1629784,-5.7099237,-5.8532867,-4.663929,-3.4889047,-0.7502623,-4.624047,-3.8741236,-4.389047,-4.6969175,-4.543244,-0.8251128,-5.6259155,-0.45154765,-2.001249,-0.09242239,-0.69013196,2.37874,3.387678,3.4972355,2.6445405,3.5172486,3.0000372,0.9428214,0.021179633,0.52323747,0.6883942,2.039886,2.784547,1.4789538,fearful
-762.94727,56.769203,3.8833485,13.072184,-3.7232728,2.3344016,-9.853498,5.2469516,-12.928979,-0.8750419,-2.575524,-3.1367457,-1.8810505,-4.5569053,-3.0417342,-2.735964,-1.9365538,-4.709069,-2.8841689,-2.5757976,-2.137569,-2.653692,-3.4583533,1.549125,-1.408958,1.7543063,-1.2109591,1.7058678,-0.122780055,-0.8283161,-2.2973056,1.8400635,1.2880462,2.0198016,1.8086076,1.8402495,0.65814793,1.1265652,2.190063,2.8601902,neutral
-744.2637,37.92167,0.38046035,15.578995,-4.476041,3.0739894,-10.679926,1.8628056,-12.48387,-2.1643884,-4.9365077,-5.750819,-3.7500596,-6.187793,-6.2255087,-2.924352,-5.220865,-2.2725205,-5.892394,-2.8497632,-3.8475041,-5.196571,-5.1261435,-2.1891334,-3.8583713,-1.365926,-2.4659197,1.6547792,2.6471083,2.3953705,2.0253837,4.653798,2.195167,1.885114,0.75030524,0.50726664,0.11259122,-0.90243256,0.22221224,0.040666662,calm
-793.7185,47.604687,6.1680937,13.021605,-2.1996832,3.4003851,-9.262201,3.297968,-8.007885,-1.9330506,-2.4519749,-1.4003689,-1.010578,-3.8797467,-4.857247,-1.3485833,-2.813102,-4.5393853,-2.7725456,-3.0571954,-2.5455468,-3.869021,-3.751261,-2.113229,-3.6729376,-2.7134593,-2.4720855,-1.546743,-2.2039442,-2.5549655,-2.3911352,-1.1627047,-2.5320964,-1.7979712,-1.2039245,-2.192965,-1.7454693,-1.7154061,-0.86597943,-1.2642852,calm
-571.9857,43.71309,-10.179641,2.1187007,-4.9537454,0.6403619,-16.099394,-0.39015636,-9.182436,-6.3437233,-0.89346147,-4.9326863,-7.201542,-2.0714521,-7.954563,-5.7693377,-3.184666,-2.0638673,-3.097274,4.115018,3.7955368,6.1740813,2.930816,3.308183,1.8017237,2.3172708,1.0099349,5.4929605,2.3696039,1.0072592,-1.1306759,0.6714385,-1.2399187,0.12279835,-0.5758492,0.89402574,0.15518671,1.1922309,1.5216192,2.3711073,happy
-486.71234,31.769545,-27.611526,-5.281474,-6.3019247,-2.2651062,-23.13441,-2.8721933,-10.737165,-14.252846,-2.6564612,-6.172504,-9.044862,2.525359,1.7731586,7.8308516,7.3812323,5.542084,-1.9597108,1.450822,1.1407433,1.3962072,-1.7416952,-0.013059436,1.1371953,-0.7297579,-1.7809415,2.099294,-0.23653279,0.36817858,-0.8746053,1.3983825,-1.367134,0.023662165,-1.0808178,-0.82066447,-0.56934613,0.79827553,-0.816479,-1.1088344,happy
-805.89764,50.434246,2.865828,15.137083,-0.1487465,4.572341,-10.1481285,3.43048,-9.754267,-1.1678053,-4.811864,-5.516477,-1.7368157,-5.320092,-5.3898582,-3.0489414,-2.768852,-4.3678403,-5.301366,-2.9668305,-3.4846232,-2.630537,-5.1907635,-1.7714809,-2.7826724,-1.956926,-2.9311223,-1.2768015,-0.14218423,-0.51669186,-1.1262449,-0.69590837,-1.527023,-1.1894952,-0.88935745,-1.2457573,-0.27460873,-0.11129405,0.7405288,1.0138011,calm
-784.7431,52.277733,6.131365,14.390514,0.2622691,2.7386377,-11.140385,4.423401,-8.787228,-1.9141564,-3.3079875,-2.1420605,-0.48702723,-2.9815469,-3.8015504,-1.5168343,-1.4071234,-3.0956223,-2.262394,-1.821266,-2.0404737,-2.2729142,-3.197971,0.64384085,-1.3248553,2.1987362,-0.30810416,2.3267279,0.72568125,0.87729377,-1.2706844,-0.06815661,-0.7017989,0.3854723,0.26235437,-0.080278456,-0.010433735,-0.49851167,-0.95224,-0.4759527,neutral
-765.0505,49.012142,4.278963,15.899024,-4.6163177,3.9533215,-11.840418,3.535985,-13.681271,-0.97598094,-2.2391474,-5.4690223,-2.686431,-4.112145,-5.000197,-3.2946053,-3.2718427,-5.155772,-5.04186,-3.9601045,-3.6598856,-4.7681212,-6.229137,-1.3192436,-4.686341,-1.5664549,-4.535588,-0.8400866,-2.9417279,-2.4504385,-2.0349443,1.847704,0.79611534,2.0745323,1.9048945,1.7631404,1.0428406,1.3754901,2.222816,2.2569165,calm
-620.6532,42.990753,-11.990129,5.5105286,-2.5727477,0.6105318,-15.819781,-4.4312334,-15.529684,-5.6307044,-1.3911346,-8.037686,-6.2260437,-3.0777225,-5.313073,-3.093968,-5.842451,-5.7137537,-7.017804,-4.546978,-4.3327947,-0.972931,-3.8941479,1.7494776,1.1210749,2.0857205,0.9516306,2.9221346,2.985534,0.4304293,0.5611609,1.6899984,-0.36665684,-0.15053742,0.56299245,-0.856654,-1.3680445,-0.2595889,-0.7989318,0.86989146,happy
-480.1158,43.784588,-32.642307,-4.8113494,-7.51168,-5.841644,-22.375097,-3.3219807,-6.873304,-13.184855,-1.4204203,-3.0383646,-10.661269,1.5118662,2.701779,0.4466313,6.8776526,7.9228487,3.3120768,6.276114,3.9735293,1.1293889,0.26623565,0.86307985,1.2076716,-0.16107622,-3.0762746,0.25764975,-1.2713784,-0.084517375,-0.98477536,1.3916248,0.20782562,0.2950088,0.44932246,0.21713555,0.5826868,0.34852687,-0.32512668,-0.33114266,happy
-669.2542,44.0373,-3.5720663,3.5464344,-3.934079,-1.2044445,-12.074918,-0.77776885,-12.204194,-1.5016712,-4.4854593,-4.8020234,-4.6945815,-5.571348,-4.832781,-3.9331956,-2.5248635,-3.93604,-3.053845,-2.9686477,-1.7044748,-2.245357,-4.8264823,-0.21671158,-1.4854542,1.3018042,-0.3375806,2.0139098,0.7864113,-0.5540476,-0.49878442,1.0800637,-0.31461906,0.7707108,1.0725019,0.9555229,1.2816762,0.26937366,1.163265,0.59857315,surprised
-627.05566,53.90377,-10.006621,0.4743414,-7.846047,-2.609977,-16.365953,0.8774325,-13.054741,-6.2783675,-3.6267104,-5.3990407,-7.4609895,-3.4060082,-3.7222402,-2.5243464,-0.016174754,-0.9344175,-4.4707503,-0.44783354,-1.6988068,0.21201184,-1.9546255,-0.07313945,-0.019036172,0.72136825,-1.6547915,1.712264,-0.52916485,1.6872534,-1.9905577,0.57234234,-0.5496248,0.5711969,-0.5168688,0.012416621,0.7844476,1.3927233,0.36629388,0.013510474,surprised
-625.72375,51.18145,-12.161854,10.705048,-7.248705,-0.7429908,-13.6333065,0.3662909,-20.579227,-7.092347,-3.326124,-6.980555,-1.4041415,-1.1120005,-6.406796,-1.7807301,-0.8564347,-2.4306505,-4.828907,-5.3201213,-4.7724333,-2.1357603,-5.818297,-2.1068752,-3.281648,-1.3173487,-2.9085405,-0.70750797,-1.5168892,0.72776866,-1.5877292,1.0857188,-0.8012864,0.8868276,2.3460634,1.738773,2.7499557,2.0433898,1.8560311,1.4876235,disgust
-656.0705,47.953396,-8.494379,9.619265,-4.3420897,-1.3159218,-11.532948,-0.17502639,-14.965158,-4.8900075,-2.684547,-4.1117306,-2.6042218,-1.920799,-4.1322327,-3.7824042,-3.2103992,-1.294547,-5.9964056,-2.308338,-2.5826712,0.07958262,-1.5828961,0.57286334,0.27263042,-0.45320755,-1.1749725,1.2171873,1.7146549,1.7830511,2.8240235,3.660906,2.274393,1.1697931,-0.3118183,-0.3391245,-1.258268,-1.0347905,-0.31893063,-0.51818514,sad
-712.2363,48.604145,-0.80552393,17.317318,-1.0035473,3.3518784,-11.279218,3.2805364,-13.935434,-2.0942636,-1.0699122,-3.7842462,-2.5010853,-2.2787337,-4.4023056,-0.5193406,-2.253037,-3.304559,-2.0876133,-1.2460175,-2.5381417,-0.2541334,-4.322293,1.2313766,-2.460342,-0.09904855,-2.9465578,2.5879755,2.484028,2.6456027,1.476815,3.641671,1.1923985,2.2926445,1.9469345,0.813201,1.7320033,2.4326246,2.4731958,2.3529074,sad
-600.70386,52.258972,-2.8908954,9.503267,-7.4385085,-3.8364604,-14.707506,-0.53598005,-16.238792,-7.7469363,-6.1909113,-7.265545,-7.0271583,-3.7804563,-3.7840698,-4.4234247,-4.037208,-3.2892756,-6.766262,-4.7447777,-4.121265,-2.400298,-4.773814,0.057070285,-1.4776143,0.39915672,1.4999983,2.9285634,2.6209176,4.2306714,2.0751302,2.2835927,1.8789158,2.9089234,1.0665867,0.9545624,-0.90902054,-0.5344691,-1.0878377,-1.4906777,disgust
-441.83807,42.00844,-21.299633,-1.4298698,-11.702882,-10.373579,-18.30763,3.556864,-13.491261,-11.803978,-3.344918,-6.2167706,-7.4702644,-0.78195226,-5.6910195,-1.9870803,0.18589196,2.049265,-0.6055102,4.8291245,1.7488378,1.1302996,-3.5692296,-1.2451129,-0.11424573,1.2785159,-0.5938314,1.723086,-1.6240144,-1.6476985,-2.940975,0.060691003,-0.09979318,-1.3381095,-2.2053509,-0.33761984,0.36398226,2.0325038,0.1575279,-0.7300385,angry
-521.87274,33.334156,-26.979881,-2.5988135,-10.83876,-5.483818,-19.88028,-2.0627487,-13.693341,-14.032293,-1.5493962,-6.7346334,-13.192417,-3.5125372,-2.8891022,1.247598,4.661713,6.2647176,2.674525,6.257486,4.7877254,1.8289325,-0.7775237,-0.7224193,1.2493509,-0.63345456,-3.9328547,-1.4766936,-2.3148575,-0.91953033,-1.1806984,-0.25533196,-0.039799698,-0.5824146,-0.03801507,0.8744197,-2.0324125,-0.7356466,1.0048914,-1.2793359,fearful
-744.66705,54.15869,-0.4014255,19.561022,3.4543917,5.84006,-9.483125,1.6419655,-12.607883,-2.4720776,-4.3929615,-4.4929757,-4.466255,-5.109219,-4.2363744,0.5502824,-4.347763,-1.4808315,-2.985116,-3.2902236,-3.636222,-0.4988724,-4.8640943,-0.8619511,-3.354451,-0.94659203,-2.6391616,-0.6304864,-0.46224016,-0.5819635,0.47573107,1.4875991,1.2073874,2.0902393,1.1725847,1.4597237,0.5045069,0.82310593,0.35081482,0.7749411,fearful
-605.04694,47.476833,-9.615088,6.7400136,-5.050027,-2.455464,-14.211084,3.2186139,-8.974826,-4.625892,-3.9941988,-3.1720202,-2.0450475,-2.5761385,-4.6337194,-1.2765588,-2.5624962,-1.5847458,-2.3298264,-0.89608413,0.7207065,0.92067677,-0.20296013,2.3261178,0.8666545,2.9121192,0.11078267,1.5903164,0.261373,1.6180451,1.6680714,2.6341565,2.6790526,1.4455049,0.27103627,0.40797645,0.85785055,0.61032164,-1.2332032,-0.14954832,angry
-470.3906,35.887913,-37.332798,-8.035315,-6.3047915,-4.650741,-24.31963,-4.206108,-11.0291,-14.685556,1.1383132,-5.269269,-9.587854,1.987654,-0.54368305,1.6715754,6.113585,5.444332,-0.10612598,7.6530476,4.9503446,2.6138651,1.4793011,1.1192598,-0.14468114,0.5344998,-1.4350464,1.9893742,-1.415615,-0.95291036,-3.2285788,-0.030875938,-0.9690172,-0.9223551,-0.401425,-0.39423126,0.4187076,0.3297588,0.81667024,-0.06291258,happy
-562.2397,50.41873,-20.86877,7.4069037,0.5106365,-1.4212563,-18.802832,-0.26600966,-9.523643,-9.657219,0.5332359,-6.2613945,-8.192251,0.6109679,-4.085329,-4.3300157,-3.1904774,-1.4381719,-3.6824334,0.9820313,3.1349895,6.9407096,5.4393935,5.0573688,4.6126943,1.8291703,-0.15994601,3.482255,1.9810265,2.2735753,1.3096969,2.6730375,0.7784426,0.697022,-0.46162388,0.5093564,-0.6894335,0.10928314,0.64279807,1.1538887,happy
-799.4614,45.47828,0.8536544,15.637839,-2.2413638,5.7038136,-11.7791,2.3210194,-9.476761,-3.1025617,-4.251998,-6.326402,-1.6152791,-6.90665,-5.9617167,-3.1478806,-2.7435837,-3.8812325,-3.7058256,-3.3382738,-3.3411307,-2.9324465,-5.4123087,-1.5418915,-0.90754026,-0.4289761,-0.05954513,2.3992527,1.6530703,-0.40561897,-1.5344535,-1.3175212,-1.6062288,-0.6126289,1.0648489,0.2792888,0.53009564,0.22090599,1.5313483,2.6699226,calm
-754.68695,45.075043,1.1573572,15.802203,-2.9266696,4.2478895,-12.0712385,3.771627,-12.300541,-3.9868603,-3.6333823,-6.343953,-3.1959217,-7.223391,-7.323333,-2.6923046,-6.4678144,-3.2495964,-5.5138702,-2.1981764,-3.0364552,-5.3042445,-4.596295,-1.4246314,-4.5713253,-2.583287,-4.026684,-1.6860619,-1.1337366,0.14901984,0.5402923,2.4941754,2.265592,2.5786757,1.9143027,1.303633,1.2015464,2.0473194,3.2464688,3.3294156,calm
-765.14105,51.844822,3.9125004,12.692248,-1.3999424,3.8285527,-8.389103,4.5074697,-12.085243,-0.79925126,-3.326051,-1.0671655,-2.4400754,-4.290168,-3.6432402,-1.8821254,-2.7533934,-3.7537653,-2.904241,-2.424617,-2.0319924,-3.3834865,-3.2877321,0.18248491,-1.4486383,2.0524776,-0.9629051,3.1357975,0.72744066,0.21514958,-2.8516097,0.299573,-1.4424527,1.3064067,3.607744,4.443492,4.4976335,3.8106012,1.7537662,1.0986435,neutral
-625.565,37.601562,-3.692515,8.979276,-5.6373816,1.9698316,-14.028975,1.6211351,-13.249778,-2.7529833,-4.365699,-5.5982203,-5.399014,-5.557957,-5.418809,-1.5369364,-2.4857268,-0.50143135,-1.4600424,0.5349081,-1.1780466,0.44510436,-2.6611564,0.5990028,-0.8252489,0.085799515,-0.9035806,-0.042273067,-0.45891255,-0.3088625,-2.1418548,1.5483501,0.15583484,0.64247507,0.7617665,0.91198593,0.7836674,1.9083395,0.67325157,0.51884353,surprised
-697.80884,48.78155,-3.7000659,3.683173,-3.2259254,-0.07058953,-13.354688,2.8448877,-10.612619,-0.88495874,-4.6544676,-3.0223022,-3.4353867,-5.0281854,-3.920681,-2.5102994,-2.0467906,-2.9231384,-1.932332,-0.6883182,-0.33815098,1.2286456,-0.42686602,2.974086,0.39058217,1.055745,-1.5839984,-0.1637575,-0.51672703,0.06655638,-0.4609257,1.0412062,-0.32485414,0.50574046,-0.44497174,-1.1239657,-0.6827307,-1.4006172,-0.6787472,0.15371966,surprised
-714.44006,46.36921,3.1328201,13.724387,-1.775289,4.937009,-9.849574,0.722356,-15.0142765,-1.2461426,-3.6874645,-6.9135633,-5.37811,-3.5613434,-3.5655642,-2.3029313,-5.010852,-3.4561582,-4.0776825,-3.8467352,-3.5629268,-1.453661,-6.3009863,-0.12557606,-3.1000552,-1.3284045,-3.180577,-0.319076,-1.0578519,-1.0869219,-0.5173796,0.8967449,2.8650427,2.956856,1.9644119,1.2502724,0.74558616,0.5504807,1.17024,2.1514099,fearful
-571.9035,41.11635,-11.141851,1.7524008,-8.361308,-5.094497,-17.753567,1.9025022,-14.487945,-7.720416,-6.8479886,-4.668684,-5.022902,-5.512697,-6.4315248,-2.4365788,-2.4893296,-0.025125556,1.1861191,1.069159,-0.04926177,1.5264482,-0.38500476,2.5307932,0.85241175,2.7820847,-0.35439852,1.3259226,0.26329017,1.1148883,-1.1662636,0.44207406,-0.8869733,-0.29903743,-1.0776558,0.1791615,-1.0226855,-0.56160796,-0.80846983,0.0041682967,angry
-425.39676,45.910717,-28.6863,-5.939496,-11.00302,-11.918348,-21.17058,1.2520862,-10.718546,-10.203408,-1.4454268,-2.0023556,-5.6153135,3.4740229,-1.0047519,-0.16860507,3.5440936,2.2191703,-0.7110492,2.233789,-1.0698227,0.22924462,-0.59818107,-0.19921719,0.26898482,-1.1426914,-2.1920588,-0.61699325,-1.5272626,0.09459443,-1.9641502,0.7135884,0.434336,-1.8587599,-0.75780654,0.7470736,0.2934099,-1.0181359,-1.5786731,-0.93815637,angry
-460.09604,33.511307,-35.925156,-5.2070203,-11.231726,-6.6704164,-18.947876,-1.9392283,-10.722459,-14.385493,-0.63951707,-3.1150985,-4.969375,7.506964,6.6463113,8.986346,8.750551,2.3248847,-5.3063183,-4.1629624,-3.3610299,0.08052096,-0.8645881,-3.0667512,-2.7379649,-3.5953333,-0.027776694,5.705472,1.8562744,0.06686737,-2.6542497,0.8099079,0.64619434,-3.1352596,-3.3991103,-1.2530366,0.59765404,0.3485702,-0.6842555,-1.3782492,fearful
-740.00055,59.858368,4.734866,19.313068,3.3547728,4.5176983,-10.249933,1.7970558,-11.411062,-1.5849621,-4.5000095,-4.4267273,-2.2304614,-2.1671293,-3.7909315,-0.6309718,-2.2062929,0.45948204,-2.3044555,-2.1249244,-2.5813627,0.68665975,-3.3634238,0.7476033,-0.5647237,0.80693763,-0.5550486,2.2609391,-0.53414786,-0.59936726,-0.84963566,1.0143055,-0.47968978,1.2446859,-0.22741856,0.5274757,0.55278105,0.7056383,2.227143,2.1577353,sad
-679.64386,52.956005,-0.861786,5.048058,-6.740587,0.6533613,-14.481857,-0.4312023,-14.223879,-4.3995085,-4.5494556,-5.937573,-3.5054147,-0.38091558,-5.2601027,-3.7653358,-0.6042707,-2.741236,-4.389614,-3.9511526,-3.555585,-1.4020743,-3.716547,-1.2590414,-4.213643,-1.1402406,-3.5366538,-2.8553767,-1.0949553,0.012788834,-3.0653481,-0.01211521,-1.5182207,2.15411,2.1754088,3.4875174,4.189236,1.9208791,2.5562546,1.2370924,disgust
-609.594,46.783237,-4.530296,3.7974072,-7.822949,-3.1807446,-16.811096,-0.14161302,-20.392073,-8.243179,-4.4883456,-6.671552,-6.6578083,-2.1751518,-5.348696,-6.4799857,-2.5545554,-4.1547346,-7.299172,-4.2463226,-5.5100474,-4.286509,-7.6880274,-3.1622376,-5.0362186,0.32532036,-1.3427631,2.369521,0.6880806,2.5655093,1.4605631,3.18351,3.4787652,2.4012792,3.885064,2.205135,1.9890585,0.361847,0.12356845,0.57491934,disgust
-643.95154,50.93908,-7.256976,6.9210095,-3.4186492,-3.51572,-13.030897,-2.4486933,-15.380572,-7.3554597,-3.884852,-5.632603,-5.6736293,-3.3446453,-2.9093952,-5.706432,-3.5215948,-2.4998815,-4.520185,-3.2974927,-4.573388,-0.971386,-3.9836903,-0.7911587,-0.12075903,1.0389193,1.703525,3.524058,3.4708152,3.8559499,4.868842,4.4600124,2.9524086,2.4781072,-0.07741012,0.20546125,0.19054715,0.45969892,1.088686,0.27295205,sad
-665.8939,53.69266,-1.8158028,3.3846314,-6.885157,-1.1638925,-13.577339,5.1397104,-9.302531,-4.418585,-5.960267,-2.2079918,-5.4512205,-4.9369965,-6.216043,-0.69229984,-1.1237664,-1.8172542,-2.9423418,0.7641165,-0.12373037,1.459492,-1.1287,-0.23472734,-1.5223838,1.0613018,-1.2224131,1.5755888,0.35813934,0.7713821,-1.7567416,0.5274342,0.16204312,0.46185097,-1.0510762,-0.7632971,-0.571578,0.7491115,-0.3775725,1.9782522,surprised
-692.70294,41.62962,-2.3324795,6.8566804,-2.8768184,0.1972056,-12.430206,-0.007364976,-13.692943,-2.2932494,-3.8554642,-5.7048464,-4.8047857,-3.842432,-4.406726,-2.493392,-3.690853,-2.97499,-3.3782165,-2.5681314,-1.9205002,-1.2469832,-1.9063793,1.5980042,-0.08427783,0.6403275,-1.3752337,1.73635,-0.044321865,-1.232962,-1.3886395,0.33447018,-0.95862275,-0.030182797,-0.3057967,-1.662463,-0.4325186,-0.24957432,-0.017319385,0.38027102,surprised
-621.2703,45.31814,-9.525033,7.8127584,-5.353624,-2.3450818,-12.254923,2.1518393,-10.855036,-3.124931,-3.1416044,-6.1917644,-4.744223,-5.214206,-5.336659,-2.721981,-1.362353,-1.0001293,-0.8609088,-0.14528985,-1.3073475,0.19917315,-1.80662,2.067844,0.47956052,2.6450462,0.41789043,1.7659829,-0.86823267,-1.2966543,-1.7044425,0.6642712,-0.264299,-0.25419453,-1.310376,0.16222413,2.3636768,1.2401026,-0.47782093,-0.37711412,angry
-700.0156,54.19821,-8.732887,14.826685,-3.7054548,4.1359067,-9.573526,3.9449723,-12.830865,-1.5893672,-1.7431927,-3.177257,-3.8016117,-3.7482977,-3.721837,-0.20762251,-3.796611,-1.3368391,-4.3820043,-3.62512,-2.3746657,-1.7825574,-4.3977523,-0.38303742,-3.0122252,-0.20353799,-0.8952452,2.647424,1.9947823,1.6654335,0.18496649,2.6552782,-0.13720484,1.9957137,0.77918947,0.4330641,-1.0100883,0.8851525,0.98635334,0.2548328,fearful
-504.58667,34.55746,-31.639627,-4.742599,-11.167627,-6.3770566,-21.719921,-4.526497,-13.256851,-14.909797,-0.58302206,-3.2818072,-10.479442,-2.5597923,0.021336654,2.561778,7.145606,8.24645,4.40646,3.9381013,2.4801962,-0.05291411,-1.7500144,0.11164116,1.2754793,0.4143218,-3.1642437,0.27957344,-0.75701684,-0.7359106,-2.3925848,-0.588779,0.029892845,-0.5352643,-1.1222075,-0.32593936,-1.3195505,-0.2099571,1.1092222,-1.2187313,fearful
-407.61267,36.383263,-26.083984,-10.011393,-14.937064,-10.919665,-20.391617,1.4986298,-11.693726,-12.170898,-0.252421,-3.5097537,-1.6784693,3.9680219,-0.72926843,-0.18071918,1.9171076,-0.4365089,-2.3924344,3.8905902,0.77302694,2.4667373,0.12727933,-0.46587542,1.4083264,0.50326014,-0.5666648,1.098329,-0.8244514,-0.7634559,-2.837755,0.31106457,0.7604876,-0.98642534,-1.639085,0.099250056,1.7188802,0.9714554,-0.42217183,-1.7866228,angry
-682.0326,42.182083,1.4682144,13.034567,-8.128888,5.976802,-10.374997,2.9763258,-11.283821,-1.3909936,-5.1539392,-5.692413,-3.509358,-2.0225408,-4.066097,-3.5025792,-4.50288,-3.3890162,-4.848287,-3.5019329,-3.8110156,-1.3585161,-6.1614223,-2.2639356,-5.137666,-1.6440145,-4.0152082,-0.21225785,-1.0522758,1.1984919,-0.48680568,1.1446676,0.0019862074,1.430191,-0.40494257,1.4619554,0.6093565,1.0781618,0.67853445,1.2517782,disgust
-702.1876,53.13882,4.2449684,18.424067,-1.137204,5.611201,-9.737691,2.627494,-13.522017,-1.7688137,-2.0758326,-5.1786604,-1.9135993,-3.209498,-2.790062,-1.6874367,-1.893774,-2.7498875,-2.326509,-1.8556769,-2.8524654,0.427311,-4.5928617,0.6948537,-3.3746598,-0.9871516,-2.2379673,1.2251135,2.303896,1.663991,1.356966,3.3768756,1.381896,1.6506412,1.9872029,0.39957914,1.6421201,1.5855496,2.9960628,3.5175185,sad
-699.65625,58.715607,-9.147858,10.71853,-1.0751358,0.9471879,-10.783718,-0.935175,-11.653315,-5.556725,-2.4211805,-1.5437603,-3.5009356,-2.40469,-2.1088314,-3.252038,-1.3696297,0.607437,-4.8629947,-3.5907679,-1.492976,0.109560505,-2.173378,-0.45383328,1.2057521,1.1764175,-0.05356463,2.3748512,0.9025256,0.9984422,0.8267064,0.767636,0.077093594,0.7961907,-0.051790938,-0.254526,1.1226243,0.86596847,1.9340984,1.9947546,sad
-546.69196,52.186043,-18.85182,7.9337087,-5.475399,-7.516504,-19.257215,-2.576894,-18.692198,-10.853339,-3.9427247,-2.3127534,-4.3128786,-1.4957069,-2.1300194,-5.2501545,-2.621569,-2.8564591,-6.3082004,-5.0991583,-4.4435377,-1.1140405,-4.888178,-2.2006156,-0.58684105,-1.439331,-1.7203035,1.5224231,-1.2597978,0.84350026,-0.39562955,-0.74029255,0.30975878,2.3390489,2.902145,4.316345,3.5786166,3.080675,1.9743407,0.77871275,disgust
-492.63434,44.09988,-32.15527,-2.199272,-6.580583,-5.3015323,-20.511211,-0.94370437,-10.7751,-11.935283,0.96287984,-7.489643,-9.016652,0.35915712,-4.261421,-5.023678,1.2107841,2.6995842,0.37003928,6.2937984,6.579923,5.830498,4.066655,4.128896,4.0396023,2.0859807,-0.67538154,1.9923441,-1.3735757,0.5866782,-0.7227095,0.45505735,-0.9049314,-0.07988381,-0.17495295,1.1322032,0.7471099,-0.72048026,-0.6806157,-0.77486235,happy
-625.8718,39.718826,-8.870752,4.1161304,-4.180976,1.8583627,-16.037657,-1.1596192,-12.393284,-7.520564,-3.7112525,-7.036234,-7.9700327,-3.0480952,-6.542349,-4.9948807,-5.6143913,-5.494596,-8.26871,-3.3537045,-2.731472,0.36282322,-1.7884767,4.315626,3.7668195,3.4168825,2.170647,3.9555895,1.2514927,0.80652213,-1.5647509,1.2901796,-0.5555077,-0.061525255,-1.2592828,-0.44623008,-1.5440332,-1.2878338,-1.787682,0.0645795,happy
-800.91986,50.396084,6.9607778,13.710006,-5.116372,4.6018615,-7.781662,3.2723086,-11.155942,-1.7970512,-3.456107,-1.9591892,-1.1315457,-3.742565,-3.461023,-2.8063025,-2.1803377,-3.346157,-4.165286,-2.117759,-2.4673252,-3.8673003,-4.6288514,-1.3087457,-4.6809297,-2.3167787,-1.9737533,0.17532732,1.069892,1.8856615,1.7544276,2.9284563,0.59254336,-0.76671207,-2.0058491,-1.933209,-0.710783,-0.793428,0.70686173,-1.2045373,calm
-777.7557,53.671146,5.614629,14.474956,1.1254702,3.6678805,-8.997253,4.4174824,-9.755705,-0.09157321,-1.8970698,-1.3845673,-0.769122,-4.0346713,-3.4774299,-1.5602509,-1.247166,-1.9255188,-2.0035088,-1.9615175,-0.92598057,-2.3789866,-3.5427527,0.015910445,-2.4291773,0.26946622,-2.687633,0.40669852,0.019115703,-0.4875595,-1.8602985,0.4751277,-1.5425967,-0.5681006,-0.21659417,0.06530996,0.48236835,0.7777548,1.1211708,1.9114352,neutral
-741.97723,51.872158,1.3553998,11.463151,-2.5505357,1.9403538,-13.237915,-0.38334855,-10.526979,-3.5549166,-3.6411884,-6.252504,-2.375358,-5.860387,-5.1158204,-3.894746,-2.8563185,-3.5761633,-5.247037,-2.7676375,-0.31502867,-2.2395961,-1.959168,2.2551622,-0.73802215,-1.0378624,-2.5835972,-1.8066434,-2.1294978,-3.1839767,-3.4675071,-2.0988116,-3.012179,-2.3982332,-2.349921,-3.6057055,-3.2429137,-3.130993,-0.6552231,0.92200774,calm
-575.3014,61.17315,-11.60694,10.126659,-8.310212,2.0718918,-2.7033906,-4.8821363,-10.221014,-3.0330644,-6.500692,-4.587464,-0.076544225,-3.710365,-6.035753,0.2788292,-3.7638848,-5.2443714,-1.7557435,-2.5171225,-6.6880226,-1.2847759,0.29705015,-3.7935596,-4.687174,-2.1493645,-2.5407524,-1.8339895,-2.4423656,-1.990105,-0.91830045,0.8250513,0.41269428,1.507699,3.906636,4.192598,4.5771914,5.014558,2.963512,2.1643221,happy
-700.17847,78.88419,-1.3514948,9.293473,3.723179,12.917513,-0.24822998,-0.7911818,-2.0443594,-4.0487075,-5.058275,-0.28085428,3.9386876,-2.6873538,-1.7535889,5.4058905,-1.7955695,-4.9408417,1.2325412,-0.3584107,-4.815544,-0.6533557,2.7632942,-2.0470765,-2.7673078,0.18597661,-1.3412735,-0.835711,-0.6034065,0.5974917,-0.23090503,-1.3272301,1.6976544,0.25279516,-1.4366068,0.99124134,0.55447733,-0.57652104,-1.5301617,-0.5221302,happy
-770.6481,83.21256,8.639112,15.078211,6.1445208,16.419651,1.7734706,3.0853937,-1.9196173,-3.962749,-2.1386962,1.9791361,3.8945544,-0.43900794,-0.26716578,4.7240696,-0.043344945,-2.396745,1.288607,-0.13904487,-2.015102,-1.0201263,1.9084688,-0.3726387,-1.9300165,-0.1878629,-1.2967364,-0.8860002,-0.8495326,0.028055947,-0.1940679,-0.5006039,0.7023003,-0.6081149,-0.59387636,0.9886019,-0.19982305,0.6023456,-0.96787614,-1.4805464,calm
-735.38324,72.62127,-1.1814306,11.689086,4.253532,10.88235,0.44630852,1.061094,-2.545386,-3.8680258,-4.9072804,1.5997666,3.6446865,-2.5056381,-1.0760424,5.054444,-1.2862525,-3.2107835,3.7762253,-1.564111,-3.6991575,0.49576622,2.7983208,-1.2461241,-2.5106945,0.56840324,-1.39772,-0.2728767,-1.4301994,-0.5817181,-0.6794394,-0.2660149,0.6272342,-0.071393676,0.90927756,-0.35038808,-0.8441366,-0.034378596,-1.3937173,-0.6393517,neutral
-752.08795,78.91528,13.15616,18.344519,5.462016,15.542674,1.9799582,4.832135,-0.5287151,-4.004568,-0.98511195,1.6448697,2.6409883,-2.3682337,-0.39494592,6.664194,0.7617221,-2.36345,4.094901,-0.036127847,-2.3006597,0.0957459,2.332194,-0.2599929,-0.9706787,0.6091005,-0.9668543,1.3941294,-0.98905134,0.20612405,0.29536346,0.015323936,0.70337605,-0.83943933,1.0122182,1.4470922,0.0098014185,0.26263878,-0.8918066,-0.5560771,calm
-606.3505,63.985786,0.5908769,11.471451,-2.9363256,10.050479,-1.5360199,-0.5114015,-7.2966514,-1.3137808,-5.5626545,-0.49796858,-0.5553744,-3.2429848,-3.1543036,2.9155774,-3.8338137,-3.4364989,1.7808058,-1.8160919,-4.920833,-0.40368995,1.5449977,-1.3186753,-1.7242475,-0.96594197,-2.4408164,-0.22860554,-1.0802412,-1.6572005,-0.41268632,0.058768325,-1.6894866,-0.75646496,-0.25861955,-0.43573314,-1.8320256,-0.45624793,-1.0186071,-0.410262,surprised
-639.1232,70.2596,-1.3261745,9.224055,-3.8641267,5.9078894,-3.1789162,-1.9167271,-9.713315,-2.5806177,-4.2714987,-2.4569116,0.04747324,-3.0303152,-2.7991886,0.9875137,-4.399782,-3.2259674,0.5692973,-2.4056892,-4.471007,-1.051308,0.7287031,-0.38150555,-0.93056804,-0.46314487,-3.1273344,-0.745838,-1.3307915,-1.7343404,-0.120373055,1.6993719,-1.0092022,-0.17694473,0.68535423,0.6071069,0.2029365,1.8854945,0.65182316,1.6730855,surprised
-603.27124,68.39223,-4.1049185,10.763319,3.5729406,9.676021,-4.098875,-0.94583076,-2.6815264,-5.095329,-10.768066,-1.3166014,0.7047929,-5.637141,-1.6802018,4.641952,-2.2778444,-2.1951392,1.205735,-2.7443523,-3.943591,-1.5716062,-0.41469914,-2.265928,-2.0397708,-1.1465906,-2.0937388,0.28662467,-1.1345352,-2.2836373,-1.2904176,-0.44234756,-1.3270754,-1.8015953,-0.82864714,-0.6548848,-1.5433147,-0.022713564,-1.510311,-1.3011196,angry
-663.2447,70.70001,4.6999946,15.1073,3.3509088,12.1759205,-0.19166546,1.5409609,-2.3881555,0.9480545,-4.529077,2.6210046,4.2626824,-0.70639116,0.49472457,5.835231,-0.18030258,-1.549679,1.9217184,-1.3663647,-2.5946996,1.099639,2.184716,0.08045465,-2.364914,0.041026067,-0.22850604,-0.23315847,-0.71874,-1.062207,-0.53858757,1.073737,-0.24943157,0.59335,0.11028812,0.43181428,0.2024477,-0.39073282,-1.1368078,0.1356926,fearful
-519.4723,47.38946,-7.656304,8.520169,-4.010078,4.595386,-6.9368114,-4.25197,-7.740159,0.69180936,-5.232281,-3.9782743,-2.3569007,-1.6292409,-6.32212,0.4480237,-2.7008998,-2.6532047,-1.8167882,0.38853946,-1.4595938,0.59531325,2.6598876,2.2672276,0.85775626,2.9063165,1.6192498,4.668857,2.8892093,1.644564,3.5982058,4.4857073,1.8728349,2.815839,2.4181478,2.232419,0.8137819,1.6213855,1.6308184,2.1231852,fearful
-380.15543,38.70965,-17.30552,5.56149,-8.182483,-2.1282651,-6.9008083,-4.99253,-6.5536346,-2.8991103,-6.890148,-3.1873758,-0.9779763,-1.6262212,-6.5387597,0.48860505,-2.9071455,-5.250378,-3.9688523,-3.4778175,-6.2936606,-3.7547972,0.3381483,1.947714,4.986727,8.838883,7.5298743,6.9861937,2.5977237,1.7619604,2.7670045,3.4859219,1.28098,3.10637,1.0044571,0.7337246,0.4873264,2.3905673,2.3501196,1.175026,angry
-761.21124,81.408676,6.931586,13.737688,7.4487157,13.584228,-1.0575317,4.5994,-1.3511951,-1.927209,-0.83550334,1.7631451,2.3660145,-1.1287402,2.2990212,5.6495104,-0.8930948,-0.43023816,3.5163202,-1.6569146,-1.7299819,0.8446164,1.665653,-0.8169507,0.044933785,-1.1354388,-2.6634758,0.082703985,-0.91366816,-0.07195771,-0.8403036,0.71702206,0.5195208,-1.1410593,0.18968467,0.44907925,-0.64884263,0.45375532,-1.0287552,-0.0069133695,disgust
-759.3959,86.951866,13.116575,19.226503,5.129732,16.907377,1.2714875,1.5714417,-6.140475,-1.61464,0.038569532,0.5270178,2.2385457,-1.3852029,-2.9858181,5.871692,0.90566015,-0.39190808,2.2826986,-1.2514791,-2.4667125,-0.55382603,1.7096432,-0.63150847,-1.9683882,0.023559295,-2.1872401,-1.2682257,-1.4142891,-0.7208739,-0.8865668,0.7114108,0.1534695,-0.7419667,0.61782384,0.1543905,-0.32320106,0.7797894,-1.3378639,-0.36305442,sad
-756.87146,74.832565,17.293522,23.745298,8.652235,18.880537,1.4567177,6.510304,-1.4267957,2.0040367,-0.055397414,0.32810685,1.5687253,1.3586651,-1.4997548,4.7068796,-0.40828627,-0.3581689,2.2666976,-1.8858165,-2.2230046,0.29922614,1.4126296,0.46676868,-3.2641284,-1.1931316,-2.4379835,-1.0882605,-2.0236623,-0.9290407,-0.7134085,-0.955894,-1.3439927,-0.32577506,0.2640472,0.4135111,-0.07278381,1.517689,-0.12361738,-0.42208564,sad
-738.7881,74.97325,17.217335,15.897275,2.7305024,12.6050205,-2.3651483,7.1172547,-3.6039262,1.0636983,-2.626852,1.0843676,0.81691015,0.6001689,0.6813598,5.9630537,-1.3148048,0.6822794,2.1667113,-0.8988899,-0.8391882,1.014466,2.0691135,-0.82489717,-1.2395613,-0.5575389,-2.3335934,-0.17503667,-0.6307752,-0.8882834,-1.0496718,0.9458674,-0.57328403,-1.105208,0.04295988,0.35690483,-1.5572178,0.5739482,-0.52207226,0.67720705,disgust
-658.2409,64.98203,5.770968,12.6938925,2.819152,12.724113,0.7228221,1.1001557,-5.031783,1.1176885,-1.6570041,-0.1396155,1.0730507,-0.29059035,-1.0371393,2.8500645,-1.0411962,-1.8456503,0.855896,-1.0153139,-1.5748656,-0.22360112,1.9372238,0.97712135,0.35768178,1.6905581,-0.08283691,1.2023138,-1.4615226,-0.44444403,0.8768344,0.5163132,0.75042087,1.8541096,1.0717432,1.1073669,0.34367785,1.2335826,0.52994716,0.30458462,surprised
-711.252,65.0442,-3.0459232,13.515722,-1.6865683,5.7945175,-1.4253923,-0.65719914,-5.25764,-3.9518485,-2.2631273,-4.269534,1.5135167,-2.9203887,-2.2990692,1.2658515,-1.5446376,-1.1417639,-0.6971691,-2.8480945,-4.238757,-1.2996386,0.61393076,0.5289551,-0.73416597,1.2007703,-0.16218324,-1.0325142,-0.7604672,-1.591203,-0.8710204,0.4639038,-1.4609811,-0.36509112,0.06707654,-0.45855242,0.92975324,2.260618,3.7029314,4.5703125,surprised
-710.88824,69.339165,6.155699,13.708727,3.6817615,12.686828,-0.6591798,-0.51510775,-3.6914968,1.6447071,-3.15601,1.1874634,1.2845808,-1.7274557,-3.2057664,3.9725006,-0.16568345,-0.4906638,2.2511942,-0.8830164,-1.696838,-0.3971988,2.4060848,1.1128252,-2.552895,0.17287207,-0.7286639,0.011443523,-1.7495891,-0.55989414,-0.32077128,0.0978361,0.21599382,0.22660792,-1.1410543,-0.38502577,-0.16493422,0.20280372,-0.8743262,-0.91978943,fearful
-607.1767,69.64046,-5.5676093,10.788411,1.2558448,7.298412,-5.241711,0.31707487,-3.4492023,-3.6468236,-6.937588,-1.0331411,0.44517526,-4.0694075,-1.2368563,3.9889798,-2.596161,-2.0268664,3.042523,-2.503589,-3.8087564,-0.89631224,0.36351144,-1.4397228,-1.9467635,0.114357226,-2.1572855,0.41874528,-1.2266219,-2.31871,-0.5339984,-1.2746328,-1.2727965,-0.73695594,-0.55277914,0.4348386,-1.3307852,-0.32937455,-1.0995213,-1.0567119,angry
-357.3585,37.06396,-26.635603,6.2919326,-19.237793,-7.0992007,-9.533578,-5.3499146,-10.131099,-2.7288992,-8.067003,-4.6380243,-1.6250931,-1.6477772,-8.371419,-2.8850482,-7.3438334,-7.035926,-8.308781,-6.3995895,-2.2252557,3.9984953,7.7251573,8.309563,9.086152,7.2907815,2.0801024,2.740199,0.06726602,0.8128809,2.4554615,1.8585062,-1.0201092,1.0105488,-0.4507473,1.6931305,0.30905923,-1.262053,-2.2894707,-0.5692843,angry
-521.5936,51.229965,-4.092645,9.03071,-5.701173,4.0974116,-6.890765,-4.1422772,-5.661804,-1.796425,-7.949201,-3.2377095,-1.3457791,-3.296763,-6.468934,1.236375,-3.7054381,-5.6712775,-2.6312206,-1.5437973,-5.05817,-2.0602705,-0.4983194,-2.992309,-3.7571414,-1.8567861,-2.7866666,-1.7883664,-2.6563628,-0.5731688,1.1794964,2.3026981,1.3346218,3.031059,3.508226,2.1929471,1.2968702,2.1159587,1.015028,2.2214007,fearful
-750.39105,80.87668,14.441536,15.772464,5.003344,15.426698,0.74602914,2.757376,-4.042686,-0.61874855,0.13711642,-0.07132671,1.7220999,-0.46526816,-0.79549706,3.943419,-0.7623099,-0.48610133,3.0327995,-1.8766838,-1.9714094,-0.223627,1.4226838,0.14881335,-1.1591599,-0.71223325,-2.4825714,0.119956546,-1.6966232,-1.101329,0.4600951,0.17088063,-0.58602256,-0.017845508,0.98552656,0.36259642,0.074550144,-0.019080289,-0.042004045,0.02929352,sad
-741.175,74.186714,8.91033,16.318424,2.4323585,10.946048,-2.7010202,2.0499718,-4.486706,0.48973408,-1.8280804,-0.39348418,2.2872663,-0.3058328,-0.17438287,4.3157406,-2.3950036,-0.37487593,1.4712051,-1.9548037,-2.493344,0.6763541,1.670406,-0.043084294,-2.1363387,-0.9022638,-1.9061095,-0.27357584,-2.207969,-0.6032525,-0.10619299,0.7687761,-0.3544619,-1.3952413,-0.4815999,-0.6550468,-0.784437,-0.03085898,-1.505455,0.13109602,disgust
-654.8556,79.63393,6.2885857,13.829747,4.540806,10.025559,-3.636409,2.1551397,-6.6590767,-2.1361442,-3.1777709,0.18994983,1.0370355,-1.6207577,-0.4647493,4.3340874,-3.393787,-2.2774353,2.4496408,-1.870709,-1.5466831,0.9606704,0.660659,-0.9016852,-0.41890112,-1.1913502,-3.2832558,1.3849046,-0.61266965,-2.1284628,1.3208342,0.9981891,0.039816365,-0.42074698,0.49848568,1.1590449,-0.054221712,0.68411356,0.7456528,1.3448882,disgust
-700.75476,84.1646,4.55056,13.064027,6.9362717,13.315514,-1.3873935,0.029490802,-5.8086495,-1.8513116,-2.3814392,-1.3781347,1.6678311,-2.0972013,-1.0760045,5.482288,-0.676245,-1.973632,5.048796,-0.45694575,-3.335202,-0.66886854,2.2409706,0.21675086,-0.7177716,0.7682498,-1.5632995,0.12260381,-1.6786383,-0.625856,1.7724153,-0.68721396,-0.84970796,-0.13503653,0.24690332,-0.12996727,0.04642404,0.65123826,-0.012448222,-1.7927338,sad
-621.5084,75.61799,-5.3251176,7.1101565,6.2858176,12.78642,-0.62462056,-3.3136277,-5.6311817,-1.916511,-5.7834215,0.5065892,3.0017104,-4.375294,-3.961939,6.1125336,-3.0215182,-3.0350676,2.007037,0.8569722,-5.072543,-1.2321652,2.0628917,-1.1770471,-3.032769,0.4694195,-0.2717733,-1.255144,-2.609801,0.5033113,0.138598,0.20790672,0.57480925,-0.18200183,-0.9619783,0.35132998,0.34733415,0.7651266,-1.5975313,-0.61462575,happy
-693.6512,71.460754,-1.6341283,12.33967,2.6985552,9.690232,1.4746872,-0.36759415,-3.9417264,-4.491203,-5.0335474,-0.92661124,3.4871264,-3.4926915,0.3036547,4.6408987,-3.0827239,-2.4686053,2.1812572,-2.5721233,-4.4819193,1.2447758,0.75863326,-2.476726,-0.6178554,0.6424009,-1.8769503,-1.2040844,-0.072148584,-0.30102342,-1.2004476,0.013254974,-0.14810742,-1.918308,-0.63038784,-0.06571239,-0.76942956,-0.6126089,-1.4724698,-0.25600702,happy
-750.76086,78.874565,4.1671224,10.915863,6.2486687,11.752572,-0.6174997,3.0485198,0.32483953,-5.944829,-2.9517374,0.9763065,2.4329383,-1.7725859,1.6670488,4.3450193,-0.9359702,-1.6560334,2.759085,-0.5545539,-3.1118858,-0.59296334,1.708515,0.23649865,-1.6856083,-0.3191135,-0.64514303,-0.5207307,-2.1374202,-0.89893115,-0.07718514,-0.53057295,0.08193413,-1.3283823,-0.77532643,0.35408294,0.095503315,-0.29933074,-0.8699818,-0.58074826,calm
-760.3465,86.168915,7.410422,12.323776,6.1228304,14.394656,0.45108432,3.6656313,-1.816969,-1.5772231,-1.5607998,-1.276618,1.7647879,-4.0627637,0.83018774,7.316027,0.18504529,-2.8915858,1.9084219,0.53334635,-3.2879667,-1.135008,2.3683918,-1.1217728,-0.92817557,0.7216539,-1.9505347,0.61193013,-0.3486363,-1.0129483,-0.14585288,0.5833123,0.16571933,-0.7700039,0.4589391,0.15798712,-0.53998,-0.02384877,-1.076397,-0.7830606,calm
-752.0955,74.34215,7.89519,9.511388,5.6483274,12.030303,-0.7333287,1.5818405,-1.0220779,-2.0227282,-2.5054338,-0.13211884,2.646599,-1.2583632,0.02631757,4.4603906,-0.4851259,-1.8114316,1.8126372,-0.6645807,-2.5162392,-1.1970953,1.6759154,0.5310566,-1.0261176,-0.4076261,-0.8462336,-0.387303,-1.8430724,-0.86347693,-0.715255,-0.2106776,0.66162705,-0.6815939,0.85921085,-0.3779162,-0.5029152,0.51036656,-2.0043666,-0.6782264,neutral
-713.73895,68.78501,-0.5483252,10.700444,-4.327046,7.450561,0.0946437,-0.5640437,-4.1903534,-2.5474668,-4.7426543,-3.0885785,3.6785553,-2.2361205,-3.5423656,1.333606,-3.1486464,-2.2110827,-1.1195035,-2.4475105,-3.3718104,-3.1290333,-0.13334894,0.16892922,-4.2453637,-0.82521933,-0.19024058,-0.17570284,0.960924,1.0623906,2.3127286,3.2199297,0.88548255,0.6992361,0.67330956,-0.23643103,0.30254805,1.1038746,0.6912437,1.8082523,surprised
-596.48987,60.75254,1.0968419,10.348159,-2.365429,7.9867454,-2.0271907,-0.11649032,-6.6546907,-1.4068563,-6.252535,-1.3481717,-2.1250374,-3.2864435,-3.7905183,0.103217684,-4.598487,-2.9327576,0.09451218,-3.217873,-3.1904223,-0.12479695,0.53267455,-0.71564525,-2.8848941,-2.208517,-2.8371542,-0.23134913,-1.2847368,-1.624989,-0.047833018,-0.57479,-2.0642054,1.2114944,-0.85471106,-0.5228116,-0.3208048,-0.83616173,-1.4992878,-0.5105324,surprised
-688.77496,77.54946,9.69202,11.790917,3.4784815,9.3657,-2.9332025,2.4418433,-4.0233874,-0.5334516,-3.628405,-1.2990302,3.1380672,-1.1094869,-1.1930125,5.088038,-1.8689917,-0.42047304,1.4653139,-2.216451,-1.206864,-1.5523741,1.9261304,-0.6018388,-1.1323235,-0.97344327,-1.0335608,-0.4803113,-2.3112755,-0.3362161,-0.82226807,-0.32169765,0.19154042,-0.60517764,0.37418047,-0.19784768,-0.81727606,0.47241306,-0.42220777,-0.43879005,disgust
-714.13586,75.87796,16.055277,15.854089,2.0022962,13.926706,-0.5035014,3.19211,-3.3214443,-0.5808214,-2.105964,-1.4665114,2.7013857,0.21452619,-0.6116508,5.9870195,0.34670043,-1.1204602,3.030082,-1.6118348,-2.0504456,-0.021831643,1.4611344,0.1361323,-2.8449867,-0.8116392,-1.4329573,0.016078228,-1.5026174,-0.73281413,0.62109745,-0.3810056,-0.90352476,0.244612,0.4809321,0.023543177,-0.07864786,0.24804312,-0.17436025,-0.87547565,sad
-749.798,85.68237,18.154587,20.902193,6.0137353,16.219364,1.4390076,5.1146383,-2.0210915,-0.49855775,0.5720596,1.3450214,3.3552494,0.92868745,-0.8219218,4.5713367,0.4777245,0.082833454,4.391135,-0.38200876,-2.0263126,0.18948963,1.1051457,0.43910846,-1.1640196,-0.33998805,-2.3731184,-0.3129343,-1.0341889,-0.9904523,-0.5400726,0.29881537,0.10488113,-0.535528,0.39259043,0.097107776,-0.55602974,0.055973385,-0.3364231,-0.29508764,sad
-767.14746,81.46546,6.0445333,15.021845,6.677931,11.25488,-2.5584223,5.570777,-2.9318416,-0.74988323,-0.7130762,2.4793055,3.0517542,-0.30055392,1.7062845,5.3546515,-0.935153,-0.11025827,3.9832637,-2.0827339,-1.7594371,0.5926229,0.7157363,-0.45130438,0.20945376,-2.0827353,-2.9139194,0.9569326,-0.79375184,-1.1256529,-0.014834845,-0.056932002,-0.53708285,-1.3076389,0.6091407,0.18357271,-0.824655,0.5087718,-0.6614909,0.34100258,disgust
-447.40405,54.817165,-7.3139224,11.059675,-0.6353917,6.5858607,-7.9865003,-2.8920114,-1.621812,-0.093159966,-6.2682624,0.060567345,0.40524063,-2.3277056,-4.4184413,3.1562338,-1.5294714,-3.247933,-0.04026241,-1.4193342,-4.5205064,-2.7860086,-0.020509163,-1.814876,-2.8758855,0.93741745,0.12047579,1.0722301,0.2079168,2.2225695,2.638818,2.7201333,1.3636044,2.279571,1.6423819,1.5882715,2.257848,4.223154,2.4497893,2.5549226,angry
-699.7569,65.033104,5.2869377,17.045431,1.4565867,11.822034,-1.4694476,1.7561682,-3.2554002,2.214458,-3.1294124,0.34866807,1.2783469,-0.48020124,-3.1323736,3.435225,0.68199956,0.094255425,0.60164326,-0.84673995,-1.1229886,-0.11961162,0.82639456,0.65237087,-1.7382221,0.4507545,-1.0003057,0.03170453,-1.1615962,-1.1017118,-0.25388134,0.6873505,-0.8157679,-0.46778813,-0.32982525,-0.121979475,-0.5109064,0.42176062,-0.43934748,0.08950226,fearful
-657.45557,62.585724,4.2900333,14.0428095,2.3288658,12.417357,-1.7207268,0.61214644,-3.360545,0.59648955,-4.65357,-0.044783987,1.7535493,-2.5070503,-1.5082784,4.615429,-1.5896757,-2.2878885,0.7874199,-2.7125802,-2.8502176,-0.53665954,1.1461694,0.27769935,-2.6744976,0.22459163,-1.5292975,-0.25725436,-1.3166943,-0.97556585,-0.7133564,0.027527869,-0.46274322,-0.89659506,-0.5024343,-0.0673669,-0.2027005,-0.7163347,-2.1747334,-1.2496893,fearful
-588.8746,64.0935,-6.401286,9.289889,2.385391,6.9573,-5.106928,-1.7820326,-5.0046024,-6.4533944,-10.386215,-2.8425949,0.07917641,-5.9396086,-2.6251066,3.0718575,-2.707056,-3.3910391,1.3027503,-2.9083943,-5.189627,-1.510496,-0.17534555,-1.9990246,-2.417301,-0.6593665,-2.770767,-0.7117776,-2.4370215,-3.9111514,-1.4248157,-1.3855314,-2.8750374,-2.8334146,-1.551744,-1.643631,-2.9129822,-0.6924946,-1.9343289,-1.664917,angry
-759.9447,78.95212,7.1195893,17.171106,4.700553,13.386535,0.359304,3.7373445,-1.5954285,-5.837335,-1.4178733,1.2840661,1.8976715,-1.0403131,0.19497383,6.5212717,0.8666069,-3.6401162,4.4871345,1.4079704,-3.2822556,0.4453725,3.204236,-0.8799595,-2.120944,-0.16586103,-1.4119362,0.94532645,-1.1396219,-0.64962286,0.0041035777,0.08577455,0.50200385,-0.93135923,0.7699292,1.2727345,0.44698355,0.21920271,-0.987197,-0.13585712,calm
-746.4887,71.78011,5.5644608,10.422284,4.2007465,12.986828,1.4725289,1.646214,-3.1401422,-4.0793667,-2.3384333,0.9254925,3.735377,-0.88520664,-0.6838956,5.372139,0.13335827,-2.0842352,4.0405836,-0.4888951,-3.032873,0.12849134,2.7892761,0.6424706,-2.3661418,0.025498072,-0.7449093,-0.5672504,-1.2955111,-0.29467592,-0.7090497,0.030223833,0.64387584,-0.23384102,0.28703874,-0.33341587,-0.12281206,-0.0286399,-1.5038236,-0.19388469,neutral
-742.7421,83.3902,6.9014773,9.37911,4.036463,14.052818,2.2575104,1.9008485,-0.39025566,-4.2757273,-3.1351135,-0.6040736,3.8877325,-1.0354333,-0.42871845,4.642037,-1.0774041,-2.8583906,2.2097638,-0.7793286,-2.83787,-1.718374,0.09177254,0.2349675,-2.2081594,-1.0225619,-0.65495133,-1.662852,-2.154715,-0.41355774,0.78715366,-0.8906762,-0.29276687,-1.0331386,-0.80353785,-0.04536352,-0.77502817,0.19837908,-1.2613974,-1.2565588,calm
-694.52014,76.6706,-1.8159063,7.7751255,4.842866,12.204663,-1.8201215,0.29096633,-2.7119224,-4.325731,-4.1571617,0.6116437,3.8283722,-3.1249878,-0.37097368,5.5259056,-2.4600284,-3.3581796,1.8168732,-0.38209614,-4.134205,-0.44694576,2.394822,-2.6736162,-1.9206604,-0.619688,-1.7188524,-0.6377842,-0.6798358,0.60284334,-1.0378327,-0.85123503,1.2172107,-0.36342913,-1.5909127,1.011974,0.12198518,-1.0371815,-0.7118271,-0.85742396,happy
-549.74023,55.989716,-12.765321,10.724632,-10.467363,2.3290837,-2.9252698,-5.717446,-12.104344,-2.9469554,-7.480254,-4.9365807,-0.5823395,-4.3602123,-6.5397696,-0.12395247,-5.732142,-5.7748013,-1.2880206,-4.4429007,-5.4893665,-1.2339064,0.97258806,-2.4407747,-2.4359353,-1.3139892,-2.8008661,-1.552409,-1.8420976,-1.7044977,-0.020097274,2.8286657,2.1386268,3.7957625,4.871579,4.8167048,3.8717513,2.352497,0.20453231,0.75892216,happy
-753.374,75.75885,9.839036,10.687644,4.9769454,11.265552,0.8313398,1.8299749,-2.2822616,-1.5628334,-2.237413,1.6300126,2.2499723,-0.8527417,-0.21264958,5.3127103,0.22481559,-1.560385,2.1964312,-1.7481339,-2.1133068,0.37264946,1.4933947,0.6718097,-0.6271907,-0.29608855,-1.2778465,0.29261547,-0.89873517,-0.53944904,-0.19441824,0.6616677,0.3372317,-0.7418362,0.95235914,0.19188206,-0.07144682,0.023282833,-0.8979579,-0.07103265,neutral
-767.8199,96.30624,12.284286,16.002474,9.135193,16.56061,1.7922678,3.5189059,-2.266263,-3.4389617,-1.2352519,0.4388023,2.2571738,-3.6287045,1.3068761,7.7083907,-0.5677596,-1.2773588,3.4318395,0.48874483,-2.6144886,-0.746549,2.2046645,-0.31654856,-0.44639936,1.3293762,-0.75480515,-0.13068442,-0.66919076,-0.25978968,-0.04186283,0.057442203,0.6478667,-0.33665708,0.30052283,0.8589281,-0.34152275,0.637366,-0.78993934,-0.23174468,calm
-740.4508,75.06194,3.7541642,12.875745,6.78359,12.704029,0.9735838,3.130675,-0.7665714,-7.0038514,-2.470207,1.1869292,4.0169935,-1.3161217,0.6217351,5.4956264,-1.2940749,-2.6874447,3.4957669,0.45471385,-3.9528034,-0.59268254,1.9004132,-0.16238971,-2.0195343,0.6176356,0.105614655,-0.3556985,-0.5904736,0.4886939,0.7602396,-0.5282663,0.25250345,-0.44695786,-0.19634858,0.57359976,0.43889692,0.1774336,-1.0200691,-1.0967607,calm
-668.4759,72.63825,-5.62751,13.632459,0.5160394,9.710216,0.97564614,-1.1413745,-8.806963,-3.7782872,-5.478928,-3.3553052,3.8373175,-4.0495896,-2.949534,4.368362,-3.5690935,-4.642177,1.8793199,-2.5051231,-5.900385,-0.2320919,0.82916075,-2.2599816,-2.3184428,0.750525,-3.3407412,-1.0008352,-1.6274494,-0.5972256,-1.3327434,-0.26237336,0.12761818,-1.1142826,0.27107656,0.75389296,0.36850914,0.7530056,0.24063855,1.5562261,happy
-569.4323,76.60446,-7.522757,11.827302,-4.3395824,9.696519,-2.8438652,-5.316527,-10.664307,-1.426863,-8.058596,-4.579632,0.72613364,-5.4100885,-6.6322246,0.6875902,-5.339392,-5.395275,-1.8574593,-3.062763,-6.703498,-3.211545,-0.7088489,-0.7537024,-4.101215,-2.0174186,-2.138535,-1.1979759,-4.0861077,-2.0560696,-0.67871463,0.04399407,-0.46998966,1.7242417,1.914707,2.6577365,1.7808487,2.0172124,1.1493545,2.371909,happy
-719.00867,72.45062,-0.12927474,14.170635,-1.403251,7.1086473,-1.1772773,-0.6868874,-5.237882,-4.5115714,-3.8586545,-2.6345806,2.5027068,-3.526645,-2.2515645,2.0302768,-1.831725,-1.8346357,0.12538362,-2.8829727,-4.2167673,-0.6385065,0.090566605,-0.89505315,-2.5903106,-0.9254966,-1.7161661,-1.5349663,-1.8204545,-0.98760265,-0.27519116,0.3921919,-0.38113746,-0.04268667,0.8826051,0.028847698,0.81367517,1.8379725,1.4500769,1.2393975,surprised
-644.5278,64.564865,-4.526694,12.617377,-1.339593,8.43286,-3.3381913,-2.138234,-5.568493,-0.89533466,-3.653052,-1.8895159,1.4977039,-3.2122838,-4.7154546,0.79802066,-2.9747357,-3.0516183,-0.45945224,-0.9266689,-1.8060217,-0.61436296,1.7021414,2.5420022,-1.3732461,0.90047884,0.75314224,-0.16958472,-1.9762496,-1.1103721,0.26891217,-0.8811661,-0.7588507,1.3520002,-0.7353556,0.6448234,1.5118961,0.12925349,-0.3819676,0.054182205,surprised
-709.2354,74.45951,10.407193,16.99352,8.209037,12.707253,0.821461,-0.29641005,-5.841504,0.15233637,0.07325006,-1.4401299,1.603185,-0.67117405,-1.2550472,3.7369165,-0.72757995,-0.0403562,3.3105838,-0.80171865,-2.6463358,0.4999976,1.0460182,-0.68802845,-1.2713445,-0.5927264,-2.6818962,-0.8097727,-0.8421422,-1.4762486,0.8760306,0.81721145,-0.1108789,-0.122112766,-0.10828341,0.039058536,0.1968416,0.31082082,-0.4328343,-1.7391784,sad
-667.6387,68.60933,5.3894258,16.353907,2.4600549,11.60643,-4.552091,0.5852529,-3.9009871,0.9629979,-1.7491728,0.13700385,1.5447522,-0.9286806,-1.833664,2.886784,-2.6169186,-0.27173144,1.8220619,-2.0512066,-1.799563,0.9390761,0.7806656,-0.97135603,-1.961599,-2.2569978,-2.362223,-0.26176563,-1.6112057,-2.481992,-0.23540178,1.1254432,-1.0686101,-0.25560594,0.42072344,0.7573211,0.5561879,0.8289358,-0.11535277,0.66798514,disgust
-747.70435,78.05218,11.174167,16.198946,5.05314,15.694272,-0.80840987,4.662673,-3.343812,0.32008773,-0.43525004,2.3116357,2.6372082,0.6088845,0.26061848,5.4474354,-0.8972152,0.4881603,2.5692742,-2.8101077,-0.7672798,0.60093415,1.3964598,0.23201238,-0.0017918888,-1.3283799,-3.0129044,0.60356224,-1.651419,-0.9502297,-0.74917924,0.101761185,0.17687602,-0.75764114,0.33297902,0.63743436,-0.7782696,0.069445424,-0.6958195,-0.4447284,disgust
-741.58527,78.17808,12.876209,15.833035,3.14796,13.104959,-0.83752567,0.9124642,-5.8719473,-2.2271724,-1.6233878,-0.1319384,1.9364048,-2.393508,-0.7290793,5.0684814,0.29209182,-1.2233896,2.4806488,-1.3587295,-2.8326428,-0.29257137,2.094741,-0.64949906,-2.552025,0.22135516,-2.2805738,-1.1039696,-1.788621,-2.0122597,-0.06569676,0.36011785,-0.52131057,-1.1123154,-0.1353341,0.042210903,-0.2776282,-0.6346335,-0.7563355,-1.3102888,sad
-678.6172,66.45694,4.128095,15.309054,3.832736,13.382062,-0.48011178,1.3600403,-2.1894686,0.5171478,-4.59643,0.53531134,0.9953924,-2.9640925,-1.8157531,3.409582,-1.4521345,-0.25526115,2.4313657,-2.3003385,-2.5501819,0.077977836,2.2924325,0.74221975,-1.7445632,-0.7063399,-2.2035925,0.29062727,-1.9779612,-1.251587,-0.46666792,0.25891972,-0.87481576,-0.59987843,0.23893727,-0.14263113,-0.4135427,0.0074429433,-1.7266452,-0.13534485,fearful
-429.9001,47.652134,-19.53129,7.663102,-11.761482,-0.25748646,-7.261406,-4.602808,-8.127217,-3.098479,-9.516851,-3.4308105,-0.34163854,-0.9234143,-5.1255918,1.9821894,-3.6866984,-5.1404676,-3.7898488,-4.627858,-7.1947703,-3.486844,-1.7749457,-1.4785439,-0.20866826,4.064617,4.2029443,5.8692265,4.30536,5.604012,5.406443,5.9890485,2.6921482,2.7578986,0.6678823,0.8856694,1.2510304,2.2900627,1.7060726,2.0222356,angry
-650.2244,74.1937,-1.7698959,11.045038,4.6238513,10.025935,-5.593804,2.2735739,-3.1318994,-2.3598351,-7.2273088,-0.98042804,0.09811841,-3.4740787,-0.1895372,5.8062367,-3.3949795,0.21071965,3.126108,-3.1151147,-2.5598981,-2.226398,0.053287685,0.26531616,-1.3009367,-0.14711443,-1.2362609,0.098490454,-1.8721799,-1.6770481,-0.6317839,-0.83421886,-0.60471654,-0.15183157,-0.59149,-0.1922093,-0.39841813,0.08775693,-1.2602136,-0.36113447,angry
-730.12964,65.057495,7.850059,18.962786,4.6054425,14.304852,1.1083782,3.5400734,-1.6698983,3.8268878,0.3283804,2.0433607,2.8524377,0.29975876,-1.4315618,3.6809888,-0.6479945,1.161908,2.878693,0.17656712,-0.5718213,0.560567,1.8509716,1.5820353,-0.98006546,0.26192212,-0.8653329,0.5191819,-1.6634119,-1.1915503,-0.59335065,0.6276743,-0.44756895,0.30470395,0.46782833,0.025026437,0.39903015,0.41173816,-1.4027933,-0.08102112,fearful
-656.88727,60.64273,5.7021036,10.648007,8.580759,10.174667,-4.102378,-0.42305475,-2.0111256,-2.1265488,-0.8857845,-2.1194057,-3.6443548,-1.8155648,-1.3255825,-1.5865525,-2.4715028,-1.5460118,-1.1468718,-0.9075206,1.0244058,-2.672874,-1.8705641,1.315081,-1.8406323,-2.8166983,-1.9393612,-2.7962897,-2.0445657,-2.8036566,-2.1038194,-0.4703057,-2.4074562,-1.6238909,-1.6139865,-1.7372892,-0.97306246,-0.7247727,-1.1442584,-2.0716224,surprised
-759.8757,91.138275,12.346633,23.812124,14.40076,20.983604,1.9275,7.130632,0.35729593,0.8279109,4.6098757,1.9644928,-2.1764402,1.7877998,2.6907904,2.1947117,0.863491,2.4234424,2.069485,1.3205324,3.560713,-1.6826788,-0.41260839,3.3155422,0.87513304,-0.39634913,-0.85769594,-1.4273512,0.21476316,0.50813735,0.50486016,-0.48299733,-0.632591,0.49308714,-0.78162336,0.15766406,-0.04441366,1.2274212,0.22972292,-0.5254938,surprised
-746.457,86.92581,3.571607,15.467492,11.325592,24.662952,-1.4816067,3.1364386,-3.2758784,-2.1990361,-2.6134226,0.80919856,3.0865297,-2.6078627,-0.5556505,3.2420897,-2.418302,-0.05229078,-0.62492174,0.15439376,1.3046651,-2.6424668,-1.2292506,1.7558962,0.14208919,-0.384054,-2.8271604,-3.2382874,0.032405533,0.020131627,-2.7307665,-1.2771326,-1.2741274,0.050597098,-1.7112807,-1.3037096,-1.4090803,-0.7330196,-0.47474083,-1.0084239,angry
-797.9074,66.312195,8.155643,20.696667,11.643408,18.705593,1.0999451,5.933385,-3.9448733,-0.6289586,3.0434427,2.9750712,0.6768923,1.8823451,0.84301895,1.8689332,-0.7710906,3.5714757,1.7226894,0.26401627,4.4647036,-0.068690866,-1.3357838,1.6238525,0.7248355,-0.5617165,-0.80649585,-0.56392217,-1.2712839,-0.6275984,-1.273581,0.5279226,-1.1617086,0.1576918,0.65185726,-0.68002826,-1.1608813,-0.009397161,-0.6184812,-1.0507283,fearful
-548.77136,66.97168,2.5110028,11.233458,6.497959,17.23666,-5.9687996,-1.3964244,-2.8320866,-1.0403551,-7.437386,-3.2894778,2.4086933,-6.610879,-6.700102,-0.97675085,2.3168201,-1.3757867,-0.9378634,3.3596144,0.7845476,-5.763035,-2.5515313,4.2798214,-0.07864882,-3.7076738,-3.1173012,-4.289599,-2.9710128,-0.6075371,-2.8675432,-3.4858644,-4.1191545,-3.0048604,-0.23500197,-2.001767,-2.5047169,0.35636702,1.2877656,0.43332934,fearful
-374.67752,62.34436,-14.717811,2.6255622,-5.2457614,8.565713,-14.848738,-3.3576074,-9.407194,-0.94936466,-3.5787692,-4.3466506,-0.5560464,1.1987082,-2.330349,1.8558213,-2.3772209,-2.2821774,-2.1151485,0.72936803,-1.507664,-1.3446101,2.0559044,5.160527,3.181094,3.7476308,0.29050606,3.1411927,2.9332252,3.1783442,-0.1732835,3.2068484,1.5695916,1.6653105,1.6010633,1.2810675,0.76857686,1.7640953,0.7141443,2.1549911,angry
-788.92346,78.24274,8.959164,18.795086,13.454979,17.358524,-2.4571955,7.0099034,-4.500436,-0.12002657,-1.2853686,-2.6263773,2.3559697,-2.4060624,-0.26209688,2.58211,1.6584113,-1.5441283,-0.75814444,1.5510143,3.2421572,-1.7993895,-2.2376738,0.60090435,-2.2991834,1.3835876,-1.641566,-3.3135998,-2.2687783,-0.49708745,-0.87568665,-0.07801667,-3.0650141,0.33459526,-0.25204805,-1.0824212,-0.55470246,-0.48354855,-0.35947984,-0.37249914,disgust
-843.609,69.014694,19.271357,26.026852,13.544138,19.910967,7.492044,10.563536,-2.974152,-3.3435502,3.6024337,3.8830476,3.651313,-0.80022717,4.438733,3.409037,-2.0405636,-0.74405664,1.2106386,1.2766889,1.6491982,-0.99420756,0.51099485,0.35130826,-0.54471153,1.7849772,-2.2127423,-3.1225681,-0.50952613,-1.1055896,-1.2518142,-0.12145527,-1.5617803,-1.8425719,-1.6549022,-1.0792687,-1.0062205,-0.8389598,-1.554686,-1.3989341,sad
-732.14703,88.472305,-0.7468742,19.823257,12.085446,24.854338,-0.5084137,-0.62972736,-8.034478,-2.3062918,-3.4337518,-2.3264084,0.4081404,-6.263756,-4.933486,-0.31931758,-2.8724346,-0.48117507,0.061253574,-0.36717507,-0.2024686,-2.1251278,-2.3024578,1.2313526,-1.681741,-0.06312982,-1.9670867,-1.596044,-0.21513934,-0.97113955,-0.85970175,0.6566987,-1.365009,0.4850332,-1.2600363,-0.11770088,0.6705756,-0.33343455,0.79984605,-0.64459264,sad
-731.93427,84.93627,7.4826317,12.743996,10.170668,15.557386,-7.993047,4.465274,-3.3432074,0.6985916,-1.6128386,-4.0052896,-3.413181,-3.8375537,-0.762393,1.8005654,-3.7871344,-4.452047,0.53684527,0.47241583,-0.45084155,-0.8841423,-0.91684365,-0.20792629,-3.0349586,0.6325681,-1.0724638,-2.2092116,-2.356509,-1.360779,0.20256543,-1.8563783,-1.2387403,-0.50739443,-1.9264843,-1.180657,-1.6066415,-0.96598214,-0.43761814,-0.6036598,disgust
-520.7686,97.80062,-4.6709294,-2.2087877,5.0271845,12.694645,-12.967272,-13.053027,-6.7100525,-7.83524,-13.761657,-4.2174177,-0.48255694,-4.329411,-6.1897855,-1.672945,0.11334999,-5.3601413,-2.247187,-0.5818189,-5.135939,-7.3219233,-3.609373,-2.0740833,-3.6318216,-7.023323,-6.911023,-4.4622297,-3.2695444,-3.5175211,-1.760998,4.1427927,3.2265239,6.0397177,7.0425625,3.9956105,3.8520179,2.151319,0.38983315,0.4572184,happy
-686.3137,87.54293,-0.9497287,10.884496,10.35819,16.295143,0.4424075,-0.5529384,-4.8674116,-9.224182,-3.4825099,3.8011088,-1.9972248,-3.8634393,-2.4812636,3.1937728,-0.4211511,-3.3087502,1.3999634,-0.6009235,-0.2861958,-2.010374,-3.928648,-1.0420198,-1.1066267,-2.1458514,-4.065243,-2.987254,-0.7865781,-1.0341971,-1.9164717,-1.1285973,-2.8467872,-0.80835897,-0.10204808,-1.457902,-1.0287545,-1.4184309,-0.076926224,-0.7559114,happy
-740.17645,103.091484,9.369387,30.884558,17.233189,22.836563,1.9232923,3.1272452,-2.7031,-1.9183567,5.451071,5.070609,-1.9334942,4.0582886,3.505583,-0.24886577,-1.2720326,2.3860695,0.45786592,-1.8867189,2.6174457,-2.4259284,-1.4671835,2.5087883,1.970742,-2.417972,-3.2489557,-0.94879115,0.87724966,0.0986083,-0.42087227,1.2806767,-1.2009946,-0.10125919,0.30660304,0.17107786,-0.7685273,-2.311574,-0.8799348,-1.540819,calm
-804.2408,87.265015,15.950047,20.883507,11.536417,16.146484,1.4695988,4.799459,-0.26299897,-0.12396564,5.91643,1.6510326,-3.3918798,1.3229482,5.228712,1.9475156,-0.73125994,2.8447866,1.4311893,-2.005802,4.3136535,-0.5856276,-2.9603732,0.7119275,2.5317566,-0.44081095,-1.4367636,-1.0457041,-1.2696885,-0.48647985,-1.570788,-0.48270455,-0.20954551,-1.0629643,-1.5090593,-0.121750206,-1.749519,-1.36256,-0.3636139,-1.0967144,neutral
-792.878,84.40293,11.711248,22.659185,10.39631,20.110916,3.0317125,2.0337045,-2.0643637,-0.7247251,5.150487,1.3622675,-1.8162388,0.93820804,2.907769,0.07435539,-0.85285264,1.0029075,0.3812056,-0.7972084,3.3186955,-1.2397491,-3.2905023,1.3056072,2.1684709,-0.6263211,-2.230686,-2.296776,0.0025452683,-0.17370766,-2.1915708,0.68466985,-0.7675915,-0.9810265,-0.19274558,-0.5419611,-0.59173477,-1.5851433,-0.28739047,-0.51099384,calm
-498.84366,60.077618,-13.457317,5.9213457,0.9722332,14.555322,-8.644185,-5.4394503,-5.4151745,-5.7204165,-10.8357935,0.51224136,-3.4320214,-4.5356107,-1.7635022,-0.62796646,2.3727708,-4.151867,-1.866861,0.9138015,-2.895808,-5.398671,-3.5668144,-0.37366164,-3.3707454,-5.2508664,-5.2407804,-5.00083,-2.6766284,-0.5941344,-1.2690017,2.3242664,1.8044747,5.977743,6.5421553,4.063503,5.70658,5.4098234,3.273115,2.6083355,happy
-744.04865,110.98149,14.427489,20.26433,11.643726,22.722557,3.756552,-0.20558673,-1.0587759,-6.2092915,-5.484336,-1.4126265,-0.3209667,-0.64166325,0.045832966,3.0065622,-0.68696845,-3.0991824,-0.68000007,0.2623303,0.37193108,-4.0357842,-1.958797,0.1859168,-3.4160628,-2.9107342,-2.925169,-5.0301886,-1.774446,-2.3693671,-2.5420356,-0.77643085,-1.7180845,-0.8749838,-1.0118449,-1.0406916,-1.1617358,-1.1676344,-0.15359692,-0.33556002,happy
-806.15894,88.302795,21.558977,32.5593,21.130016,23.172148,9.770877,5.030427,-0.9769495,-0.06523845,8.438056,1.2884729,-0.42046496,4.940394,5.2360992,0.7989395,-0.691753,4.513581,1.8181491,-0.91811955,3.4882464,0.41395083,0.045250293,3.3063688,3.5041072,-0.09233986,-1.8114669,1.3388692,2.1426978,1.2200565,-0.16609241,0.73352015,-0.52177805,-2.5961277,-0.55710644,-0.25108457,-2.3417206,-1.340691,-0.8219653,-1.3576918,calm
-778.4702,86.27202,11.932851,27.689022,10.715956,20.678667,5.5093555,5.1907487,-0.8364963,-2.7420046,4.789804,4.6415896,-0.020634165,1.2331443,4.3103223,1.8234954,0.0043580923,2.6128728,1.4971802,-0.40338987,4.5849547,0.7177093,-2.8280602,1.3533704,2.8051262,0.4837274,-2.1432388,-2.8766809,0.3079948,1.0983101,-0.7617032,0.7840135,0.5883445,-0.6898244,0.49468726,1.049601,-0.13172248,0.0405777,-0.15545401,-0.8309114,calm
-794.5776,78.50653,11.63548,24.444126,9.2387905,17.8448,2.876209,5.36347,-1.5300014,-2.4725568,2.5964532,2.0632522,-2.5561259,0.14914949,2.2418866,1.6266367,-0.7795551,1.3502275,2.092211,-0.7876349,2.6966658,-0.5439595,-0.47148108,1.0995277,1.8274673,-0.39146766,-2.15117,-1.6210073,-1.0196723,-0.3518936,-1.8902057,-0.9383103,-0.9857162,-1.2219833,-1.3508871,0.003468474,-1.3529272,-1.2762847,-0.5179778,-1.5911322,neutral
-743.5969,79.10719,6.510736,20.560448,10.9146,17.416252,-3.3495798,3.9741216,-2.1207464,-0.39205983,-0.7530045,-0.9858629,-3.7914505,-0.8169393,-1.7204063,-0.60829335,-0.6024355,0.27681372,-1.488445,-0.7527859,2.1035743,-3.7241411,-2.853081,1.0552405,-0.5460848,-2.0819435,-1.6049159,-2.1509964,-1.6124948,-0.9060753,-1.9178965,-0.65236753,-2.5808196,-1.3045435,-0.55060554,-2.1495724,-1.1612023,0.100147635,-0.44369903,-0.449283,surprised
-800.434,83.26973,10.438977,16.346899,11.467578,17.064434,-2.418715,2.1261892,-1.716841,-1.5840585,3.635866,-0.79837084,-3.0067518,0.23343615,-0.22094454,0.61458236,-0.51764435,-0.32572314,-0.4223441,-1.8733484,1.7984724,-3.179107,-1.332832,1.4756261,-0.8872032,-1.6704556,-1.8232952,-1.5275097,-1.0310469,-1.2777504,-2.007988,-0.14897083,-2.7866979,-1.0298407,-0.94735473,-1.4050688,-0.22358379,-0.25666788,-0.6733304,-0.899173,surprised
-794.6928,68.686356,13.798001,25.349663,11.023882,21.045523,4.9475684,9.988978,-1.285741,0.6519012,6.0423574,4.813117,1.9056427,3.7706833,5.5400276,3.4262967,-1.3220541,4.177679,4.911232,1.2945521,4.7054768,1.9364157,1.6479862,1.8577918,2.1923113,2.3102388,-0.1534368,-0.5679435,0.76930845,-0.052417923,-0.0287788,0.9013672,-0.50375354,0.7084953,0.006597228,0.8543171,0.70117,0.01490375,0.5760331,-1.1392709,fearful
-673.2418,84.008514,-0.74129516,12.946439,11.025364,23.535898,-2.4794374,2.198223,-2.0174427,-4.6896048,-5.9075084,2.692625,-0.7674784,-2.551144,-4.27852,5.0766277,-0.8013679,-1.4800107,-0.8516873,0.5511715,4.6137986,-1.9578185,-3.5117412,1.3245511,-0.88219464,1.0966839,-2.1370158,-4.0771065,-0.3869804,-0.039192796,-1.2164682,-0.08411316,-2.5878766,1.1456937,0.3427206,-0.8857734,-0.22628085,0.11664814,-1.0155413,-1.0032315,angry
-400.9085,70.01186,-15.256237,-0.68578506,-1.7376446,9.108092,-13.383036,-1.5339918,-6.3704853,-3.9253163,-5.1817007,-1.222429,0.014426452,0.5569359,-2.153292,-0.020384492,-1.8679034,-0.47441548,-2.0591285,-1.2017337,-0.50741565,-1.6487737,0.80552113,2.9195783,0.34992662,0.9341065,0.89156365,3.273545,1.8989196,3.1185658,1.9366764,3.0784285,0.9880221,1.3150523,1.050098,2.2302463,2.2492146,2.43116,1.9689459,1.95527,angry
-625.4124,89.345726,2.3605025,14.402074,15.371239,23.466177,-5.400414,-2.7349796,-2.4098303,2.8678443,-4.857139,-3.03374,0.9715288,-2.758328,-3.309929,-2.387566,3.7730782,2.6221392,1.0779706,1.9260929,5.542746,-1.3699632,-2.3100777,7.5421696,0.51805586,-0.9368471,1.0509453,-2.8740256,0.21253094,1.7248304,-1.6846781,1.3649015,-0.8785065,-0.8029515,2.3513439,-0.08355818,-0.5837372,0.114837535,1.5179449,1.2186989,fearful
-833.1103,75.954056,17.767277,17.619589,15.692232,21.089626,5.650587,8.639272,-4.737191,-3.8014827,1.7416658,1.497454,3.181573,-0.37662077,3.2798073,3.143239,0.023617275,-0.5268128,2.0534294,1.6217232,1.4301249,0.0017907207,1.009369,1.0177753,0.61729807,1.9912571,-2.0830634,-1.7978774,-0.26953542,-0.5689286,-0.76431143,0.2500353,0.18835635,-1.0647001,0.5062856,0.15445638,-0.68379533,1.2596971,0.112836294,-0.32412398,sad
-763.85223,90.35125,1.3556023,9.936078,12.82099,16.637604,-5.663872,-0.5518157,-6.867971,-2.5168066,1.445957,0.115205064,-0.5248182,-1.6967397,-0.9347693,0.36239225,-0.46043894,-0.8361728,-1.7566065,-0.5637254,1.7639214,-3.566707,-2.2572536,0.9698168,-3.7589939,-2.2438564,-2.203969,-2.6909206,-1.8359405,-0.91225284,0.05124486,-0.6370223,-2.57996,-0.053916723,0.84384555,-0.5671016,-1.3666198,-0.41790122,-1.0522246,-0.48386422,disgust
-677.3322,103.013565,4.941694,6.229761,14.362885,14.914573,-5.6324153,0.36417195,-0.44860676,-3.207986,-3.3756263,-0.9201567,1.3112893,-4.097286,-4.241285,0.47171986,0.3848283,-0.36064067,-2.1322315,0.96048504,1.6278689,-2.629311,-3.3624346,-1.5768632,-3.6519172,0.16854647,-2.654095,-4.4102173,-1.1430582,-1.3934323,-0.38008496,-1.7986858,-2.4495184,0.1365745,-1.9751818,-1.3585453,-1.7193192,-1.4204981,-0.5953539,-0.99270123,disgust
-742.97876,88.85757,1.4107476,22.267487,9.935181,22.045414,0.43001577,0.84872735,-8.388711,-5.4616857,-4.1307583,-1.4386042,1.2901173,-7.808903,-6.2455487,-0.50048417,-0.050884705,-3.114789,-0.74049616,2.1440387,-0.93425107,-3.9770744,-3.8366337,1.2527338,-0.92124623,-2.2770655,-3.1933503,-2.8504324,-1.5959054,-1.5382283,-0.75338,-1.9494294,-3.0658336,-1.5339437,-2.0962758,-1.4784938,-1.0112723,-0.47832844,-1.0161983,-1.2346208,sad
-748.0795,88.041374,-5.005884,24.20742,15.657138,19.641262,-1.9607718,-0.5803834,-5.1641545,-1.7119657,7.145405,3.793106,-3.8685522,0.53333586,4.36148,0.7399168,-2.0882146,2.4484434,0.30568513,-1.2078269,4.879793,-1.188739,-3.7332733,4.3846555,2.398299,-2.5049257,-2.373285,-1.8474585,-0.27490276,-0.63108945,-0.83451605,1.7742623,-1.3515264,-1.735374,0.7103354,-0.10013826,-0.62721795,-0.9225195,-0.44554582,-1.3029624,calm
-771.5905,100.49775,22.603916,28.222462,20.75665,24.176329,5.546236,8.003058,4.2821155,4.4004383,7.340107,4.594511,1.8255422,3.3913932,7.343661,5.2307835,1.6717398,4.688027,3.1378849,1.9713596,6.2092524,2.045219,0.4030312,4.0634875,4.378145,2.0580006,0.3878633,-0.5888797,0.5637054,2.0320153,0.3169625,2.7146592,0.5349462,0.067023955,1.0109197,0.91538936,0.5218242,0.74108005,1.6592338,0.48486784,neutral
-786.0075,88.12206,12.140054,25.658705,9.477611,17.079185,5.8761315,3.1438367,-2.0430396,-2.7043834,2.2366579,2.6261191,-5.0437884,0.08502036,3.5143316,1.0856419,-1.421108,0.41640082,2.3753545,0.3700865,1.8125684,-0.18521637,-2.7578533,0.5341979,1.2950116,-0.33901176,-2.6352854,-2.7090142,-1.4044119,-1.334341,-0.93736905,-0.055283263,-0.33858898,-1.4338785,-0.39805365,-0.04087738,-1.1875526,-1.5587897,-0.2278653,-1.0759803,calm
-739.79645,85.127625,4.527689,17.342657,7.05217,20.471792,1.9207077,0.16811937,-2.7770493,-3.6245167,-0.6334815,2.9498897,-3.2186472,-1.9559909,0.7175344,0.23260933,-1.5667044,0.9766818,0.8864175,-0.8807439,0.83693993,-1.106449,-2.6412523,0.3458447,-0.045407694,-0.94121635,-1.9051033,-3.332088,-1.1479957,0.38180295,-1.9789531,-1.2884635,-1.3426323,-0.4180834,-0.07647994,-0.7651446,-0.5297811,-1.150303,-0.19760571,-0.7426643,happy
-513.21387,77.748436,-9.603867,-1.0454813,2.2851648,11.323057,-10.47951,-11.735534,-6.7239347,-8.394719,-10.070301,-1.7504996,-0.08048921,-1.8445214,-5.4419813,-1.3710608,0.85754126,-4.8772373,-1.7139685,0.56655324,-4.187656,-4.7219143,-1.1685852,-2.5470092,-3.039706,-5.2607875,-6.4589252,-4.8028193,-3.4391308,-3.5533469,-1.0628747,3.9001665,3.3608027,6.555013,7.0095806,4.7028904,3.8990574,4.3148637,2.7799716,0.9681424,happy
-779.5073,86.03685,7.4223027,18.159237,9.4910145,16.713518,-2.2024562,2.0485098,-2.7463715,-3.55787,-1.1033888,-0.2470019,-3.3189058,-0.95573,-0.7826628,0.9518337,1.380872,-2.1168473,-0.30255657,-0.89263105,2.8043182,-3.1228065,-3.1879385,1.5336072,0.15268388,-1.4415526,-1.922817,-2.4847226,-2.0978453,-1.1031907,-2.3387773,-1.5244644,-2.3385718,-2.0905375,-1.6556257,-1.5652193,-1.145984,-0.60439366,-1.0409049,-1.3358568,surprised
-734.0454,85.08358,15.516115,20.813972,15.595805,19.558163,-0.24271028,3.4979243,-0.8173964,1.5834926,3.8114944,1.2003841,-1.0858481,3.34899,0.86343217,2.1757567,1.4980785,1.1385163,0.07074131,1.0380037,2.7449226,-2.1601079,-1.3928989,2.4055016,-1.2205534,-1.2323402,-0.88263476,-1.0461434,-1.6045451,-1.5772421,-0.74185973,0.14102769,-2.0788805,0.26986918,-0.61265767,-1.196501,-0.3006183,0.42540568,0.10183855,-1.2027273,surprised
-698.40314,90.15876,2.9510903,14.607254,12.337192,16.08213,-6.775425,2.0506058,-1.7485104,1.0701942,-2.8971152,-2.823257,-2.2045693,-3.316439,-1.7858186,2.1716137,-2.110606,-3.79113,-0.1152181,0.8765644,0.098278,-2.042747,-1.7569349,0.677467,-1.6827352,-0.6118317,-2.219767,-1.8838154,-2.204766,-0.47170553,-0.18776733,-1.6241,-1.7747595,-0.15585269,-1.0143037,-0.4361815,-1.5676854,-0.79784346,0.2738234,-0.6202856,disgust
-749.0336,101.30604,5.3932776,22.51313,12.124167,22.545038,1.6236635,-0.358477,-6.0502625,-6.767978,-4.1160235,-3.505361,3.0343506,-5.3584127,-5.641584,3.3199625,-0.10530528,-2.0197666,-0.1955935,0.5917037,0.64849085,-2.4566092,-1.6857797,0.8867279,-2.9170904,-0.5016461,-0.9726788,-3.9217126,-0.8145691,-1.5845737,-2.0494406,-0.25126404,-2.6224053,-0.6306425,-0.39742035,-1.4984515,-0.2757513,-0.5986885,-0.23722781,-0.72117335,sad
-819.2772,63.17293,8.697166,21.44213,7.316049,16.75701,4.9297185,8.85172,-5.1592584,-3.86771,0.21762237,0.5035204,1.6569961,-2.8686087,1.4623069,2.4722795,-3.098058,-1.6238635,0.6262154,1.1215794,1.1930835,-3.5338783,0.6130292,0.3630924,-1.8382676,1.3661244,-2.3536434,-3.408498,-1.646051,-0.8014964,-1.635992,-0.46384263,-0.45525265,-0.63462085,-1.4923885,-0.8276957,-0.6180302,-0.434791,-0.84422284,-0.97364885,sad
-715.6486,90.17246,-1.5214837,19.32875,16.847553,17.406622,-2.6491976,2.4283981,-11.832019,-4.847842,4.999734,-0.9951326,-0.90078914,-0.7144317,0.41174817,2.3773642,-1.1774111,2.301511,-1.288969,0.26006287,2.7478533,-1.9082493,-2.6787531,2.2630162,-1.5929012,-2.755473,-1.245702,-2.9410214,-1.5347569,-1.2463076,0.31223089,-0.5639789,-1.8689425,1.4971691,0.26467195,-0.5112495,-0.2849052,0.80286324,-0.49482107,-1.2596197,disgust
-388.88422,62.739193,-15.482233,0.4680539,-6.5064316,7.696176,-13.269676,1.8480194,-8.492751,-1.6862711,-1.2939726,-1.4734181,-0.11792663,3.593426,-3.7289083,2.1979816,-0.51715416,-2.6747365,-0.451301,2.2058017,-0.1570436,1.2954739,5.5545783,6.9671607,4.4447184,4.6838403,3.5419028,4.5160294,1.0957801,2.2625403,0.8202326,3.133056,0.5823999,1.7335657,1.6311892,2.7267883,1.6416111,2.2625756,1.6417512,1.6046647,angry
-590.84784,63.92951,-0.20305634,12.907093,5.0518475,15.743986,-7.3245897,-1.9383252,-3.8757164,1.127293,-7.9485154,-3.9707558,-0.17498067,-5.9614887,-5.607553,-1.5814403,2.513217,-0.38715282,-0.8362444,1.1209383,-0.12539357,-3.8390138,-3.472628,2.3224828,-1.0631192,-2.6743133,-3.7469764,-5.286918,-1.5758461,-0.552243,-4.2576365,-2.2823806,-4.144874,-3.312287,0.02963543,-1.3484987,-2.8838341,-0.4537895,-0.1630344,-1.3161997,fearful
-830.15466,65.553635,8.614589,18.598824,9.240534,19.702557,0.17140433,7.2024517,-2.541711,1.1510433,4.8310575,0.2735284,0.9447374,0.1969935,4.3052497,0.78214836,-3.105754,2.209477,1.7709105,0.5094439,2.256722,-0.5942949,-0.2329913,1.8546724,0.8751319,0.3071647,-2.5101407,-1.168253,-1.3196689,-0.8422423,-0.92400384,-0.8123286,-1.4681518,-0.585723,-1.4488384,-1.0972428,0.25247443,-1.2612772,-0.5852832,-0.51488376,fearful
-706.47125,82.02046,4.631894,13.913571,12.063453,22.864555,1.0376796,3.6893022,-3.2020931,-1.9987649,-1.2489324,1.3992338,1.5463246,-1.8309592,0.9493339,3.972299,-1.6000828,0.916905,-0.33902943,0.8826956,2.26961,-0.51313436,-1.3555397,-0.0041673346,0.64217484,0.6788915,-2.6314209,-2.481703,0.16269529,0.51759213,-0.46820024,0.6772025,-1.5757663,0.33517528,0.5444824,0.17130452,0.16664502,0.65275156,0.6894664,0.3491023,angry
-791.64734,85.73398,17.1845,21.360312,12.790649,20.197716,5.1101446,6.271457,1.861642,1.7826432,5.337021,2.651128,0.42516646,2.4056401,4.265802,2.8166625,2.0176082,3.6917758,2.615201,1.2720988,4.1498837,-0.4826659,0.4234652,3.44764,1.763314,0.7402834,0.49331135,-0.92140365,-0.36349168,0.43609068,-0.3737868,2.008866,-0.8772775,-0.8576641,1.0675167,-0.81583744,-0.047749944,0.37313908,-0.07831335,-0.22934262,surprised
-751.96466,76.017136,10.174408,21.78238,8.567367,16.729588,-0.15796623,4.6586313,-2.602558,0.2695206,-0.40571275,-2.892875,-3.0875595,-0.4737305,-1.7920822,-1.035073,-0.6391656,-1.0545961,-1.7969841,-0.25375706,2.4301422,-4.342839,-2.1034555,1.8006293,-1.1015024,-1.7306858,-2.2041428,-2.2391505,-1.6502388,-1.0932131,-1.9626316,-0.7466591,-2.4983373,-0.6343462,-0.106994726,-1.7797693,-0.0399328,-0.03572569,0.09343521,0.075609304,surprised
-736.28687,93.6069,6.6209135,24.096865,15.632917,22.217258,2.391218,3.6043618,-6.343129,-5.898136,-4.7428336,-0.23220555,1.1327465,-8.365199,-5.94314,0.7715964,-0.9562647,-4.8853374,-1.4529768,1.114216,-0.84777796,-4.56617,-4.2141666,0.8016376,-1.2522109,-1.7607363,-3.0042055,-3.7310941,-1.5425985,-1.6502188,-1.7694755,-2.2184966,-2.703828,-0.6287884,-1.0352335,-1.4264017,-0.6303482,0.17375238,0.5505714,0.26274946,sad
-683.97955,89.55299,1.0026112,12.814185,13.847642,15.458847,-5.636691,4.859205,-2.2777717,-2.5270846,-1.6911,-2.6375415,-0.4646324,-3.1793945,-2.5039406,0.4481153,-2.366916,-2.6913912,-1.3241816,1.3538564,2.4368856,-3.0934474,-4.091569,0.24163951,-3.2018037,-1.9940852,-2.5714319,-2.9940822,-2.781435,-1.8143861,-1.7587084,-2.7132947,-3.141812,-0.6218467,-0.6395262,-1.6146616,-1.9068192,-0.47555196,-0.5788884,-1.0790836,disgust
-759.09924,95.37824,4.398301,8.495857,12.264964,15.748286,-3.0453792,0.6900424,-8.448871,-1.7203872,1.7873199,-0.9275702,-0.9265833,-1.431106,-0.12508395,0.63191587,0.9988184,0.3354062,-1.8648586,-0.34036055,3.1349626,-1.8751243,-3.2184849,0.81143105,-0.9736227,-1.8656572,-2.0178647,-3.00117,-2.5699613,-0.1049809,0.48190647,-0.91886866,-1.5065639,0.22442982,0.7071898,-0.38059792,-1.9239533,0.017286438,0.5437926,-0.1933222,disgust
-846.89026,62.25801,9.305573,16.331127,10.410749,14.865271,4.812091,3.2966888,-5.206043,-2.7848752,1.7032713,-0.35201144,1.2816538,0.1273694,1.8507248,1.9909188,-0.9284608,-0.7950809,0.15531866,0.8944273,1.0570123,-2.3945653,0.63019973,1.9179151,-0.82233083,-0.11329324,-2.1581683,-2.7278721,-0.58170444,-1.1346052,-0.95778775,0.6947382,-1.134514,-0.29869983,-0.4183856,-0.63716304,0.06325555,-0.60168946,-0.67095286,-0.82166016,sad
-722.75244,70.37574,-0.45693105,21.648058,10.698453,23.90074,-3.5557761,5.2706733,-3.2625844,4.533082,-0.7391593,-0.5237589,0.45455664,-1.1160508,-3.0067313,-3.863158,0.35324723,4.030723,2.709764,0.33891982,2.2949855,-0.95686084,-3.0840967,5.792441,1.6377717,-0.17170626,-1.8524789,-2.5228858,-0.91633004,0.14766298,-2.8693662,-0.5620836,-1.5450115,-1.8933665,-0.34029523,-0.5106547,-1.5973592,-0.97404635,-0.29867756,0.020793678,fearful
-399.54877,67.49266,-13.572152,1.2879986,-0.9436096,11.64477,-13.362787,-0.8156839,-6.428547,0.065325655,-4.7214365,0.55930626,1.3103421,-0.278746,-0.8645403,1.6588057,-2.1464717,-0.052773867,-0.9640609,0.5978574,0.43703753,2.6935656,2.6205027,5.6224103,4.0326524,4.3815403,1.8891459,5.377211,2.7509391,2.0831954,1.1726967,3.527622,0.9677252,2.1634536,1.4142784,1.4546493,1.6484205,3.2632382,1.781602,1.1901823,angry
-621.83234,82.45764,-4.8569264,8.793169,9.40036,21.183865,-2.5862157,-0.28825426,-0.37769443,-7.8018064,-7.604285,0.25195277,1.6407535,-2.1733427,-3.825141,3.589679,2.5705152,-2.557229,-1.3663194,-1.2820349,4.903366,-1.3986101,-5.926882,2.171207,-0.40928954,-0.6404703,-1.4700139,-3.3386662,-0.39886218,0.89546937,-1.3809655,-0.45706064,-1.237007,0.8909691,-0.36520118,-1.5949801,0.11140044,-0.2755801,-0.022782328,0.035354007,angry
-824.50305,64.43211,7.4425282,26.110098,10.378474,16.509897,1.9762306,6.495816,-1.9610635,-3.6061175,2.995768,1.6566995,1.3758775,2.5408769,1.3974324,1.600431,-2.1077423,1.9298344,1.9165407,0.10480021,4.1113462,-0.6135917,-0.53032684,1.8774389,0.81465656,-0.9881443,-1.6830949,-1.3273154,0.16857621,0.015811106,-1.1401067,-0.222799,-1.2312167,-0.3932991,-0.6692667,-0.3234371,-0.9310802,-1.1062859,-0.85133034,-2.088823,fearful
-786.6148,82.17687,11.750974,21.509884,11.027833,15.774213,0.961535,4.918613,-0.84726673,-2.5568788,1.9989246,1.6798426,-2.8888483,0.5505929,2.3879921,1.4005245,0.5670233,2.0074763,1.3781656,0.031132547,3.059024,-1.5593766,-1.4656029,1.7342438,1.6505685,-0.73316765,-2.0390954,-2.6886432,-0.98402506,-0.054959573,-1.2614019,-0.6144629,-1.217191,-1.5256218,-0.8191439,-0.3602061,-1.4430282,-1.3144878,-0.5898032,-0.53420573,neutral
-707.94806,87.46981,0.07352958,27.07075,7.4784236,16.719027,-6.0988207,2.3026302,-1.7294663,-1.3146083,2.965643,2.4015594,-2.9335027,2.058664,4.000938,-0.5853847,-0.49213836,0.4532481,-2.014662,-0.22725989,2.432407,-4.6428185,-1.5675119,3.8692422,0.9150743,-2.7613008,-3.670721,-0.39714313,-1.052594,-1.5217662,-1.4381268,0.90327024,-1.7506392,-1.4399765,0.5393391,-0.51087105,-0.036248833,-1.561112,-0.53155994,-1.9515857,calm
-830.0441,70.96747,16.022293,25.754524,11.738506,18.585413,6.715222,4.024801,-2.0392473,-0.8188072,9.350845,3.8721144,0.57846296,4.94075,5.490604,2.2495697,-0.11136018,2.5473852,2.709201,-0.47414002,2.9926512,0.60818434,-0.7784817,2.3939676,2.3295898,-0.7266977,-1.4320505,-0.11529926,0.00082639995,1.0881279,0.2609524,1.6827567,0.275797,-0.8859483,1.531265,1.450971,0.011363849,0.40711835,-0.11576807,-1.6503565,calm
-706.43005,95.19896,4.8495064,12.3258295,11.469189,20.628061,-0.07101578,-1.098409,-1.4116836,-3.37645,-0.6458127,3.6381855,-1.3834312,-0.28480014,-2.8486838,1.7060971,1.9980663,-0.77023786,0.9643577,-0.4355735,2.3914,-1.306493,-2.786974,1.3702257,0.4020679,-1.8925394,-1.9546486,-1.8425235,-0.98555946,-0.63684905,-0.98232114,0.10076888,-1.2914381,-0.97310823,0.0789302,-0.4984013,-1.3515555,-0.46874034,-0.33936778,-1.1885071,happy
-535.40607,76.763855,-2.8835278,4.621793,4.2818875,13.343359,-4.224541,-5.800919,-6.0622044,-10.833878,-9.805347,-1.5630761,-1.9201146,-4.026727,-2.5463758,1.3453873,1.3127154,-5.1934934,-0.16179843,0.41620174,-6.3791103,-4.998541,-1.0760974,-1.1879296,-2.5528545,-4.224215,-4.176338,-3.0300791,-2.3886213,-2.9170845,-4.0100274,-2.897934,-2.7232819,-0.32999948,0.37054282,-0.19211052,1.7961475,4.0498357,3.5926888,2.7943494,happy
-485.2619,70.141365,-8.326092,5.9631495,1.4007691,15.818752,-11.914036,-8.521185,-9.074767,-0.017516391,-7.5997043,1.8971361,-2.9053352,-3.426216,-1.532767,3.717633,-5.2758694,0.041251205,2.0646474,-5.107785,-6.3082805,0.63399094,-2.4345207,-2.7063484,-3.643762,-3.2797804,-2.8282812,1.263817,-2.624549,3.697216,6.36238,8.842851,8.004386,11.420574,5.543332,5.598772,4.122976,2.9356744,3.3814876,2.1170435,happy
-672.12463,95.8703,0.99978167,9.010865,9.643557,12.556572,-7.5497193,-1.7909493,-8.257576,-3.4055538,1.7168201,1.2082638,-5.8212943,1.5209119,0.2757588,3.6104257,-4.492311,0.6019043,1.588545,-4.7849007,-1.3397598,-0.44297132,-3.094688,-2.197511,-4.3073235,-2.9147184,-2.120272,-0.31356457,-2.599113,-1.6748916,-0.56478274,-0.3992428,-1.569907,-0.029775139,-2.1824107,-4.3332257,-3.1848066,-2.184269,-0.49727735,-0.096539244,happy
-664.9177,92.84801,-3.6773832,25.765017,7.134531,27.950075,-10.749874,-0.07582888,-14.0831375,1.440357,6.190103,-3.448439,0.22312237,3.07597,-1.2958522,5.72213,-5.039816,-0.43478695,2.0313683,-2.4784088,1.8711944,1.1148825,0.8690195,-0.2938193,-4.2628922,1.160122,1.1197281,-0.3587705,-1.5023893,0.31607842,0.49401385,1.2655177,-1.2889515,1.6448337,-0.14087799,-3.9077249,-0.5499468,-2.4022963,-1.401747,0.5740559,calm
-721.6017,99.2011,13.109674,23.732,7.0613513,23.371855,1.5737796,7.4987645,-4.4823675,-0.14401792,4.4698014,1.7516934,0.23722659,2.9160287,1.6577162,7.827905,-2.5081034,-0.056371395,3.9851801,0.201388,0.36786798,1.2882813,2.2048595,0.6021035,-2.9985273,0.87513953,0.52849895,-1.5465834,0.424387,-2.050939,0.061965086,3.412369,1.7309024,1.299847,0.54838896,-0.9512279,-0.081588514,-0.70517015,-0.43813553,1.1806767,calm
-682.14435,90.102974,12.780686,22.229658,5.2732944,17.131601,-6.824179,3.4352596,-10.751446,0.38751328,3.329706,-4.0515714,-3.0682955,2.076105,-0.75811636,3.9420364,-6.2544737,1.7592641,2.1674814,-4.327031,-0.038476318,1.7137455,-0.6647781,-0.55949503,-3.1096752,-2.1137335,0.06663285,-0.96195006,-3.681329,-1.8149904,0.62364143,-0.012973753,-1.8587791,0.6450371,-1.5766033,-2.234937,-1.6218145,-2.523334,-1.0966908,-0.06774285,neutral
-544.6024,59.524452,-4.9843574,14.89636,-0.7195278,9.685143,-12.071997,-4.671689,-9.281243,-7.182359,-3.5143423,-3.281261,-6.6773343,-2.5487866,-2.9272401,-1.8438143,-6.095583,-0.16857727,-2.148415,-6.5564885,-1.1285355,0.036580846,-2.6855145,-0.7995078,0.30326244,-1.2396429,-0.94999045,0.5113663,-1.9547204,-0.27086958,2.1522856,2.6708772,2.4501004,3.423206,2.2969267,1.1991848,0.19429435,1.3785754,1.2359326,0.7978273,surprised
-663.73065,79.73735,6.132358,16.629654,3.5607207,13.981419,-11.292764,1.5988294,-7.3753266,-4.639025,-0.11865637,-1.092825,-5.134788,-1.6957661,-2.2019978,-0.8138995,-5.8637066,-0.19010855,0.7502531,-5.6369877,-1.4066029,0.53321934,-2.3429308,-2.8250878,-2.6783648,-2.2827988,-2.5527658,-0.9207002,-4.385846,-3.0580618,-0.24668917,-0.6624667,-2.1840525,-0.3298908,-0.11221775,-2.1697967,-0.8355546,-1.3025162,0.73387706,1.8421063,surprised
-668.09564,60.92727,0.72272885,13.420864,-0.101739906,9.842351,-10.222768,-5.575291,-10.726356,-9.328766,-4.7444987,-5.2158113,-6.1112704,-3.5650828,-2.4121182,-1.3471794,-4.805604,-3.0105336,-2.5337799,-5.6110206,-3.444205,-3.3425817,-3.9726446,-3.7830124,-6.7572136,-7.1588287,-3.0621736,-3.1147985,-5.6304455,-4.5909276,-3.6048646,-2.9151483,-4.230662,-3.501445,-3.0610886,-3.5389435,-4.290881,-2.7381225,-0.4813976,-0.89468634,fearful
-625.7645,74.51775,3.4087183,19.435621,5.9884806,14.310299,-8.246128,3.698902,-4.8291883,-6.985097,-1.7010751,-0.23504609,-1.0185871,-3.5376723,0.98035514,4.603855,-4.8258324,-3.3219903,3.849436,-3.2566323,-3.907767,1.1840173,0.9649194,-1.906526,-4.6220083,-1.0370429,-2.2330322,-4.162162,-3.826733,-2.6301987,-3.0260172,0.5143707,-2.9346194,-1.5554829,0.30081728,-2.1687293,-2.0246055,-2.2595294,-2.3074472,-1.2269266,angry
-451.0677,59.39181,-6.2777314,11.081311,7.4657464,14.533329,-10.614185,-1.9838299,-0.2860958,-1.3567566,-3.121423,3.996511,1.0603617,0.5699215,1.9917063,5.837804,-0.83351237,1.5487628,4.605236,0.82465124,-1.9327613,1.8243699,1.5082148,0.2103429,-0.25799733,0.2513204,-0.49312913,2.8059375,0.023058288,0.59273946,4.0991664,4.88392,1.2940023,5.290665,5.5055985,2.4873722,3.2402205,4.2831964,2.829345,3.1445882,angry
-547.91174,52.481342,-12.485001,5.7450953,-4.0237966,6.554357,-19.839003,-5.646112,-6.016216,-4.6249747,-8.001164,-6.141103,-2.7891903,-5.2169633,-7.1748614,-0.15500899,-1.7014663,-2.056701,-1.4768937,-1.7906228,-2.2112675,-0.39113042,4.3249087,1.9408382,1.2645122,1.9334904,0.89010847,2.0886266,2.39276,3.537776,8.748592,9.759871,7.0545354,6.325796,4.5934587,0.5554893,1.707551,3.5050132,2.3871684,2.3667798,fearful
-730.02045,95.807076,12.3033285,16.089125,9.707285,19.362137,-5.149747,4.988009,-4.53109,-7.2329974,-0.5048346,0.19100754,-1.3840379,-1.7351667,1.0558362,4.068155,-2.3161201,-0.0039876,4.6670613,-2.2645833,-3.1479979,-0.03418391,2.3922946,-1.2269616,-2.208282,-1.4975564,-2.1585963,-1.3551584,-2.0356464,-2.8039377,-0.32193694,1.1137991,-1.3823822,1.322648,1.1378297,-1.56209,-0.38550165,-1.4922879,-0.64093524,0.478474,sad
-721.46344,68.96521,2.163214,19.849573,1.6471113,12.879541,-11.429649,-0.7940906,-4.7845798,-1.3390468,-0.101916574,-3.0055697,-0.73101395,-0.24948111,-2.7769115,0.8469862,-2.5750804,2.0342488,-0.86004317,-5.1666527,-1.1004039,-1.1007555,-2.13223,-0.26810503,-4.5635347,-2.9632652,-1.3996606,-1.8487321,-4.9283667,-1.3929834,-1.3512411,-0.44554323,-1.4331554,-1.9989702,-0.18281229,-2.7997873,-3.0316846,-1.6010627,-1.1961515,-1.337835,disgust
-611.15546,72.80772,7.5252447,27.887709,7.3315954,14.004913,-10.3113,-0.39940038,-1.056008,1.3321077,-2.788548,-4.4365306,0.48040652,3.201886,-5.029718,2.107395,-0.45021766,0.105480626,1.1969733,-0.115452714,-1.4890667,0.35385156,-0.75996256,-0.97484785,-3.2920585,-1.9105905,-1.306446,-1.4601912,-3.4685564,-2.2037187,-0.66561425,-0.90199226,-2.9183338,0.49608526,-0.37687278,-2.2199147,-0.66774523,-0.4644484,-0.49172246,1.4799563,disgust
-616.4188,69.513985,2.469153,13.518837,5.353673,16.909077,-8.66748,-8.921056,-5.704484,-6.543907,-10.842329,-4.1780553,-3.4278414,-7.1933174,-4.899242,-0.3166729,-5.8178344,-6.550278,-1.5570099,-3.951739,-6.140533,-1.4247721,1.0307813,-3.411695,-3.4983466,-3.8304763,-3.1347983,-0.59276396,-6.5028024,-2.764764,-0.47173885,-1.3564366,-2.4352849,-0.88076174,-0.16166306,-2.2570403,-1.3835617,-0.62749803,-0.13923746,1.3100569,sad
-610.06555,64.37167,1.7510111,19.925606,2.1790502,14.261856,-12.798636,-1.1385704,-5.750867,-4.009406,-2.5531626,-4.264281,-4.209443,-3.2332036,-3.2173975,-1.539236,-5.199137,-1.7465988,-2.131045,-5.4171824,-1.572334,-0.17318426,-3.6887786,-1.10239,-2.8895855,-2.7635875,-0.2284047,-1.5271881,-4.382533,-1.6454446,-0.83260185,-0.6757092,-2.1261137,-0.5496638,1.2248224,-0.99353045,-0.78150094,0.45851365,0.90967077,0.5459251,surprised
-657.79675,79.700874,7.9413233,19.277292,5.706423,15.907753,-11.701764,2.6415148,-5.000103,-4.8821087,0.43934375,-2.3526063,-5.1961184,-0.46435234,-0.33528268,0.8014735,-5.2642636,0.0977799,2.0349886,-5.276246,0.0823361,1.4397098,-1.5938698,-0.8802937,-2.3490133,-3.3633528,-2.1328053,-0.99352103,-4.96379,-2.430462,-1.0323832,-1.0113282,-1.8649795,-1.1424266,-1.2182593,-1.557155,-2.602942,-2.329456,-1.0824168,-0.45462942,surprised
-458.934,61.72992,-11.86241,9.63617,3.7703946,11.240389,-15.426912,1.2915658,-2.0288997,-4.639787,-2.05423,1.9982163,-0.9243727,-1.7938408,-1.4516488,4.3450065,-5.236678,-1.6332592,2.7182786,-3.226895,-3.258938,0.4070873,0.313868,0.33526295,-2.1029606,0.14538872,-0.11444746,1.476679,0.5671512,1.6092948,4.203307,5.3790617,4.8986864,9.661864,9.232279,6.390883,5.793105,3.9413729,1.8148987,3.0819855,angry
-682.5831,80.966095,-1.9440162,17.106361,4.7443976,16.504492,-8.158102,0.49049908,-7.9564333,-8.35938,-2.6578085,0.50506467,0.15806499,-2.651076,-0.14073743,5.8782563,-0.36305222,0.027544808,1.9038105,-1.4887689,-2.5389202,-1.5992881,1.3792143,-1.7910591,-4.5682874,-3.0794232,-3.019268,-0.6822503,-1.194083,-1.9496768,-0.66550314,1.459264,-1.1196579,1.5377735,2.582712,-1.629828,-1.0062599,-0.13257818,1.3979565,2.1296728,fearful
-462.9533,45.73113,-22.421932,6.2853556,-8.094124,9.149704,-21.06258,-8.943297,-11.324056,-12.091947,-7.0072403,-6.466037,-7.65359,-4.4706125,-5.535472,-2.4323952,-7.4668365,-2.668023,-2.4766915,-3.4363136,-1.3249353,2.9876876,1.8658867,3.288321,4.1996865,3.0273511,5.1437697,2.9428115,-2.3860517,0.68939173,1.6067463,3.6878915,1.6362454,1.4989935,0.8003992,-0.22821155,-0.65077645,1.0386226,1.4913545,0.42244846,fearful
-394.6726,50.606495,-19.806034,7.1794224,0.48968115,11.269997,-16.017725,-1.3698667,-2.678834,-7.0616603,-9.979268,3.9967027,-1.0736021,-3.8442817,-4.3783684,3.052976,-2.1140518,-3.720738,-0.9721447,-2.197844,-4.7669964,-1.0674863,1.4549006,2.2571013,-0.2981788,4.576725,1.7647192,2.6998138,4.046585,5.759498,4.662777,7.9644156,6.597721,6.7245445,4.2105927,3.4475641,3.97577,3.9746315,2.0819101,2.1728945,angry
-698.91364,67.23646,6.175064,21.191088,2.876388,15.74372,-14.501319,1.3329839,-5.1051245,1.1244338,-3.1243467,-3.663961,-1.7426924,0.14849082,-4.1544366,2.0197823,-3.0043821,-1.0660496,0.22638841,-2.5660646,-2.7866518,-2.545687,-0.83877873,0.41964224,-6.149205,-2.2382076,-2.4567497,-2.1850553,-3.4472098,-1.8118131,-1.9395256,-0.71005857,-2.147772,-1.0756347,-0.7640886,-2.7466097,-1.7083564,-2.4944186,-1.5830052,1.151532,disgust
-739.68524,87.9206,12.17247,17.540768,1.3879102,15.421913,-5.589661,4.0069685,-7.7555585,-7.3176165,-2.3549864,-1.4693485,-3.100782,-4.076531,-2.293746,2.679268,-6.002412,-1.4332788,3.011395,-4.0951157,-4.196719,-1.5047657,0.13043377,-3.2106433,-2.6856325,-2.046795,-2.7657335,-2.6515677,-3.651435,-3.9715788,-1.3912064,0.06589586,-3.8048537,-0.35490078,-0.37544364,-3.3095005,-2.3664064,-1.8775027,-2.956979,-0.5199927,sad
-633.6809,94.717926,-5.434954,11.03422,6.998948,20.168148,-11.7705555,-9.371553,-8.13206,-7.772893,-11.795867,-8.572509,-6.093226,-9.830365,-2.5718987,-2.1140847,-6.8205085,-4.1042185,-1.6264837,-3.8548412,-3.3897321,-2.152359,-2.4566722,-2.0141375,-4.172233,-7.258525,-1.5767968,-1.2904907,-6.565402,-2.3642972,-1.230969,-0.94870615,-1.6530706,-0.85395986,1.8161131,-1.2110693,-1.039711,-0.27360854,0.9118322,1.3911798,sad
-612.7453,72.11917,4.390731,24.674278,8.5527525,13.575852,-10.706611,-0.07956361,0.045442004,2.4189112,-3.4451718,-1.5923558,2.4489448,3.0238285,-4.1912327,3.9812336,0.11262416,0.565635,1.4917625,0.6698509,-1.5705916,-0.43472365,1.1041276,-0.43404073,-3.3075862,-1.4473637,-1.3532264,-0.33052775,-2.40636,-1.165595,0.22990093,-0.023208322,-2.1405795,0.33528355,1.1040082,-1.0742538,-1.7507329,0.7016174,-0.61645544,0.71713555,disgust
-512.1969,86.0672,-7.3359504,8.854346,2.6489408,15.201008,-13.77693,-6.245088,-6.9126635,-6.03758,-6.650435,2.464894,-2.547665,-1.774974,1.52387,5.8340135,-3.9065075,0.09022597,2.8928268,-1.8667779,-2.444933,1.5496494,-0.19346698,-0.5553875,-3.1352153,-1.6814661,-2.1266103,0.81625086,-1.7049458,1.279067,3.067183,2.7589383,1.299163,4.3406677,2.4691265,2.9536672,2.8823755,5.258403,4.471447,4.4707108,happy
-648.88885,93.78957,-5.7500315,11.752817,6.6184034,14.632292,-5.867282,-0.8416613,-10.115384,-5.0701933,2.3150814,0.7428993,-3.6212883,-2.4947,3.4817955,3.9322407,-6.8229456,0.17610797,2.6767612,-4.144309,-2.959918,0.27181283,-1.9679445,-3.8170922,-3.6601539,-2.0918016,-1.8329891,-0.021138381,-1.4350078,-2.5635998,-0.7354266,1.536842,-2.5263605,0.46773186,-0.14138207,-3.2642624,-1.4886904,-0.5319272,-0.4979674,0.7905979,happy
-700.043,108.81173,10.519986,19.894226,6.423348,20.240381,-9.258765,1.6630962,-12.542186,-3.918166,5.31185,-0.35931936,0.39507192,2.1168692,-0.7516227,9.006521,-2.6425025,0.083748475,4.2628064,-3.6534243,-3.5911586,-0.62922424,1.9728284,-2.7122996,-4.497511,-0.51626384,-1.463454,-2.4651947,-0.39696416,-3.1987796,0.17541727,1.7253689,-4.2333574,2.307546,-0.9495116,-4.3086276,-1.6892493,-2.5153046,-2.4969695,0.15951182,calm
-685.1911,91.44493,6.7003827,19.388222,8.064279,17.239891,-7.018652,2.3264651,-8.858726,-1.7122339,2.0464091,-2.941984,-3.6179066,-0.5011816,-1.2188423,3.8716362,-6.1852155,-0.2228586,2.9005125,-4.735571,-1.6276917,-1.045677,-0.6082078,-1.4123125,-3.6598144,-2.7628953,-0.6582182,-1.5127995,-3.3743103,-2.1177638,-1.0330906,-0.8574024,-1.5844059,-0.4040907,-2.0325518,-2.1141903,-1.9214247,-3.1639311,-1.1361413,-0.89131224,neutral
-738.5714,98.130775,7.3637176,12.641453,4.1095085,17.988504,-6.0968604,1.7653866,-6.673279,-2.1309683,4.2784324,-1.4487147,-2.1509602,0.58705014,0.8502192,4.013327,-5.355386,0.2657239,2.435469,-4.3826427,-0.97080415,0.5473869,0.37292063,-1.5190058,-3.000887,-1.0935467,-1.4545984,-0.99814016,-1.9125689,-3.1144087,1.0346214,-0.864431,-1.8898755,0.7565432,-2.5298607,-1.7873354,-1.5388938,-2.9257982,-0.800136,0.33532318,calm
-643.116,74.25263,5.7097435,19.294641,2.960557,13.386591,-12.936572,0.40643647,-5.831004,-1.6517538,-0.9465893,-2.7198567,-3.6315954,-1.2626904,-2.585248,-0.22495909,-4.146575,1.1144972,-0.4201244,-5.7743006,-0.24289545,0.15721911,-3.516628,-0.52991813,-3.5887694,-3.4260905,-1.3059461,-3.0133321,-5.083759,-2.4175403,-1.8623253,-1.2048047,-2.7092156,-1.618608,0.14276823,-3.1461446,-2.2659953,-0.89041764,-0.7671967,0.5170137,surprised
-597.75604,63.733128,-0.4394254,19.118216,1.0428808,11.306883,-11.958356,-2.7801764,-5.4922724,-5.0113626,-1.6239886,-3.3878593,-5.8471375,-2.826723,-1.4409136,-1.5845015,-6.014684,-1.8948956,-0.27365717,-6.3559084,-2.4790785,-0.17182969,-3.3598974,-1.8421437,-4.272282,-4.8005095,-1.9869086,-1.3790675,-4.6510696,-1.7119178,-0.6775172,-0.3110037,-2.4244094,-1.8021282,0.521298,-1.8446668,-2.039914,0.27294776,0.476158,0.7374827,surprised
-592.1257,69.15792,1.7986273,15.329559,2.4005744,15.389952,-4.3150907,-4.766762,-8.977143,-4.7562866,-6.308251,-5.084374,-4.416496,-6.716114,-1.9319444,2.11979,-4.990928,-2.7674112,1.0661782,-3.46325,-5.082076,-1.0593123,1.6933647,-1.5281368,-3.4223225,-2.6010509,-2.345025,1.4443076,-4.3619895,-3.349754,0.9263006,-0.28276572,-1.1707729,1.0205514,1.8892226,0.20834637,-0.003368031,0.6468367,2.334798,3.4760642,sad
-610.02893,67.16418,7.2136455,29.855272,1.0116427,14.8390875,-13.544244,0.19634008,-1.4775399,-0.47852865,-5.8871183,-5.527038,-0.9474311,-0.48759428,-5.8484206,0.95409185,-2.7470355,-3.0886722,0.063712224,-2.2873285,-4.796163,-0.490011,-1.9981903,-3.8141365,-6.865436,-1.4876794,-3.7979786,-3.2486978,-4.7623825,-2.2267191,-2.0124192,-1.8348268,-3.0223143,-0.3240499,-1.6035486,-2.893041,-1.8189843,-1.2180929,-0.8764995,2.1113389,disgust
-691.84064,76.6491,4.1484766,15.059004,4.4153013,11.945502,-12.732775,-1.3045108,-6.5772567,0.5656572,-0.3083786,-2.400982,-0.030777302,-1.1224614,-1.2065547,1.7358652,-4.5528064,1.8384435,0.86391324,-5.1290503,-0.96760887,-0.6485989,-2.6428416,-0.82312346,-4.27847,-3.5686014,-1.584406,-1.4170381,-3.1251907,-1.2129066,-0.6835134,-1.8843311,-2.10105,-0.2853601,-1.8296411,-3.2081764,-2.7205498,-2.0249014,-1.5122972,-0.5906497,disgust
-755.40985,87.45532,5.782381,13.41448,3.6879442,13.727745,-5.1937156,1.338141,-6.3247724,-7.3969316,-2.3823295,-1.876433,-2.8198497,-4.008037,-4.1007376,1.2749254,-3.838315,-1.7909713,0.82697177,-4.1204867,-2.8556473,-1.9890578,0.8387657,-1.7309415,-4.44573,-1.8452413,-3.4322033,-3.8217223,-2.435814,-2.7967677,-2.0942445,0.013691948,-3.2941039,-1.3110847,-0.63768524,-3.9097161,-2.3694422,-2.8085957,-2.3864603,-0.2905905,sad
-499.42136,55.029373,-17.23886,3.3353977,-5.38929,8.037549,-18.651104,-6.772884,-10.586461,-10.385616,-7.9065757,-7.0368514,-6.8087697,-4.8939633,-3.5994253,-0.49708253,-5.0716343,-0.3542178,-1.1473072,-4.2705026,-1.4578525,0.2775138,-1.6674411,0.9247481,3.138451,4.414532,7.182637,9.737567,5.499739,2.2231944,2.120562,2.6422968,1.149904,3.300603,5.2934346,3.0972235,0.45018584,1.0635469,2.8311334,2.3513365,fearful
-390.2718,51.95064,-13.199333,8.289697,6.2049522,11.455559,-14.3901415,-2.3950171,1.2023748,-0.63626957,-4.5785875,3.2610643,-0.6927104,-1.0828288,0.001437735,3.9311464,-2.5396533,0.31101486,3.5010912,-0.44147345,-1.5305527,0.60691965,1.7866372,0.7962907,-0.38747552,0.85088056,0.87872624,3.0420675,0.62528,1.5365247,3.5017486,4.249526,3.1740236,6.4405727,6.6071973,3.9139287,4.4168673,5.926145,4.1158667,4.28969,angry
-543.35187,67.59553,-4.397059,16.146328,3.4796267,9.014055,-12.870681,1.0161594,-6.158005,-7.485533,-0.7225876,-0.97106504,-2.274447,-2.032295,0.38888237,0.82636845,-5.0290213,-2.4998186,1.5204388,-5.3971653,-5.180217,-0.18376099,-2.047955,-1.0792717,-3.9300573,-4.0604997,-2.0989792,-2.3428802,-5.16395,-2.8124309,-0.9052472,-1.6215332,-3.3450158,-1.4207817,-0.70338714,-2.196538,-1.0440046,-0.026956031,-0.16070892,0.5322901,angry
-680.71045,68.621994,0.72880244,14.265648,3.7119627,13.285195,-9.092104,-4.5794797,-8.964406,-5.5340424,-5.180951,-4.0517106,-1.0777075,-2.454507,-0.66543335,1.2332194,-5.0760365,-0.79116046,1.1778512,-5.3562045,-2.9588056,-0.32665658,-1.1972616,-1.602061,-4.1854563,-5.3487825,-3.0577717,-1.1144052,-4.63033,-1.5621622,-1.9458684,-1.4030045,-0.6441001,-1.7494286,-1.0171589,-1.5840169,-3.451274,-2.9449487,-1.8874787,-1.2397932,fearful
-670.8587,76.79632,11.147035,15.564753,5.9507504,17.093586,-6.5601497,0.9777879,-11.249627,-3.3218868,-0.9775268,-3.03093,-4.4691815,-1.4393132,-1.6671729,2.4984596,-6.6550484,-2.2780595,0.9259163,-4.210712,-3.4735906,-0.58804256,-1.7386668,-3.069446,-5.2183156,-1.9791629,-2.7376702,-2.7135513,-3.5111961,-3.3755589,-1.3252617,-0.21178892,-2.8070009,-0.27912968,-2.8503606,-4.1342063,-2.581274,-3.9486308,-2.508026,-1.0443572,neutral
-720.1585,98.58431,4.9210544,15.639675,4.472946,19.3,-4.1599026,4.3577867,-8.172111,-5.4012685,2.5868926,-1.6316073,-3.1975546,-1.617182,1.0540853,4.051504,-6.521302,-0.39616418,3.4962099,-3.0181422,-1.9694262,0.79868305,0.6407528,-2.4787304,-4.4841104,-1.5055546,-1.1222881,-2.071294,-1.8977292,-3.9465773,-0.6332848,1.778298,-2.0524902,0.12465672,-0.54422766,-3.386164,-2.1188333,-2.4556015,-0.45429415,1.5864938,calm
-689.03253,94.663246,-4.526792,24.745512,4.9283867,18.276054,-7.894153,3.914948,-12.346135,-8.685495,2.170455,-3.3549223,-3.5423625,-0.8314858,-1.7732416,4.088546,-6.6430535,-4.6379294,0.7834721,-3.263318,-1.7248939,-2.4681938,0.98612046,-2.722655,-6.15238,-2.1855469,-2.9888072,-2.4975915,-0.8573754,-2.8650084,0.1811159,1.8716841,-2.1350982,1.7018478,-0.048407227,-3.8688629,-1.2534603,-2.2337804,-0.038271714,0.5824407,calm
-690.8388,97.60097,-4.8136754,17.438318,10.129062,19.369835,-4.1547446,5.2636385,-6.2675486,-2.6730418,3.817072,2.834687,0.34837013,0.8556842,3.106459,5.6978726,-5.5984883,1.3403757,5.289916,0.043989558,-0.9070618,3.0744102,2.3443592,-1.692447,-2.7096977,0.20301591,-1.0005873,0.7187707,0.22566377,-2.6472147,0.07670816,3.069681,-2.3178344,1.1605754,-0.24854378,-3.2296076,-0.49526244,-0.729767,1.3961539,1.6776623,happy
-525.0778,91.01579,-13.52292,5.6760387,3.8942125,14.811388,-18.78126,-4.9655066,-6.936727,-9.46572,-6.834322,3.474491,-6.488342,-4.164402,-0.11832511,1.7943418,-4.994242,-3.710969,-1.4670912,-4.5903335,-6.3588157,-0.5332584,-1.9189954,-4.098078,-6.2565904,-2.3342435,-3.9318447,-0.06526864,-3.8892465,-1.3034066,0.82761884,-0.078632526,-1.2054589,0.46475002,0.88878083,1.0910093,1.5821388,4.3127675,5.882953,7.304029,happy
-723.5354,91.70692,10.917063,14.811353,5.649635,19.646393,-5.7743387,1.59545,-5.906316,-2.3711736,4.501402,-2.2118204,-1.8213046,0.47660986,2.3966048,2.703181,-4.3666244,0.4794387,2.6431885,-3.8825302,0.30422226,0.73462254,0.81199044,0.33917165,-3.2184324,-2.2227194,-1.0861107,-0.9063347,-2.8613033,-2.3167214,0.6579189,0.38694575,-0.7126627,1.0134953,-1.1957021,-2.266157,-0.8204457,-2.7182746,-0.16815229,0.90670204,calm
-682.37585,94.25595,8.088109,20.869526,7.556281,18.462164,-7.737593,3.6498573,-9.894824,-0.8045709,3.1283548,-1.6335583,-2.6802,0.4845887,1.0966505,4.7543035,-6.471555,1.1871468,3.677612,-4.4130964,0.8827012,1.4435666,0.059650473,-1.29979,-3.0570743,-1.9057571,-1.8637564,-1.4762849,-2.8143346,-2.8505373,-0.081956536,0.22599788,-1.8169079,1.0444938,-0.33802253,-2.589525,-0.94831944,-2.58488,-0.44556314,0.37795046,neutral
-672.8893,94.30765,4.7198873,27.00029,5.050807,22.288439,-6.3512583,1.9591641,-10.226257,-4.7528973,0.042333815,-2.728485,-3.3234515,0.7760142,-3.9941766,4.9736233,-6.080005,-4.242847,0.50903046,-3.4930966,-2.5489109,-3.4940178,-1.6515075,-3.0865457,-5.561673,-0.548921,-2.166417,-4.3682876,-2.3754923,-0.9368724,-2.2542338,1.6370405,-2.4236884,-1.3417013,-1.6771542,-6.1511884,-2.7860336,-0.9180793,-3.6094384,-0.48158705,calm
-648.88885,93.78957,-5.7500315,11.752817,6.6184034,14.632292,-5.867282,-0.8416613,-10.115384,-5.0701933,2.3150814,0.7428993,-3.6212883,-2.4947,3.4817955,3.9322407,-6.8229456,0.17610797,2.6767612,-4.144309,-2.959918,0.27181283,-1.9679445,-3.8170922,-3.6601539,-2.0918016,-1.8329891,-0.021138381,-1.4350078,-2.5635998,-0.7354266,1.536842,-2.5263605,0.46773186,-0.14138207,-3.2642624,-1.4886904,-0.5319272,-0.4979674,0.7905979,happy
-469.40402,72.41245,-14.685673,11.758047,2.7314088,12.90853,-15.329283,-5.5797715,-9.356756,-3.3137844,-5.561155,0.23645245,-3.3300798,-3.8974447,-0.68081504,1.8767756,-5.8646784,0.9157665,0.9690265,-3.764843,-2.2720366,0.12044346,-1.5648474,-1.1789467,-3.1536372,-2.9734058,-1.7734966,0.17890745,-0.27572963,1.2065527,3.8559752,5.012376,2.5047276,6.075577,5.2225614,4.831482,3.8160985,5.2483144,5.0531654,4.206985,happy
-666.7544,81.005875,9.412706,20.818691,2.4678755,15.377818,-11.241872,2.0945663,-5.650877,-2.4866955,1.1019536,-2.079703,-4.054178,0.1570014,0.35471493,1.0459623,-5.18341,-0.371782,1.4683884,-5.1392155,-1.7215811,1.8813841,-2.332552,-1.4165365,-2.6952312,-2.758807,-2.7569394,-1.5964688,-5.3495193,-2.87129,-0.006905051,-1.1672539,-1.8376794,-0.61626595,-1.1144758,-1.8970435,-2.3919346,-2.0872169,-0.73224056,-0.9197467,surprised
-522.09204,69.305,-3.833878,17.697077,-0.5418765,8.605194,-10.912231,-4.0253983,-7.184466,-6.294817,-4.8176446,-3.3349993,-4.0313044,-2.6467354,-2.8318455,-0.36953738,-7.014463,-2.9088628,-0.7249244,-3.0901885,-1.820524,0.026376972,-1.7810414,-3.4540472,-3.3122706,0.43564874,-0.09501522,1.4977732,2.313338,3.6137238,2.1457024,3.4153192,2.3808563,3.9964352,2.962255,1.150072,2.4099107,3.293311,1.8482989,2.8067956,surprised
-561.69666,66.061844,-0.76260847,19.809284,5.959435,8.413821,-16.410505,0.61695576,1.286905,-1.9939556,-6.198728,-2.971222,-0.3752532,-0.7460231,-4.476397,1.8233303,-2.2757604,-2.4891999,0.7281211,-0.98504734,-4.294456,0.014774598,-0.21373953,-2.1583154,-4.306462,-2.2381928,-1.9209821,-2.5342267,-4.3184423,-0.11785693,-1.149758,-0.44733778,-0.8603574,1.6931754,-0.13766629,-1.0503293,-1.5797527,-1.397737,-0.43528616,1.9469855,disgust
-635.9413,75.94277,5.5895085,13.226604,7.206853,17.061924,-9.983244,-3.5265985,-3.3042383,-2.935399,-6.090469,-1.0889868,-1.5229541,-6.4860997,-2.144048,1.7648287,-3.2636888,-2.2594388,0.25543442,-1.8690938,-2.3190765,0.73460066,1.7125328,-0.38967463,-0.33943096,-1.8323537,-0.4337443,1.909686,-3.8815334,1.2799637,2.3887467,-0.5356513,1.0696101,2.5643392,3.1192605,2.3831375,1.8328966,2.241436,2.8885612,3.2445142,sad
-658.00586,94.38582,0.06499353,14.858917,6.3506913,14.752876,-11.687057,-0.3807004,-6.819075,-10.327941,-4.772018,-0.6235121,-5.589095,-2.007914,-0.05045161,1.596213,-8.271059,-2.2580535,2.0867794,-6.355321,-5.49483,-0.9703016,0.11120992,-3.1084042,-3.954479,-4.088237,-4.620649,-2.5911126,-3.7753978,-4.193918,-1.670597,-0.09880481,-3.9421287,-0.15289323,-0.9998716,-4.360464,-2.2721188,-2.697328,-2.3034775,-0.46247783,sad
-747.5718,75.8435,13.432493,21.443054,3.3708262,18.788002,-4.6686826,3.0660918,-6.763699,2.6156256,2.20392,0.84723616,0.40522492,1.0124221,0.74173766,3.578937,-1.5800219,3.1570685,2.7704854,-1.71096,-1.2475516,-0.730125,0.72807276,0.84908456,-3.0280313,-2.7793815,-3.521963,-0.59019893,-3.4999006,-1.9382777,0.9007077,-0.6150514,-1.3802791,-0.60595626,-1.22936,-1.5690618,-2.6194706,-1.8998377,-0.7640856,-0.8659114,disgust
-373.48856,43.320095,-23.760143,2.1681998,-4.434816,6.8627796,-19.870394,-2.771858,-4.979842,-10.118385,-8.905963,1.0947511,-2.6953118,-5.7560024,-1.7681503,0.61957246,-3.7225518,-0.15581046,1.1938734,-0.05005527,0.39281362,1.781878,0.4699218,1.6264849,0.38506123,3.9543457,2.5122075,4.684566,2.6941843,1.0596578,1.1781777,2.9219503,1.6336782,2.508895,1.3178289,1.0706493,1.6968994,2.95065,2.5420134,2.5903647,angry
-474.66946,45.231026,-18.042658,4.273756,-8.425743,4.389859,-18.731024,-5.8153377,-9.747096,-10.960724,-5.4074216,-3.7505825,-5.615645,-2.7643416,-2.7698689,-1.9928249,-4.5760946,-0.14411105,-1.2532442,-3.9595342,0.83708733,5.1526837,4.7404256,7.26694,6.779119,5.6841817,3.5577028,1.9603758,0.112955295,0.75253147,4.066775,4.909972,1.1056839,0.9633997,1.2700533,1.5278223,3.0338967,2.6279259,1.4644325,1.4561771,fearful
-666.31006,77.826775,-6.2345257,11.061894,1.8930616,13.460344,-10.770215,-5.6061125,-9.452147,-9.306153,-5.776271,-1.3667862,-1.980747,-5.9571857,-1.8728828,1.6456885,-8.088735,-1.5142071,2.056864,-5.871733,-2.9884365,-1.8271618,-3.22141,-4.084759,-4.356996,-4.5636945,-3.160974,-0.9896962,-4.8153214,-2.4142795,-0.8580351,0.5079948,-1.4770083,0.086237945,1.3180611,-1.9526411,-0.26207837,1.2253567,3.7847574,3.861855,fearful
-544.7713,73.16177,-10.358592,13.338441,4.8100553,15.029965,-13.3049135,6.249742,-5.003557,-7.4147716,-1.2825496,2.6496706,1.619419,-3.4008033,0.42045107,7.850745,-4.021605,-2.3665125,4.5256996,-1.657024,-4.606099,0.9478308,-0.3859146,-1.386082,-2.8749874,0.07439723,-1.0566823,-1.5897912,-0.6147075,-0.5464395,-0.15076198,1.5351783,-0.7172881,0.9522086,1.8528006,-1.6536067,-0.6998114,1.3087122,-0.8274796,0.3878906,angry
-739.9889,78.82426,-13.175588,7.84388,1.160188,7.9514666,-11.558872,-4.7770457,-7.604497,-7.612889,-1.462203,-0.6914147,-4.2912583,-4.918397,-1.8033545,-4.161445,-4.4664054,-2.277603,-5.1887546,-2.7727585,-2.6404226,-4.6357875,-4.33022,-4.9470196,-3.7637405,-0.24278997,-4.2113934,-2.6029165,-1.8777963,-2.2431648,-2.0730789,-0.26911703,0.5037307,3.693184,3.4356942,4.4163446,4.346578,1.7162127,3.6778047,3.7023087,neutral
-731.6196,91.31346,-4.1083093,13.896775,-4.15542,14.478597,-9.02882,-9.328955,-12.819087,-7.841082,1.4780833,2.0386918,-1.707761,-6.1742234,-4.7341824,-2.8073246,-4.450903,-3.5412204,-2.850866,-0.3901401,-2.7120173,-3.292731,-1.9520127,-5.157995,-4.687199,1.1281015,-3.936657,-3.0150576,-1.7278334,-4.383297,-3.5002804,-3.4074209,-3.1303422,-1.1975833,-1.6702871,1.4082294,2.5351293,2.0530882,5.49317,6.05663,calm
-732.1636,79.045334,-10.743717,12.762474,4.1499114,11.836023,-11.580831,-7.697507,-10.697311,-4.5045705,1.3837149,-0.9706554,-4.7257457,-1.3109975,-5.4412503,-3.267484,-2.7958407,-2.623143,-2.0825014,-5.006987,-5.6055737,-4.4365816,-2.374354,-5.2566724,-6.503746,-0.1800378,-6.0408645,-3.213162,-1.0939256,-3.213597,-1.2241193,0.3662271,0.6532668,2.745778,-1.0678366,0.9034352,-0.01701997,-0.35379592,2.3549032,4.2864375,calm
-608.05676,79.35598,-42.20317,-10.743568,5.4524736,2.8259375,-22.118572,-11.73423,-10.78048,-14.367832,-5.315158,4.8594413,-10.820103,-10.073935,-0.47794914,-6.303944,-9.062118,-1.3819861,-7.7612247,-7.544633,-4.489394,-1.471483,-2.4086359,-4.915494,-2.966873,0.95537645,-3.476371,-1.3790522,0.11934251,-1.790722,1.3352947,2.1316788,5.312496,7.977245,5.190068,5.1355047,1.4471505,0.6428496,3.930714,1.1969726,happy
-469.18704,47.72425,-40.387554,-15.152858,-4.8166256,1.394802,-22.896873,-15.089243,-10.314307,-10.407693,-6.202415,3.1687143,-7.077639,-3.0456429,8.05259,13.159092,10.598034,12.617,-1.7940154,-2.6414926,-1.3828282,-1.201101,-1.2013108,-2.5791883,2.3190148,3.1716356,-0.32134482,3.123016,5.3847156,6.1170473,4.0933566,1.2514341,0.7889182,3.244254,-0.63549864,1.1518192,0.73752403,-0.034100212,3.7705908,4.144162,happy
-763.42786,73.529305,-6.8283434,5.0051713,-3.393399,7.140935,-11.051927,-2.506845,-8.445262,-5.621273,-0.9042172,-1.5756578,-3.4416962,-4.980639,-2.6633983,-4.9410763,-5.7087345,-1.633202,-5.5818872,-6.5658865,-3.9672856,-4.452004,-5.40335,-6.606895,-2.1779616,-2.3258336,-2.6990473,0.35632968,-1.8462701,0.7165825,0.5344593,0.07265533,0.8175371,3.8867435,4.163202,3.601356,3.6656835,2.0061877,2.6809623,1.4965101,surprised
-610.2141,51.69551,-21.12021,-3.0954087,-5.5816264,3.3488526,-18.5954,-6.7456226,-13.261192,-11.246963,-1.9342049,0.09000756,-8.470365,-4.812411,-2.1305919,-2.361157,-4.3880424,0.7922978,-1.61271,0.6284512,2.7465284,4.344546,4.784072,3.8756804,4.2547283,4.0215693,-1.4484096,0.13901468,0.94370234,0.57902086,0.39942047,1.1810621,-0.123432994,1.7580667,-1.9393259,0.8710067,1.8593357,3.267537,3.28948,3.6032805,surprised
-601.22845,67.22256,-43.22933,6.640947,-10.576336,7.2271533,-29.964556,-9.75127,-12.751556,-18.716078,-3.6401722,3.894945,-8.069677,-12.434725,2.7104228,-3.5861492,-9.351429,1.685785,-7.8266063,-9.536556,2.8274877,-0.7870527,1.3981885,-1.1055189,5.2303085,7.9710746,3.769997,6.3576474,5.860755,3.9284983,-0.5631759,-0.98890626,-1.2737088,0.4700177,-0.53204775,-0.23878716,-1.2147189,-2.0803456,0.06971735,-0.18875791,sad
-629.46295,66.98709,-10.1206665,2.2578094,-3.9102125,4.9634895,-15.361145,-9.032662,-9.719402,-3.5475385,-3.6072876,-2.1067884,-6.891882,-5.0174446,-0.8835555,-6.1874866,-5.949921,-0.5621809,-8.295094,-4.6028175,-2.0784984,-3.3537695,-3.6230102,-2.250487,-1.4732543,2.696803,0.8800772,2.2011273,1.600095,2.829595,2.460973,2.9387517,1.8121289,3.3934388,1.0367116,0.5377777,2.0951986,0.76768166,2.0945473,2.8844912,disgust
-718.33795,83.775734,-10.53209,14.579582,-8.153666,7.6110387,-13.185247,-5.0732946,-12.631404,-7.4369893,-3.287561,-3.2462053,-3.6715481,-4.1748137,-6.52591,-6.1098547,-5.4581156,-1.3730898,-3.6255205,-7.2701263,-5.075338,-3.5669,-5.8648567,-6.2197824,-4.9752507,-2.8699584,-3.4579403,-2.7311873,-1.7107056,-0.51495045,-2.3670123,-2.0938256,-2.1529496,1.3227144,0.15965943,2.9762886,4.4716415,4.5909333,6.105328,4.4283,disgust
-760.2038,82.78668,-12.983112,13.909022,4.6071386,11.596461,-11.681245,-7.0799108,-8.173425,-8.096255,2.2099779,-2.6249802,-3.0217106,-6.5483723,-4.003847,-0.32701337,-4.1734257,-4.1055064,-4.298849,-5.4848204,-5.6926246,-4.272068,-2.7709029,-7.939411,-4.8062005,0.14788556,-3.897401,-0.7209753,-0.22482878,-0.7228982,-0.6915001,0.69007033,3.1729238,3.705989,3.4129162,3.4874253,3.2751372,3.0557485,7.7936664,8.538794,sad
-407.7009,36.308372,-48.177834,-16.509857,-15.522624,-6.4527416,-23.39292,-14.367491,-9.536465,-2.3708944,-0.84886837,15.740981,12.900077,4.293658,4.6427336,1.6280485,-7.7837043,-6.2612348,-4.051994,3.54428,1.6390882,1.373628,-1.9221132,0.008851361,5.7901354,6.6553903,-5.621538,-2.235301,-2.0524838,0.98828477,-2.121273,0.36305115,2.6028714,3.7606628,0.13086064,0.5849921,3.5510838,1.9915341,0.52603644,2.3860202,fearful
-374.82858,45.08974,-35.61872,-16.695122,-11.255357,-4.5902915,-20.95162,-5.1012225,-8.588924,-10.689441,-3.8886225,2.3984988,0.39810792,3.9521084,9.989937,9.407904,2.4654741,3.2959213,-6.1155906,-0.9851857,-0.9426925,1.1756997,2.306873,-3.0522037,-1.2092688,0.8162279,2.2623324,5.543159,2.635142,2.8560617,2.0183682,0.7971995,0.78855807,1.6558502,-2.621188,0.6976488,1.6636904,-0.533546,0.9110388,1.3242308,angry
-604.39777,65.40564,-19.0879,2.2016296,-3.8812475,0.50134015,-21.305946,-4.8047795,-9.561754,-12.292964,-3.3509316,-1.10105,-4.096261,-6.2486277,-3.3647146,-5.556131,-5.862071,-2.184135,-6.7654347,-3.3036919,-5.8892274,-5.5845284,-4.475675,-5.769688,-4.83397,0.14487126,-2.7821243,-0.6813679,1.7789426,0.76653945,3.5357966,3.312571,3.2606032,6.824724,3.8389697,5.723286,2.932879,-0.19022082,2.6735618,1.9492763,angry
-675.3297,63.21178,-11.654977,9.173196,-3.2936656,12.814124,-14.673178,-5.1945376,-8.607684,-7.6521463,0.063053116,-1.4008236,-4.4405475,-6.8246126,-4.607208,-3.981812,-7.063922,-3.815283,-7.7543907,-4.8938775,-5.5986075,-3.9093912,-3.7446911,-7.1935997,-4.3127284,-0.47305334,-2.7726939,2.334892,4.4279394,5.236257,5.583001,6.082625,4.265885,4.2994227,2.0321145,1.5784239,1.6494204,1.255238,3.7951338,3.9273553,fearful
-708.7773,73.45084,-3.2192996,9.616068,-1.2912337,10.986929,-13.941433,-5.2214346,-10.556053,-5.04459,2.8956165,1.0174402,-3.4875224,-5.371875,-0.9707055,-2.2484548,-5.009032,0.1690483,-2.1044674,-3.594816,-0.6924413,0.28616983,-1.905765,-3.168145,2.2393246,2.637543,1.2157068,3.2553306,3.7146428,2.769602,1.3055611,-0.0020072807,0.36257768,3.8085904,3.2128654,4.962424,4.759942,4.16854,5.21464,3.4793234,surprised
-605.0874,55.275497,-23.393784,-7.995293,-6.9491367,-2.1199071,-17.265993,-5.1109557,-10.8369665,-10.59833,-4.4940248,-0.45501155,-4.9166675,-5.5631113,-2.2170928,-2.9504495,-3.9703693,0.40562013,-2.8021579,0.60483754,4.711154,3.8994713,1.5721971,0.8623801,3.4211085,4.775996,2.2901108,3.241005,-0.540281,-1.5187095,0.7793528,-0.9317065,-0.7738459,2.3494606,0.2219083,0.40250114,1.3764926,2.677702,3.8711085,2.9296682,surprised
-687.5083,66.78211,-18.883026,-0.48058125,-4.8789,-3.2152932,-15.660712,-7.3110166,-9.110935,-7.2761707,-3.981827,-1.9911081,-5.830417,-3.3555765,-3.5034173,-7.2628884,-4.0717397,-0.6206294,-8.355136,-4.586943,-4.87715,-6.259123,-5.5938835,-3.768872,-3.8101292,-1.3716258,-2.1423085,1.348812,1.5507047,1.2632391,4.5189214,5.114971,5.957002,8.330227,5.079368,3.499533,2.8203406,1.4488227,1.9982421,1.3232677,disgust
-538.00366,48.87625,-42.743336,-2.7120426,-3.054526,5.1465025,-22.605495,-3.842747,-3.8082068,-14.554675,-2.2159712,3.661035,-7.4154654,-5.7478213,4.2681785,3.7392423,-0.26372054,11.851724,7.890728,8.422726,12.636813,7.9354787,0.30686235,-6.4543214,-8.753476,-1.8518473,1.1416268,5.2954335,0.9826931,-6.723674,-5.9947786,-2.382957,-0.4292509,2.5671315,-3.9678984,-2.2699842,0.69689023,6.2714815,8.637935,4.4785523,sad
-739.06885,68.97819,-3.521416,8.448589,-5.7618003,7.108215,-12.136314,-6.158264,-10.154979,-10.241537,-1.7823108,-3.812592,-3.4111238,-5.8846006,-2.4644082,-5.439503,-7.185526,-2.7400272,-4.438861,-6.7492023,-4.7334704,-3.4146287,-5.399809,-7.540584,-5.2411785,-2.4601407,-5.141533,-4.1063833,-2.0812051,-0.8457013,1.1030276,1.066216,2.0120888,3.3823407,0.88235456,0.57420856,2.0608122,1.5510086,5.832705,6.366233,sad
-745.98395,60.662273,-2.9393282,11.873779,-10.648389,10.891391,-11.088223,-7.028766,-13.442156,-4.6992736,-0.6339438,-4.0726924,-7.0729966,-4.259369,-1.8759258,-4.191943,-5.4350333,-0.76714,-5.6403985,-4.3354616,-3.571965,-3.539599,-6.528662,-4.3061757,-4.3412848,-2.881676,-3.8246734,-3.7918453,-4.9156137,-1.6606369,-3.1894503,-3.8022375,-2.1387763,0.4153307,-1.241632,-0.8037088,1.4674631,1.9910561,3.6389906,5.3381677,disgust
-412.8523,41.163254,-32.127098,-10.742178,-10.059185,-2.610482,-22.063776,0.18856208,-7.0065203,-12.419466,-6.1815395,-1.8752116,-6.786009,-6.4924846,2.1412315,8.233944,9.696948,15.620057,5.1480365,4.6261315,-3.5587964,-6.020591,-0.1484104,-0.29883528,3.18699,2.0920694,-5.7912207,-3.0770466,-1.6024545,3.9183912,4.0384903,0.9962713,1.3152207,5.221297,3.523822,1.5436801,-2.2114708,-0.69482565,3.6311092,2.875707,angry
-427.01346,41.47662,-47.29987,-10.3636055,-18.520561,-2.2371204,-24.6353,-16.975168,-11.929381,-9.798537,-5.3928275,9.718987,4.517826,-0.32048056,9.488933,10.609828,-0.44910586,-1.7207273,-6.0481105,-1.4156104,1.4714235,1.9819291,-5.7542825,-7.198559,1.8947215,8.611101,-0.44240302,0.66742235,-0.40811592,-2.2020113,-1.4252429,0.99632084,-1.8567827,0.6347051,-0.14444499,1.9180442,3.173433,2.8242931,2.221768,1.6743221,fearful
-706.16113,69.24902,-12.193131,7.8442526,-4.807556,12.632401,-13.430634,-2.1288419,-8.72788,-6.395971,-0.6855688,-0.65708804,-4.539714,-5.369206,-3.831432,-3.6080067,-4.273356,-2.121824,-5.36234,-4.976967,-5.7661204,-4.8425775,-5.276335,-5.8520284,-2.249863,1.6722158,0.21173373,4.5433474,5.7617164,5.9036455,4.981901,4.367299,1.9959834,3.6101868,2.7027905,4.144444,3.704814,1.9071025,3.3131351,3.9490683,fearful
-647.54266,77.7722,-11.207561,12.85075,3.8746827,7.2319894,-13.245909,-0.644045,-7.0401073,-6.635783,-2.006754,0.011814803,-0.017089475,-3.592905,-1.4292054,-3.5087435,-3.951916,0.72294503,-4.486642,-1.694122,-4.3657646,-2.420283,-2.0189567,-1.5868158,0.8582844,3.3528023,-0.5575134,2.2116494,1.4957122,0.17280541,1.4403424,3.7098312,0.7405497,4.851403,2.530153,5.0072956,6.055097,5.294506,5.6851697,3.6517625,angry
-752.2438,79.83723,-6.42213,14.22143,1.2245244,14.126369,-9.305337,-9.426622,-12.13879,-7.8767805,2.4101806,-0.37939596,-2.7276566,-5.522239,-5.994744,-1.9667141,-2.463046,-2.079354,-2.9486601,-3.160131,-5.462311,-3.0976005,-1.7331496,-5.063996,-5.902003,1.3439786,-4.1622887,-4.8245077,-1.4821124,-5.133877,-1.4163041,-0.09438619,-0.7994471,0.73457474,-1.1893605,1.1509852,-0.17050543,-1.4178822,1.1133639,3.960732,calm
-767.4759,73.5274,-14.756846,3.7603445,2.1794362,7.1440024,-11.641492,-3.9296548,-6.3410864,-7.774187,-2.5492647,-1.2185838,-3.3801293,-4.105696,-3.938128,-5.048326,-5.4361906,-3.8273091,-5.7515187,-2.440913,-4.9144735,-4.0028114,-3.8976295,-7.003894,-4.655722,0.9737397,-1.4272565,1.1414313,0.053962197,-0.301029,-0.22024497,-0.9440212,-0.5404145,-0.5324045,2.0375404,3.576134,3.337782,3.0665374,3.16205,3.1238558,neutral
-755.84753,84.86619,3.9826868,14.217865,-4.377262,12.027837,-8.769316,-4.076503,-9.268899,-6.663219,-0.35638863,-0.66747177,0.6408158,-4.5091295,-6.556786,-4.6642914,-1.3972093,-3.1490643,-4.4680524,-4.248627,-4.367456,-1.5057019,-2.4694278,-5.0706134,-6.696697,-0.552482,-4.4637027,-4.9656754,-2.1094425,-3.0455983,-3.6074073,-4.0380163,-2.51419,-1.1689662,-1.8752936,-0.08382634,1.7976927,1.6618532,2.7756307,3.8980694,calm
-676.9961,73.689415,-26.894987,-1.8294779,2.815586,2.6750965,-17.42479,-7.6331167,-11.00144,-11.814997,-1.7620541,0.6011308,-10.357549,-6.470329,-2.1286125,-4.5472035,-9.756863,-2.5138736,-6.0784783,-6.7806053,-5.8922176,-2.3418803,-5.1607757,-7.180378,-1.7638595,0.2629181,-4.9429555,1.2385527,2.3580558,0.76443714,2.518175,3.4950116,2.0212436,3.4669774,1.4806395,0.7120425,0.67008525,2.743229,6.420451,5.36454,happy
-458.94272,44.012955,-45.58838,-16.589987,-6.3298364,3.9651985,-18.925444,-15.704324,-13.868009,-7.1733146,-10.793342,9.323429,4.1809025,2.7122273,18.721136,12.092628,1.7575886,2.2211328,-7.1931677,-3.002258,4.286499,3.248589,-0.026754176,-4.381966,-0.87405497,7.419792,4.960848,5.631039,2.1605504,1.3183488,-0.7756571,2.4306762,0.86719406,-0.2956138,-0.7828943,2.1303427,3.096528,0.83654517,2.5973814,2.12566,happy
-608.8313,50.989853,-16.876348,-6.392723,-10.912246,3.740062,-19.679558,-5.2548895,-13.089554,-13.068455,-2.8921685,1.251435,-6.6062994,-8.207089,-5.296313,-1.2585677,-4.40502,-0.87594473,-2.8169048,1.7802789,3.5545075,3.1079407,2.8715873,-0.9997897,1.6893126,3.8293805,-0.6056416,1.6009858,1.035017,-0.8331758,-2.5874543,-1.9106005,-1.493905,1.4944977,-1.3557465,1.3736037,1.3166716,1.2253157,3.7432768,3.903583,surprised
-722.79346,64.21685,-9.025169,0.8867531,-2.9964635,4.025441,-12.680365,-3.5293937,-9.380221,-9.209736,-0.5865554,-2.5455964,-5.1584287,-6.324206,-1.4627428,-6.4557543,-6.201361,-2.6446495,-5.5527306,-5.4084063,-4.16856,-4.8148065,-5.0002546,-6.008918,-3.0263784,-3.2581577,-4.505237,-1.5415808,-1.6041827,0.098363176,1.0545076,0.5887752,0.5493915,1.9381855,-0.122811064,-0.9796288,1.5706931,0.932619,2.9465802,2.8209655,surprised
-676.7442,70.20417,-12.805855,2.2184443,-5.0519023,7.8292093,-19.823072,-6.7644124,-12.741711,-12.5507765,-2.5946817,-0.4378081,-7.3700376,-7.8314395,-4.679265,-5.496131,-5.368968,-1.6984557,-6.498567,-7.3604674,-6.18147,-5.002776,-5.2439713,-8.507185,-4.0933824,1.6103874,1.0878766,5.617293,8.367558,9.723274,8.0158825,6.702408,3.7221487,3.8842926,1.8302988,2.2951887,3.3429515,1.0226437,4.121484,2.6841211,fearful
-573.6514,55.04719,-16.191498,3.3417962,-3.8714042,0.09816538,-16.442095,-5.7413125,-5.5722895,-9.8566065,-4.522477,-1.0006738,-2.668076,-6.2963815,-2.8444772,-4.2101426,-4.821772,-0.904649,-6.8933954,-3.6655967,-2.962303,-5.0392823,-5.870474,-6.5383363,-4.9516735,-1.7184248,-3.8627028,-0.22044197,1.919672,2.5664227,6.0551744,4.8133383,4.85938,7.879629,2.9122162,3.331869,1.7820995,-1.2762125,2.158054,-0.012774692,angry
-389.973,45.46704,-36.46586,-13.050208,-10.678766,-2.5088704,-21.19824,-4.1147485,-8.531493,-7.584085,-4.4957457,0.60464174,-0.34129238,3.469567,8.860278,9.198895,3.312862,5.021139,-4.006269,-0.7729205,-2.5321033,0.9067904,1.8167629,-2.9766836,-2.2655437,0.53391176,0.099753544,5.0408196,1.8423284,3.0677052,1.0623888,1.3100373,1.3420101,2.2181828,-1.7590994,0.27980408,0.3805314,0.2653305,0.16316293,0.43652132,angry
-405.236,42.63794,-51.957912,-17.508692,-15.064602,-4.971623,-19.916105,-16.536037,-16.146717,-5.348471,-3.4939706,12.639796,10.506025,3.701524,14.946481,8.952217,-5.729889,-5.859949,-9.190058,-2.9483786,3.010041,5.0333195,-4.5351496,-6.100806,5.02242,11.709213,-0.45123816,0.056456223,-1.1028367,-1.8620795,-0.9209982,-0.8162883,-1.810543,1.418169,1.3074383,1.2564925,2.020985,2.5361485,3.4968848,1.7542313,fearful
-781.7784,76.38863,-5.567322,16.75249,0.08946989,11.96041,-7.5350847,-4.4526343,-7.235439,-6.6756196,0.9302337,-2.8291125,0.22928886,-4.162963,-3.219713,-2.167171,-4.121415,-3.0366292,-2.0403006,-4.3322253,-5.423925,-1.7695512,-2.2254512,-5.644642,-3.023757,-1.0204144,-3.2919135,-2.576693,-0.4685605,-0.24760897,-1.388789,0.5835302,1.0852867,0.5487131,1.0471098,2.1405196,4.561259,4.7100124,9.155135,9.196556,sad
-746.84735,66.07601,-7.9269695,16.191668,-1.1958227,8.4654875,-9.0169,0.33046496,-11.256493,-3.0242,-1.1394885,1.944468,-3.194005,-3.9359822,-1.5041705,-2.28476,-3.4977863,1.3939373,-4.5225024,-5.621601,-2.1210122,-1.1020148,-4.4015017,-5.893757,-2.1453173,-0.3428968,-2.6527188,-1.4168799,-0.95151526,-0.042678338,0.06351309,-0.61310476,-0.6193341,2.6147454,0.641235,1.6472298,2.5880446,2.8175855,4.3198986,3.4245014,disgust
-673.5971,66.37311,2.4183264,11.185238,-3.2442987,5.7915273,-7.7468686,-3.5326233,-3.6031158,-0.48248437,-0.2268842,1.9832561,1.1216584,1.5808146,3.0192177,-0.15097684,-0.22912492,2.7539756,-1.6427987,-0.097189896,-1.0064335,-1.6022242,-3.1466014,-4.2303743,-3.1067078,0.8790545,-0.04024522,3.636956,6.2088017,9.743875,9.832927,9.009201,7.2335367,6.5424905,2.1506429,2.6411185,3.970928,3.6906686,4.998363,3.2275763,disgust
-539.8534,50.83616,-25.744158,3.211646,-11.660536,2.1852999,-18.576761,-4.154043,-6.5683904,-11.744352,-2.22522,-0.3839295,-8.800098,-7.8416452,-2.1476827,4.652289,3.1763377,9.65329,6.99836,6.056341,7.387584,2.8577545,-2.6873732,-2.3658416,-2.04138,2.2978106,-2.5520208,0.020842304,-1.2823943,-2.284932,-2.512352,0.18470022,-0.9239033,0.5023599,-1.5901071,1.2977463,1.2631071,0.33021694,1.2645714,0.6028924,sad
-484.18665,40.23873,-47.015965,-13.493348,-8.785811,1.4309944,-23.656483,-11.573658,-12.019522,-11.572693,-8.228212,3.106581,-7.728936,-1.7698168,9.577061,14.277495,11.931822,12.921817,-0.9758556,-3.127471,-1.2551577,-1.1468693,1.5932369,-1.3475314,2.7736263,2.8008833,-2.8404074,1.6350018,3.0682123,6.1631904,3.0630834,0.09613793,0.15576755,5.204584,1.2953161,-0.02344793,-0.62158984,-0.670127,3.4996202,4.3029003,happy
-652.02704,94.69933,-29.828405,-4.8826027,13.840915,5.2129054,-20.845322,-12.188812,-10.927518,-9.06096,-0.98933744,0.9480405,-10.48848,-7.310635,-2.0954382,-2.2120013,-6.096439,-0.28821817,-5.5601654,-6.952212,-3.9889324,-2.8198488,-3.6307142,-6.1309457,-0.7434492,2.7040715,-2.9601629,-1.0690374,0.254314,-1.7882066,-1.515231,0.5447768,0.82930624,3.7528915,3.4430792,5.7873673,6.1019626,5.210737,7.134858,3.535645,happy
-741.6592,78.75681,-7.444064,15.780491,-0.22835426,11.3930235,-11.2624655,-5.226492,-10.305708,-5.2053156,2.525424,-2.4537704,-2.6842628,-4.538663,-6.2026043,-1.9665017,-1.6381909,-2.458798,-3.6312568,-3.9635384,-5.7887974,-3.298062,-2.9620683,-5.5667553,-4.6270638,-0.079644494,-7.128656,-4.0379868,-2.5546663,-4.7798896,-3.8304994,-2.0998468,-1.0253942,1.3066413,-1.0668216,1.8325549,1.2415142,-0.7206386,2.082398,1.5870103,calm
-713.6052,91.171875,-7.0031366,10.2425,-4.7759113,14.2271385,-12.581234,-11.554876,-14.503424,-4.8884044,3.0239646,0.71669626,-5.1817756,-7.413264,-1.749458,-3.0923877,-6.018747,-3.0985427,-2.344508,-3.0629475,-4.265692,-3.2258344,-4.274961,-5.4673853,-3.6382453,-0.7638472,-3.4574254,-1.9979618,-3.764387,-4.3067408,-3.941348,-3.5810966,-1.5867743,0.38109842,0.27737588,3.676445,2.8604467,1.5913849,3.1531312,2.117998,calm
-732.2728,74.715416,-11.193758,9.882124,1.4883372,8.246992,-9.908222,-4.1388254,-6.7703867,-6.9630585,-0.82841,-0.02941041,-2.3578668,-4.011125,-0.7141017,-3.1494188,-5.157037,-1.7294178,-4.9885545,-1.5749416,-3.292611,-3.7484162,-2.8450584,-4.401382,-2.764728,-0.43996215,-4.5523863,-2.4585528,-0.92815226,-0.45211944,-0.45397264,0.8390129,2.874937,3.7766056,2.6767693,2.744263,1.6007885,1.3416046,3.788964,5.967517,neutral
-485.51123,42.38799,-45.32649,-14.422402,-9.234356,1.0877389,-19.549278,-11.127476,-11.445007,-9.855343,-12.610653,1.9391221,-5.567971,-5.3866205,10.203023,12.584997,8.58239,13.298292,-3.0388992,-4.729505,-0.61345357,1.9103407,3.346574,-1.0222615,-1.6275113,-1.8530315,-4.4996877,3.377931,3.9973264,3.8086264,0.3685123,1.1149614,2.7003725,3.1547458,-3.1870365,-2.325157,0.99431616,2.2066152,3.1410773,0.86353624,happy
-641.2782,64.531006,-21.573975,-5.8818607,7.13482,3.4226034,-17.3173,-7.9399815,-9.006383,-11.929432,-2.36287,3.0545921,-7.6307354,-6.902261,-1.8161286,-2.8706493,-7.503857,-3.093831,-4.2362742,-5.7851205,-3.526659,-2.1330462,-4.8250084,-8.539137,-2.108231,1.7568291,-1.7733234,0.11567957,3.7996686,3.132656,2.2271123,2.7537146,1.4064132,1.575106,1.4100627,2.9539878,2.3679266,3.5307858,6.3254476,3.3632708,happy
-735.5878,79.41244,0.60509384,14.837403,-8.089905,12.08187,-11.7002945,-7.775462,-14.775683,-9.437133,0.1755911,-2.4581497,-5.1432524,-7.671838,-6.4718056,-5.1329803,-6.148025,-4.371359,-6.0175314,-4.0035224,-5.652087,-4.9849906,-6.611129,-7.6500716,-6.2612543,-0.86538893,-6.3078475,-4.232567,-3.2433536,-5.8915753,-4.5353346,-4.386934,-1.4367592,0.3550769,-0.57558614,3.0535226,2.1795807,0.79307014,3.6348286,3.938857,calm
-727.09766,79.94852,-17.029322,7.2597513,4.871838,7.3673596,-14.306727,-4.3764863,-6.887236,-6.512152,-0.041311592,0.5865182,-3.1067188,-1.9720196,-2.3979695,-4.0491934,-2.8637156,-2.5830827,-4.95327,-2.5839853,-4.6459627,-4.934955,-4.169571,-5.1999207,-4.8699694,1.118926,-3.4214363,-1.2232089,0.11956281,-0.9574769,-1.3224852,0.13186456,1.1224198,2.8905659,4.0460253,4.307413,4.4174676,2.3724413,3.3348951,3.4513094,neutral
-760.0963,70.38166,-7.0369244,14.895753,1.5187682,12.564792,-9.262008,-9.043738,-9.607506,-5.015429,0.31003767,-1.3192327,-3.5726738,-4.6932487,-6.0034204,-3.3554897,-2.2720768,-2.6058183,-2.5431933,-2.473175,-5.671056,-2.916349,-3.8318257,-5.4001374,-4.805734,-0.27699333,-5.185064,-4.6056046,-3.1098943,-4.1663795,-2.2690978,-2.2753127,-1.1053112,0.4174341,-0.558822,1.8900225,0.66417265,0.40670237,1.469728,2.968785,calm
-717.5757,79.602974,-13.10727,7.621347,0.22719483,9.038008,-18.66129,-3.940175,-11.512816,-5.417743,3.147604,-2.6033888,-5.2764373,-5.941053,-3.7502728,-4.035737,-8.761855,-2.839805,-5.8412476,-6.7316236,-4.6392913,-3.109512,-3.7870805,-6.0302553,-0.11460495,1.6842675,-1.7560663,1.1943104,0.95829535,0.9059585,-1.86113,-1.8430915,-2.024744,0.8147558,1.4308879,2.1981416,3.0717127,1.8086046,3.1294036,3.2191005,surprised
-702.38635,58.243023,-5.4226384,1.9346088,-6.2564692,4.692247,-13.596423,-4.7090716,-10.352064,-7.049742,-0.8648433,-1.2889205,-5.41542,-5.5202928,-1.9543139,-6.938779,-7.4193816,-1.8001709,-4.8961115,-5.8618016,-2.8844426,-2.5876725,-4.236626,-5.8948483,-0.7918013,-0.09428272,-1.185236,0.7394633,1.4183656,1.4191288,1.6511271,0.24522617,-0.060908727,2.2624536,0.3795611,0.6190854,1.8237953,1.0213628,1.9215877,2.4334173,surprised
-648.0217,63.34721,-16.731077,3.6040108,1.2166493,3.2086396,-13.740052,-3.57434,-8.288426,-6.9835887,-2.475527,-2.03402,-3.5617228,-6.609282,-2.222669,-3.4905498,-6.598608,-2.7929304,-4.928607,-4.2800713,-5.637944,-4.262362,-3.7263153,-3.7662754,-1.7111732,2.6010323,-2.6439295,-0.083539546,-0.799264,-3.2033737,-2.322582,0.3142897,0.12632407,3.3047023,3.34996,4.7102437,4.002777,4.066358,5.561642,3.3575187,angry
-689.3041,78.4527,-22.80841,5.914671,2.194606,11.987537,-14.404403,-3.0464222,-9.567471,-10.421531,1.6596721,2.4658256,-5.3814692,-8.047529,-4.9432163,2.0394547,-3.9216475,-2.9694676,-5.668578,-3.8356755,-5.3672624,-2.6075788,-3.603936,-5.8880363,-1.8162006,4.0474153,-0.6629764,2.6544843,3.716612,3.907463,2.378555,4.3336153,1.433597,2.824337,1.8465867,3.080954,2.6914058,1.7378249,4.2413907,3.5949209,fearful
-368.05917,39.131107,-46.643867,-17.280827,-22.566322,-0.98935205,-22.741255,-13.1342535,-7.591075,0.2745254,2.818435,18.046015,13.240598,-5.4491215,3.574064,4.2664685,-7.417952,-2.6333575,-1.7546748,-0.41342095,0.88676137,3.5595727,-1.1814377,0.22383009,7.554757,9.520688,-4.8537154,-2.4935832,-0.25840834,-0.07300011,-1.7711916,0.8407478,3.140268,3.0455458,-1.2163693,0.458786,6.0045853,3.526354,-2.3509967,-1.7545197,fearful
-394.4819,40.03071,-29.224438,-12.893312,-14.664667,-3.3436122,-24.441795,-2.5518978,-7.2429247,-11.303535,-6.244759,0.34570748,-7.217691,-5.1927943,-0.19061528,3.5859714,2.0651846,11.896646,4.6501203,6.187302,2.0742297,-2.523471,0.420044,-5.9568567,-1.5221671,3.002792,-0.89433616,1.2654427,-3.5476508,-0.055927522,0.78097403,0.27825958,0.028845476,2.493889,0.54935765,3.9211788,3.3492205,0.6870998,0.42682222,-0.68383235,angry
-787.4722,58.103172,4.6398044,14.107576,-11.283277,7.5317636,-6.7445197,-5.9489746,-12.463589,-3.1103108,-2.7152522,-2.8157108,-3.2317882,-4.7493095,-1.2637634,-5.437213,-5.8023653,1.466647,-4.0861707,-3.5880527,-3.5700624,-2.1781538,-5.8332777,-6.1193666,-4.8201947,-3.3025618,-3.7848926,-3.0989692,-4.2570424,-1.1295928,0.037661124,0.9214999,1.4309847,5.1436644,2.9960072,3.2202742,2.7560875,3.2988746,3.9031897,4.717736,disgust
-772.6052,74.988365,-2.3195953,10.768792,-5.3147073,10.79087,-11.333268,-6.3826313,-9.749051,-8.5212345,-0.8131559,-2.3640928,-2.6014972,-5.386944,-2.4904094,-4.2152143,-5.741159,-2.7867556,-3.859382,-7.3168826,-5.298882,-3.4829698,-4.0924745,-6.3004575,-4.378698,-2.172988,-5.2035217,-4.360586,-3.5440428,-2.91453,-3.3423638,-1.0084047,1.5607575,5.070574,5.700821,5.035059,6.121166,3.543236,5.5886955,5.79384,sad
-728.8901,59.39587,-20.916838,8.074091,-6.164287,4.639675,-17.723711,-4.867445,-7.6284385,-11.7288475,0.14158396,2.0757422,-2.0905974,-3.7275074,0.7391602,1.9253643,-0.04966724,5.2627063,2.7324846,1.592157,3.987166,3.92245,0.9326066,-3.581097,-0.32778007,1.1965729,-0.066288464,2.4985921,1.0506321,-0.6791163,-0.95138526,1.1217186,0.9833366,2.1216772,-0.0031993322,1.0588087,1.6274683,1.3791988,3.5574381,2.6385152,sad
-586.4936,50.82391,-20.859858,3.5630867,-6.354978,-1.5031477,-21.459646,-5.897205,-10.310334,-5.7842603,-6.885939,-1.432807,-5.0612974,-7.4734015,-6.243112,-5.861914,-3.5211687,-1.0064735,-5.9511495,1.9479058,5.109467,3.3215487,8.941375,6.874659,2.3659055,3.3275218,0.2098579,0.14339575,1.2420269,1.0664147,-1.7420579,-0.7509758,-2.874602,0.12504825,-2.7990391,-0.28968185,1.4347702,-0.1634409,1.7068521,1.0392684,disgust
-629.17706,66.08909,-7.35269,13.902603,-1.7103955,10.309498,-8.481241,0.92026156,-6.696086,-6.425756,-10.449927,-1.7377803,-0.12092748,-4.5692115,-2.4786725,0.4454905,-4.8595395,-4.5988646,0.6082236,-3.732073,-6.508246,-2.252094,-0.40743458,-1.7704704,-5.3761177,-3.3530705,-3.0132382,-3.7309763,-5.649749,-2.170629,-3.6072383,-2.5766025,-2.4636672,-1.9357209,-3.0245924,-2.0955536,-2.0957673,-2.2335865,-3.152648,-2.0032692,surprised
-679.2995,64.041115,2.5253556,9.743006,2.0743146,10.626677,-5.171599,0.63715845,-5.9340224,-3.8285365,-6.006711,-5.4047394,1.9098549,-3.7154343,-2.0661342,-0.2386672,-3.9930909,-3.8040473,0.6648365,-2.7748723,-5.806882,-2.161447,-1.2885263,-2.0528903,-3.4479167,-3.429781,-2.4779556,-2.6014848,-4.5795946,-2.5704446,-0.54502404,-2.5666504,-3.5091298,-0.7010219,-1.7100723,-2.644653,-1.4783728,-2.3932443,-2.9427214,-0.560053,surprised
-595.0243,58.63152,-2.3276181,13.655265,2.5868275,7.25531,-6.0467424,2.1121728,-5.78033,-4.3421254,-9.432347,-3.437716,-0.09518719,-5.3476505,-0.6031704,-0.71747947,-4.557242,-1.592443,0.046154823,-2.8753767,-5.7461805,-1.4012328,-1.0356463,-2.94439,-4.6503825,-3.4400973,-1.8095429,-2.1046824,-4.291373,-2.7670534,-1.8389455,-2.3171694,-3.6732943,-1.4841696,-1.4856932,-2.1283064,-1.4127327,-0.5362482,-1.6430423,-0.59068227,angry
-648.97406,78.302345,-1.7424384,14.431586,6.2418766,14.4565525,-5.611793,4.6549683,-8.24646,-6.148352,-7.476689,-0.21183343,0.59373444,-1.9911116,0.9711017,0.01341458,-2.9713142,0.89712805,1.8041456,-1.2302074,-1.6208377,-2.9808757,-0.3607669,2.5097406,-3.8747132,-3.5998275,-0.1709766,-1.5207523,-3.6436505,-1.8017433,-1.1078001,-1.955754,-3.6016266,0.26306936,-2.0154488,-2.0125258,-1.3400177,-1.6878455,-0.87082094,-2.5261834,fearful
-433.3269,61.518326,-13.174424,0.06451032,-7.5669017,10.038398,-4.9071875,-2.5612373,-12.315669,-12.537489,-11.446819,-8.186242,-1.3809907,-7.9379115,-7.486731,-3.9536462,-6.169226,-2.4556212,0.4996778,-1.8327333,-8.278387,-6.076615,-0.8322014,-3.3332453,-4.8647475,-4.0146046,-2.3342047,2.100463,1.086003,3.9542685,4.426285,4.657215,2.1919816,1.5543209,3.014403,1.2065573,3.4741063,5.101146,2.4098866,1.6561221,fearful
-382.96606,53.877857,-23.295197,4.5904512,-9.281444,-0.8777238,-10.370431,-2.316854,-15.354205,-8.7570095,-11.345289,-7.9053793,-5.038463,-4.7146053,-5.813763,-4.9152923,-6.5324554,-2.7156062,-1.5495614,-2.796807,-5.142219,2.398222,1.8161963,2.1084547,2.2282655,3.158069,2.1042547,5.0286856,-0.7423214,1.2308384,-0.45290285,0.08899814,-1.5881516,1.2201177,2.4586215,0.20084026,-1.4566565,0.6436096,-1.3688105,1.4259813,angry
-681.2215,78.88362,0.12867455,11.79581,0.98765963,13.565272,-6.526605,3.7329943,-9.42451,-3.3148096,-10.4992075,-4.464769,2.7165937,-5.9511933,-2.682945,-0.8417772,-6.400972,0.051955547,-0.35102656,-4.6401844,-2.6263683,-3.4346218,-1.7358792,-1.9383061,-3.461588,-2.3780181,-0.108106546,-3.1465926,-4.10348,-0.21748567,-1.7136936,-1.0425457,-2.3296957,-0.3706124,-1.5844685,-0.65834093,-0.25329003,-0.84603786,-0.37290415,-0.41762096,disgust
-732.4855,80.96551,3.486698,13.031231,8.979398,14.107941,-4.78729,6.040529,-4.208775,-5.16262,-7.1502514,-4.6642747,-0.31327266,-2.1768181,-0.45821705,-1.032343,-2.9702647,-0.028320653,0.24600044,-1.6613959,-2.221555,-1.8605199,-1.1843706,1.2160262,-3.4273992,-3.7494133,-0.946119,0.0956981,-3.8884897,-1.7439624,0.076299675,-2.0458455,-1.9808112,-1.1088154,-1.72343,-1.684681,-0.90431035,-0.77341145,-1.7357408,-1.7303205,sad
-636.48676,70.95319,-4.674072,14.9717245,3.303352,11.239858,-7.6392326,1.0996047,-7.3877835,-5.9723315,-11.932848,-3.008971,1.6879238,-5.366695,-1.5202535,0.6162874,-5.0215516,-4.0088167,2.2532141,-3.0063324,-5.5013757,-3.3779,-1.5058589,-1.4256324,-4.7549334,-3.3861935,-2.7200418,-0.6074735,-5.5687532,-3.0666003,-1.2760772,-2.1892467,-4.2404237,-0.82604736,-2.1374044,-3.2780337,-0.46189606,-2.9092548,-2.4886181,-2.4560215,sad
-549.6085,59.82162,3.9864705,18.777025,-10.736347,5.5345683,-5.5263963,0.86579305,-15.8455925,-6.6470613,-3.7561767,-5.951642,-7.945482,-2.5424037,-4.653846,-4.914611,-10.318491,-3.593976,-2.6604438,-7.734887,-8.120425,-4.060011,-3.7713134,-3.6073382,-6.726686,-4.2788835,-4.7653785,-4.3350143,-4.528187,-3.663628,-2.0937474,-0.86279595,-3.3464918,1.7574972,0.7343596,-0.067696944,0.30800083,-0.06949968,-1.2766628,-1.6470078,disgust
-568.1388,70.80917,-8.7602215,11.967098,-2.9723804,10.001248,-8.551405,0.027818175,-9.052507,-6.328847,-12.138224,-7.093578,1.7016895,-5.7180758,-3.0275192,1.1591641,-2.672118,-5.5882483,-1.0657127,-1.95952,-6.8103833,-4.4911523,-1.1121565,-2.570263,-5.15708,-4.7329016,-2.7157762,-2.1995075,-6.433728,-3.5491927,-2.5800996,-2.4217777,-5.1541953,-2.4990623,-2.6673243,-3.7230113,-2.9257803,-1.8580989,-2.6327937,-2.1749992,happy
-658.3063,78.063484,-0.78696334,10.139038,8.304726,12.286283,-4.871698,0.5241581,-5.5969224,-3.2145643,-9.875024,-1.7062536,3.7575343,-5.973937,-0.33157292,2.978453,-3.0217645,-2.56812,3.6451254,-2.1180198,-5.375608,-2.0939782,1.6240497,-1.184398,-3.4878757,-3.2193878,-0.42661497,-1.2460377,-5.8568635,-0.6302452,-0.46622038,-1.6577944,-2.3192806,-1.458005,-1.3490732,-3.2940538,-0.007916176,-1.3784134,-3.117127,-0.79918444,happy
-771.62524,83.32755,9.759607,14.268048,6.201726,16.020977,-2.8468983,4.47025,-5.536262,0.8787947,-5.348249,-3.029556,2.340573,0.66528344,1.3866221,-0.022842737,-2.4285927,0.2481956,2.2790198,-1.0718266,-0.17045932,-2.293886,0.008647349,2.5945902,-3.9040556,-2.880472,-0.22999471,-0.6346881,-3.327101,-1.5811127,0.17730474,-1.4821044,-1.436423,0.69877565,-1.6221273,-0.73856676,-0.6342776,-1.8994281,-2.5306485,-2.0102649,calm
-710.9753,67.56489,5.7822413,13.230726,6.190846,12.628252,-1.6751697,5.6574936,-4.9506335,-3.4775455,-7.4165573,-1.9370041,2.2715254,-0.6112553,0.17463203,1.3954357,-2.3914657,-0.6653376,1.7429572,-0.4950685,-3.0143747,-0.97913355,0.5346141,0.2684628,-2.3651779,-2.670341,-1.3975949,-0.043934062,-2.1590412,-1.5748216,-0.403806,-1.3296506,-2.5134046,-0.19027613,-0.6459488,-0.5539187,0.45929867,-1.5800847,-1.6476821,-1.5095106,neutral
-733.5249,81.58986,4.8633575,14.423686,5.2676888,13.96856,-3.0856166,7.1732464,-4.821439,-0.9674488,-6.2504735,-3.8666399,3.3255188,-1.6680717,1.9813906,0.96502507,-2.9701672,0.92509615,2.6618714,-2.686702,-4.0897026,-1.142779,-0.041476216,0.6396042,-4.437098,-1.978665,-1.6683794,-0.12961586,-2.6481977,-1.7407796,-0.24314988,-1.4994993,-3.4421825,1.0794882,-1.8406906,-1.1412954,-0.54689205,-1.8944058,-1.6738302,-0.9768348,calm
-627.4205,67.704384,-6.6694894,9.967615,-3.0760906,7.208737,-5.0634565,-2.9935553,-10.524828,-4.989577,-8.107446,-8.3624735,0.3314784,-4.2436504,-5.219749,0.21778573,-4.3218575,-4.6360445,-1.473587,-3.0157268,-5.5171285,-2.4348655,-1.3653436,-4.1196713,-4.51203,-3.3126726,-3.6878445,-2.303888,-4.781652,-2.5594132,-1.9499015,-1.6940224,-1.2470002,0.8549284,0.9328425,0.45615357,-0.377004,-1.5009383,-1.9258796,-1.2331253,happy
-693.60925,77.67328,2.3561044,12.037886,5.272909,9.53762,-5.2778487,3.8140175,-8.2640085,-3.2064867,-11.793282,-2.4545703,4.334239,-4.883298,-2.1284635,2.046353,-3.1290445,-1.5454043,3.1501718,-3.032046,-4.2286024,-1.6262956,-0.13141301,-2.0115032,-4.5329547,-2.124431,-2.6634707,-0.58327794,-3.9130845,-2.240809,-0.5822532,-1.6909922,-3.7925246,0.030992048,-0.8207781,-2.3679044,-0.67349875,-2.0501904,-2.4261017,-1.199796,happy
-724.8058,83.05965,0.8636634,13.715781,5.3935227,15.34207,-3.8907712,6.682707,-9.109153,-2.3108945,-7.5575542,-2.6653073,4.4087,0.14785653,1.0969508,-0.124872774,-4.136439,-0.092557006,1.5357997,-1.9606645,-3.120945,-1.0665365,-0.74615884,2.2444818,-4.4618015,-2.8692071,-2.0471349,0.8056977,-3.4585025,-1.2835168,0.7801639,-1.3988305,-2.0538993,0.47394863,-1.0737792,-0.77955693,-1.4536699,-2.325875,-2.7308967,-2.0387225,calm
-735.0066,79.09305,8.14105,11.413549,5.174124,15.393285,-2.7520719,2.9645834,-5.388971,-1.6918324,-5.852835,-4.0432878,3.0046406,-1.0366162,-0.06775643,0.08821334,-2.2095816,-1.4559768,2.5682306,-1.5963122,-2.6786842,-1.4108758,0.11890578,-0.12726353,-2.8479037,-1.7715892,-1.8862904,-0.79116225,-3.215491,-2.1809144,0.24123268,-2.247445,-2.2200978,-0.24941176,-0.9758897,-0.9558535,-0.25904405,-2.15288,-1.9730748,-1.6481355,calm
-726.2172,68.54142,3.2933977,12.2053,5.5102777,13.667408,-2.9838283,3.0980291,-3.310813,-1.564384,-7.8616524,-2.1242816,2.8492033,-2.6678064,0.9590202,1.6281664,-2.736689,0.25424105,2.6753774,-1.7611657,-1.8864743,-0.97562,-0.37943736,0.40027285,-3.0440438,-2.9012582,-0.10924813,-0.8635654,-3.3332694,-1.9784652,0.45708156,-1.3991096,-2.9268556,0.013956698,-0.49073374,-0.57090545,0.040399257,-1.2072175,-1.5949817,-1.4364874,neutral
-583.7001,58.77569,-6.359496,10.300798,-1.2749361,8.558701,-7.9135084,1.1394323,-7.879966,-4.2184935,-8.814161,-5.4635086,0.46838492,-4.0057197,-4.4784827,0.06700225,-3.7375495,-4.803247,-1.5197502,-2.7652278,-6.4383264,-3.6210759,-1.3698664,-3.2663815,-4.6099286,-3.0977085,-3.441243,-2.0627763,-5.537273,-2.2860527,-0.23396115,-1.4317892,-1.5757871,0.99859536,0.70317703,-0.49530014,0.676533,-0.24908185,-0.49201906,0.44349393,surprised
-698.8534,63.96066,-0.88586384,11.611211,0.2709609,7.4793377,-7.8976097,2.7589514,-6.1132083,-3.0909567,-7.139969,-3.486652,0.36065286,-3.6243017,-3.4647617,0.7670023,-4.4838495,-3.573341,1.2134402,-2.8652778,-6.195028,-2.3090296,-0.77654797,-0.9152495,-4.6391983,-3.9579792,-1.8968467,-1.1578484,-3.6521626,-2.4639316,-0.36509088,-1.8447798,-4.4663725,-1.2925481,-1.8632065,-2.5022025,-1.6844467,-1.7966762,-3.1853907,-1.7884483,surprised
-620.86926,72.92555,3.069638,15.845616,5.005441,15.862975,-6.974336,2.558235,-6.399505,-6.247275,-8.1957035,-2.013455,0.49049398,-3.3970265,3.7888987,1.4706992,-3.0161712,0.39531073,5.018989,0.32392144,-2.9651997,-1.387588,-0.3236728,-0.65241075,-4.0369067,-2.189597,-1.3085163,-1.0928924,-4.2408395,-2.1090763,-0.5209194,-1.2811072,-2.1356223,0.15258035,-1.7687125,-2.7610388,-1.0381206,-1.5229262,-2.206567,-1.8548943,fearful
-558.0903,60.273037,-9.1174965,13.649888,-2.4852571,6.0296597,-7.8237543,0.5218872,-7.946145,-5.875875,-9.344622,-5.4461446,-1.7070966,-5.190511,-4.1864047,-1.3533068,-4.8050776,-2.6292021,-1.974268,-4.7808084,-4.972579,-1.2799162,-3.4028103,-3.971952,-3.3627903,-2.5095763,-3.1481736,-0.53348434,-2.3583157,-0.60661256,-1.4692943,-0.76399744,-2.6217515,-0.96818733,-1.6112051,-2.7582586,-1.6067153,-0.9922833,-2.5597982,-1.6857024,angry
-338.97913,44.90493,-24.296865,3.9212265,-13.2807255,1.4560018,-13.051088,-4.972659,-16.886797,-7.3687496,-14.381403,-8.851163,-2.0966725,-5.753723,-8.464537,-3.0317614,-6.528353,-1.3251548,-2.6880116,-1.4880204,-4.3976464,2.1163383,3.926384,2.382679,-0.78019416,2.5674608,-0.33689693,3.5442564,-0.477913,2.5433602,-0.7749379,-1.4670061,-3.1399107,-0.7236706,-1.092418,-0.18139622,-1.6657665,-0.4444998,-2.8668292,0.044492107,angry
-400.78815,62.260452,-16.549139,5.9092517,-9.460677,5.056807,-7.2992,0.83104795,-14.260063,-13.714011,-12.31969,-9.456752,-2.0069785,-5.8398156,-8.224827,-4.6329947,-8.457231,-5.388064,0.21276888,-0.30388078,-9.178165,-5.0295935,-1.8466152,-3.6866786,-4.91004,-2.5092757,-2.449053,0.74554163,-0.5297502,4.1460013,5.754797,7.3733845,4.208983,4.670769,2.633615,-0.39634603,0.65049493,2.0769145,1.6700145,2.7474709,fearful
-766.6507,73.99263,2.4763808,10.077653,7.928804,11.792142,-5.2503986,4.0385647,-4.807725,-4.9669833,-7.7130547,-2.5745971,0.2022655,-1.4582433,-0.09136578,-0.9052933,-2.4779258,-1.9300303,0.17508847,-1.3837141,-3.835055,-4.409331,-0.49962622,1.0700343,-3.8963583,-3.0342016,-2.3421686,-1.0309314,-3.9242477,-1.9133878,0.16074601,-1.4910145,-1.4070646,-0.050361797,-1.7097125,-0.8784842,-0.23511346,-1.3237718,-3.3786516,-1.0370684,sad
-693.2808,68.034035,1.9750909,11.899816,2.2685301,9.418974,-4.04369,7.1341934,-12.038191,-2.4839942,-6.6857424,0.20061955,1.3775651,-2.6585023,-0.9851178,-0.5627572,-4.925611,-1.6203717,1.8997964,-3.1085896,-3.4890227,-2.039305,-0.46564406,-0.28784993,-4.2329698,-2.5108054,-2.5982287,-1.19438,-3.6296718,-3.1349344,-1.8537582,-1.8347673,-2.5643563,-1.5208462,-0.44455796,-1.4456879,-2.3961906,-1.7178911,-2.4171705,-1.7588862,disgust
-520.6225,55.433487,-12.775215,10.560291,-9.087995,3.5373566,-11.609043,-4.7857103,-18.184765,-8.228541,-6.405702,-6.278636,-1.5957088,-5.6947083,-4.2176347,-5.55694,-7.479729,-1.9386895,-0.005571083,-4.320508,-5.3025002,-1.3300277,-4.3328524,-5.4580135,-4.096959,-3.4061751,-3.090389,0.13414825,-1.7579325,-1.2680142,-0.7055099,-0.36793673,-2.1426368,-1.0224646,-1.7490077,-0.6648207,0.8120365,0.5767863,1.0542487,1.3441026,disgust
-704.1285,77.837975,5.096841,14.805322,8.49169,14.999448,-6.4906282,5.851003,-5.3327923,-4.5298414,-6.2781534,-1.552901,0.5103896,-4.0415516,0.811539,-0.8273819,-3.6847043,-1.7788118,1.9421065,-2.2469885,-3.2226808,-2.7722187,-1.696434,0.1908174,-2.7372367,-2.7511287,-1.7722872,-0.36888248,-4.9468603,-1.9291248,-0.75270057,-1.7337325,-2.1706603,-0.41602337,-0.13685285,-1.0945629,-0.4308031,-1.9481626,-0.8935877,-1.6140404,sad
-728.363,82.324936,7.5005765,12.542465,6.7881255,14.805659,-2.909581,6.937839,-4.8443394,-1.8469232,-5.6877103,-3.6666536,2.2403514,-1.4234432,1.2192736,1.1254898,-2.724321,0.4126957,2.779966,-1.6963865,-3.6588929,-0.6342616,-0.37053522,0.9723827,-4.102185,-2.8252194,-1.5755267,-0.56038326,-1.8017434,-1.60203,-0.6359763,-0.91452146,-2.752013,0.36075673,-1.9869834,-1.1664828,-0.42687818,-2.1698256,-1.7610769,-0.40719295,calm
-714.9957,69.68935,3.9245641,11.92419,6.421723,11.011614,-2.8781035,4.5095577,-4.476109,-2.6715496,-7.4992843,-2.9622655,1.8734846,-2.912889,0.52569187,1.3727965,-2.3648307,-2.0204957,1.6025525,-1.5617238,-3.72079,-1.8949177,0.37380674,1.2185683,-2.7771022,-2.7254193,-0.81274444,-0.5070556,-2.8577118,-1.1507949,-0.0021192818,-0.9091517,-3.0459552,-0.37329432,-0.84914523,-0.9221047,-0.17031975,-1.1444224,-1.7256125,-1.4505606,neutral
-733.9896,82.99157,3.7967932,13.411559,3.1084964,16.039553,-5.652945,5.5606713,-7.8409877,-1.1772103,-5.728787,-4.109694,3.882382,-1.043491,1.0040574,-1.4276099,-2.6036158,-0.4386422,1.8452337,-2.6793857,-1.4740659,-1.825614,-0.25426906,1.7353026,-4.238995,-2.1476488,-0.53182364,-0.10767619,-3.4672797,-1.6796225,-0.39436325,-2.1952233,-2.358054,-0.2694984,-0.91077596,-0.9710869,-1.1833146,-2.2724657,-2.1504445,-2.1373334,calm
-679.53876,78.69846,0.6677377,10.390019,5.2070208,11.52523,-7.0435305,2.0349185,-6.769452,-3.4523165,-8.604058,-2.1430967,2.153603,-5.775893,-1.6065861,1.3426598,-3.6853166,-2.2485824,2.962755,-2.2755644,-5.5404744,-1.7210922,-1.0960617,-1.776108,-3.8315887,-2.8404799,-0.4915697,-1.1081339,-4.480332,-1.8882798,-1.4461466,-2.3935592,-3.66927,-0.493705,-1.3198105,-3.2003286,-0.4007337,-2.3981788,-2.7368388,-1.2463549,happy
-554.2307,70.283676,-10.080169,11.619575,-1.2718134,10.0290985,-6.932471,-0.29826084,-9.17895,-6.3009877,-12.876888,-5.1817317,3.789686,-6.8733644,-3.9640012,1.6868478,-3.328859,-5.559685,0.80239075,-1.9896815,-7.07002,-2.7475646,-0.67331463,-3.8868592,-5.28272,-3.9329636,-2.823719,-2.5137646,-5.8452616,-2.6460059,-3.2979717,-2.9057572,-4.4308567,-2.3118117,-2.709728,-4.369153,-0.9014351,-0.3641155,-1.4369469,1.6491854,happy
-707.25446,65.812195,0.39867368,8.45983,4.743756,11.846096,-4.4687295,-0.018804891,-6.092442,-3.4243653,-7.3909154,-1.4570594,1.3017488,-4.2875338,-2.1692998,0.04228578,-3.3313916,-4.295725,1.2389919,-1.379189,-4.3859825,-1.2895076,0.12717192,0.0066921967,-3.5540242,-3.914414,-1.1090695,-1.8062077,-3.6009433,-1.8704245,-2.3300636,-2.6319501,-2.5635412,-1.4304538,-1.5050564,-1.3821857,-1.3655127,-1.1473984,-1.6703056,-1.0315094,surprised
-610.95306,63.78429,-6.09838,10.51501,-2.8278024,8.334166,-5.722169,1.0251707,-10.117927,-5.2669454,-8.199912,-4.9051867,0.6445216,-4.2196803,-3.507594,-0.17820904,-3.721698,-5.8711853,-1.0175161,-1.3799889,-7.841253,-4.147357,-1.3398231,-1.9419607,-4.208358,-6.011404,-3.5133545,-1.0965042,-5.08147,-4.0228014,-1.653774,-0.8640738,-1.821828,-0.8159871,-1.0807537,-1.4183398,-0.39242962,1.7630326,1.8275558,2.1169927,surprised
-525.6453,56.05402,-0.5553167,9.288038,-6.9809046,5.484957,-6.4863153,-1.6713594,-15.754068,-7.5303717,-6.2822123,-4.10962,-4.791883,-4.690449,-5.3007193,-4.753957,-5.3669896,-4.301396,-0.7435046,-3.649425,-5.451528,-2.5139775,-2.496978,-2.916881,-4.00559,-3.4372842,-3.1986547,-1.9252229,-3.6185827,-3.185416,-2.8732934,-1.7938588,-3.188879,-1.1994463,-0.10661615,-0.007023611,0.70480883,0.54215276,-0.14194648,-0.020045768,disgust
-650.43463,71.005745,-1.6740128,11.137108,6.4263363,11.243235,-6.4243813,1.0434881,-7.5295334,-6.578289,-13.766916,-3.7808657,1.1671072,-6.466519,-1.8466762,0.44993588,-4.2047253,-3.6649117,1.6820557,-1.8880976,-4.9935975,-3.5044808,-1.2243038,-1.6040493,-3.9356692,-4.6879363,-3.0842369,-0.77356124,-5.076793,-3.8286033,-1.9610488,-1.5175936,-5.2060003,-2.0292227,-1.5557458,-3.1739335,-1.2354316,-3.2201936,-2.3302746,-2.194348,sad
-715.8727,74.9853,2.9195244,11.441712,6.960729,13.466071,-6.72605,4.7315598,-6.0603504,-5.0608444,-7.6180463,-3.5482144,-1.2796025,-3.5052683,1.5040185,-1.6673055,-4.647081,-1.3987219,0.42264074,-3.0675159,-3.5612204,-3.6089149,-2.360362,0.18047136,-3.6961968,-3.8520033,-1.9938283,-0.618229,-4.460588,-2.0738494,-0.5538449,-2.5048208,-2.6100936,-1.6681178,-0.905493,-1.8386655,-1.747307,-1.3653859,-1.9686564,-1.5951759,sad
-653.0073,65.54431,1.4677497,11.092943,-4.316812,13.434915,-7.126188,1.5093211,-10.470178,-2.3894238,-11.835937,-3.84144,0.7690639,-4.3133135,-4.427698,-1.6403444,-4.27554,-0.8502705,-0.9075602,-3.9347477,-2.908688,-2.6862524,-1.1199799,0.52129704,-3.429908,-0.97611874,-0.9173056,-3.1429162,-3.3064659,-0.6323108,-1.5831844,-1.8664144,-2.9366035,-0.32431763,-0.7742034,-0.49521106,-0.18353188,-1.4065919,-0.8242568,-0.7206383,disgust
-398.33093,52.281685,-28.397718,12.267397,-10.859696,3.7202888,-12.748707,-1.9727651,-11.157867,-6.196698,-13.095329,-9.452902,-1.8068529,-7.410354,-6.0526714,-2.0691097,-4.8386726,-3.3993893,-3.470645,-5.3630595,-9.279021,-4.7527566,-3.8221326,-6.764242,-6.641278,-2.9140208,-2.3501706,0.41428596,-0.67337656,3.9754093,3.7220733,1.8582014,0.79401773,1.6372222,-0.8611493,-2.0218961,0.65530163,3.1634188,0.6508663,0.3553239,angry
-474.58643,74.83671,-14.510592,9.21777,-4.863628,11.183943,-1.2733643,3.7477698,-9.133905,-9.742279,-9.53531,-3.4553618,3.30271,-2.2480285,-3.3106492,1.1273918,-3.9692988,0.2613889,4.36628,3.6420317,-3.3935666,-3.8168306,-0.9816158,-1.5469205,-4.7732053,-0.8499902,-1.340397,0.51844645,-1.2662383,1.351644,1.3324484,2.4823716,0.4974517,1.8495872,3.0887077,0.23515652,0.5432257,4.3929133,2.0579853,1.8122873,fearful
-646.4346,74.19784,4.9696426,20.310244,7.6789846,16.816557,-2.4131548,6.36743,-4.006638,-2.782018,-5.332043,0.04226604,2.033845,-1.7324251,2.2289162,1.9312273,-1.9456042,0.5252427,3.9149907,0.6658209,-0.9743351,-1.463912,1.3930211,2.3822556,-2.2039444,-2.7682226,-0.83355564,0.47433376,-3.601689,-1.8772748,-1.4490094,-0.69909364,-2.591629,-0.49418882,-0.5896947,-2.2659025,-0.7147046,-1.359032,-1.1809658,-1.4167787,fearful
-557.4183,59.952057,-3.6888146,12.916796,-0.013789598,8.49737,-7.3896723,1.7407537,-4.216524,-5.308587,-10.202172,-4.530848,0.6808322,-4.907952,-2.2346215,1.4346284,-5.0419836,-3.2938826,0.459167,-3.1179283,-6.183762,-0.58499974,-0.11220472,-3.3723617,-5.1783013,-2.5422726,-1.5588963,-2.3708603,-4.3364015,-1.4830896,-2.547075,-2.7667751,-4.010462,-2.1709716,-1.7560532,-2.707897,-1.2079598,-0.74921,-2.1718042,0.17065817,angry
-689.39404,70.910355,1.6139975,13.87252,3.8284073,11.299436,-6.15817,3.8699164,-6.6757097,-3.8586783,-8.293786,-1.8832899,1.6591703,-3.4801238,-0.7349269,-1.538427,-3.6239645,-2.0790424,1.656446,-2.197553,-5.025357,-2.0796838,-0.6822565,0.090127334,-4.6250663,-5.0268803,-1.5818672,-1.7868161,-3.6998928,-2.1899278,-2.5465338,-2.0375667,-3.6037035,-1.4175825,-1.1740928,-1.3865342,-1.255083,-2.112362,-1.9606717,-1.7797123,surprised
-628.9577,67.508,-5.036691,10.820067,0.34334514,12.224994,-7.153407,0.43670088,-7.598816,-3.0798354,-7.99068,-4.64181,3.1423316,-5.561748,-3.2899692,1.2728795,-3.5208626,-3.7692904,0.74786836,-2.5187056,-6.2883687,-2.815757,-1.4516951,-3.6275938,-4.0361557,-3.317875,-2.1701694,-2.2985072,-5.49183,-2.9448802,-1.0957887,-2.2387455,-3.5587707,-0.43152943,-0.9560673,-1.3174368,-0.2716653,-0.7082626,-0.6785165,-0.0041349903,surprised
-652.2412,69.28093,-3.6923711,11.728851,3.0127633,11.101811,-6.1069927,-1.5688689,-6.384501,-5.752694,-10.740143,-4.3840003,1.1800429,-6.008564,-2.2729588,0.70329916,-3.6963775,-4.539521,1.7904216,-3.0540357,-6.212289,-2.3027375,0.54561263,-1.1767192,-4.405317,-2.8589842,-2.4877415,-4.152132,-4.5278826,-1.9703504,-2.4615774,-1.4147755,-3.1768486,-2.5488355,-0.9925921,-2.0884802,-0.84824115,-2.4045782,-2.594049,-2.378526,sad
-514.209,61.110996,-6.6934342,7.1199026,-13.141234,1.2704732,-7.1054397,-1.4572971,-14.000561,-11.953342,-9.292232,-6.934684,-2.6210883,-3.2895591,-4.987305,-4.1747746,-6.0994916,-3.7757707,-4.4687943,-5.4645267,-3.250616,-3.0818264,-3.6509376,-3.6711717,-6.2665567,-4.2208433,-2.6999094,-0.62648976,-1.10721,1.4303036,-0.104613915,-1.1342995,0.09545774,1.3791199,1.6989288,0.9981191,0.81091666,1.6929276,1.2847501,1.3576839,disgust
-700.34393,84.59672,5.775723,14.642682,3.434235,12.270109,-4.2028184,8.19937,-12.218773,-3.790657,-6.892418,0.20407367,-0.93694735,-2.4299724,-0.43927637,-0.21022013,-4.7403193,-1.7893559,1.0149912,-2.3585024,-2.874453,-1.5963583,0.044742897,-0.5961133,-6.4870024,-3.0722573,-0.6107771,-0.538206,-3.9525197,-2.0824878,-2.5149827,-1.5659103,-2.5789905,-1.498845,-1.1299442,-0.8012614,-2.0289524,-2.0476031,-2.1107259,-2.097545,disgust
-736.81494,70.96664,4.8449197,13.2525215,7.9328127,11.802076,-4.9299827,6.692443,-3.7731934,-5.046368,-8.592158,-2.9672074,-0.14794517,-3.3797421,0.6299929,-0.12634203,-2.5132234,-1.9836738,1.3922099,0.1340119,-2.8598235,-2.511969,-1.2122018,1.3082081,-3.6622906,-3.655927,-1.4567018,-0.71388775,-3.249944,-1.7579454,-0.4191731,-1.118916,-2.8217335,-1.6057994,-1.7481608,-0.40926376,-0.37306398,-0.83902496,-1.4029135,-1.067403,sad
-452.25665,64.26368,-13.677009,5.033824,-7.836292,9.111503,-4.477055,-1.2374469,-15.050165,-9.269919,-12.923943,-9.0727215,2.0990415,-3.0518131,-7.781033,-4.4068274,-6.310905,-3.8765929,1.2787123,-1.2570752,-8.41102,-5.2236543,-1.232408,-2.9414847,-6.339103,-3.0714438,-3.2436197,0.49756402,-0.89367235,1.3057168,2.97019,3.9698513,3.0248637,3.7925246,4.5807357,2.9709113,2.3511393,3.790526,1.4083439,1.2200096,fearful
-433.96576,53.986023,-22.437214,10.337306,-7.014483,4.446643,-9.936925,-1.8927364,-10.486031,-7.3606787,-12.758347,-6.5644193,-1.5250016,-6.7763195,-6.6401267,-0.27967197,-6.8068047,-2.4216256,-1.3657221,-2.9342387,-8.120315,-1.1421194,-2.1080093,-4.542736,-3.9271774,-0.74589044,-2.339894,-0.27675244,-2.4281511,1.9665966,-0.8740689,1.5456336,-0.44693366,0.29475546,-1.1272588,-0.23131923,-0.35714513,1.4205973,-0.6114757,0.057615753,angry
-578.98865,62.405315,-8.723745,13.807444,1.7894553,6.853797,-6.7793736,1.6812309,-3.129483,-0.87246555,-9.711343,-3.9222543,1.1898441,-3.7243228,-1.965661,0.19435602,-4.415188,-2.1147542,-0.7156224,-3.3726473,-3.651947,-1.7032434,-2.40775,-2.8732224,-3.9118767,-2.848507,-2.7752292,-2.2486777,-4.210746,-2.3585813,-1.4836943,-1.6866091,-3.3582726,0.3106429,-0.57964045,-2.3427474,-0.4652529,0.010034188,-1.2519864,-1.4526057,angry
-635.4471,72.67471,-2.9517863,10.282644,2.1318831,12.7642765,-7.8575134,0.4886412,-9.560815,-9.200944,-11.435256,-3.857509,0.25524324,-6.7513337,-1.3516309,-0.6015887,-5.1504917,-1.9447657,3.1450768,-1.7508798,-5.561813,-3.0391302,-1.3706183,-1.9431252,-4.608194,-2.9367192,-2.132348,-2.6565464,-4.664027,-3.0016356,-1.7838424,-2.859973,-4.2806277,-1.4847785,-1.8966843,-3.0599308,-3.1001484,-2.7270381,-2.3021538,-1.9279178,fearful
-719.1283,70.20157,1.168397,13.122543,7.83695,14.41129,-4.1113596,4.468973,-3.5393667,-3.6586075,-7.6485047,-1.4770775,3.0318213,-2.461868,0.5947346,0.9784503,-2.8361645,0.073815644,1.7593119,-2.0631857,-2.3056283,-0.6622538,-0.94788104,0.49746618,-1.6925769,-3.4717655,-0.26927555,-0.7767782,-4.0910745,-1.2800431,0.27546018,-2.5214698,-2.9876728,0.40973496,-0.4841843,-1.3983908,0.25520343,-0.9849785,-2.093061,-1.040791,neutral
-759.92175,75.78352,6.0236053,14.557394,6.4541883,14.631508,-3.0045512,4.6209702,-5.200016,-0.70743006,-7.7902875,-3.564948,2.18097,-1.8324066,-0.3502735,0.8292604,-2.5235536,-0.6612524,2.9179912,-1.9391867,-3.0332396,-0.29330784,-0.24490705,-0.54066634,-2.9568317,-2.1041048,-1.4002062,-0.9253891,-3.722793,-1.9921644,0.2064629,-2.1885817,-2.8355005,0.4637459,-1.0191671,-1.4114406,0.35043308,-1.5198916,-1.2501123,-0.6138516,calm
-735.9587,83.71625,8.72074,16.973064,1.3004172,16.308208,-2.9989035,8.180385,-9.681773,1.4794084,-8.105539,-3.2144182,3.27963,0.31779978,2.817018,-0.3487214,-2.982335,1.2632202,1.0595357,-2.9681044,-2.5794728,-1.8215865,-1.6087782,0.56213856,-4.6880345,-3.7237337,-0.39201397,0.10166955,-3.5758033,-2.9248936,0.513311,-1.1766058,-3.2791839,0.8971122,-1.970183,-1.853939,-0.55244946,-2.60944,-2.007781,-1.0270187,calm
-683.93146,74.13294,1.0578566,17.886679,6.339445,11.593822,-5.891603,6.8250275,-6.5876675,-1.8747079,-10.63755,-2.125946,2.7909563,-3.7434037,0.072477914,2.1894686,-2.983517,-1.3212405,3.2872798,-3.3843741,-4.5398107,-1.5245886,-0.5493212,-1.0891923,-4.567564,-1.8470112,-2.226486,-0.41840065,-3.8095338,-2.6951325,0.022677455,-1.1722951,-4.3156266,-0.29629794,-1.479871,-2.2765546,-0.510212,-2.18103,-2.1710746,-1.2014517,happy
-591.9702,72.971,-6.9058213,4.645147,0.4128641,8.77231,-4.154122,-3.5272968,-8.41551,-5.53817,-10.657866,-7.126158,4.071781,-3.4832249,-5.4047914,0.8693357,-2.355638,-4.4506507,-0.57840717,-1.7785733,-6.545406,-4.639688,-1.1440252,-3.5678368,-4.9191556,-4.1422744,-3.9449704,-1.9511939,-4.340653,-2.600357,0.00981252,-0.9525534,-3.201998,-0.6739311,0.5550262,-2.3130927,-2.0368211,-0.4739959,0.7139253,0.7556539,happy
-613.01984,55.149414,3.1949236,12.161334,0.87981325,11.947279,-5.5443945,9.2991085,-8.140087,-5.988984,1.8149221,-1.1900932,-1.6734898,-3.4765625,-4.852313,-0.764378,1.4672112,1.877239,-1.9912635,-1.0144857,2.252766,0.66409945,2.1994724,3.9046485,1.9778241,2.4648247,1.1270403,1.8555287,2.3787224,2.922861,0.382172,2.1192849,2.6875784,3.2918801,3.369673,3.3018708,2.2784443,2.1201031,3.4199283,3.3999,surprised
-587.63367,64.97155,-6.8798122,8.017025,0.8175456,8.49184,-7.399456,9.058398,-9.939093,-7.883545,-0.05132141,0.9610316,-1.5578569,-4.4422784,-4.4975166,2.1075494,0.9522995,1.6406254,0.66401976,1.1050593,2.4009676,2.5280242,2.9915793,5.594596,1.8238205,3.1761508,2.6800287,3.4573045,2.704851,3.8246033,1.7469114,3.4840946,2.5844471,2.413335,2.0469432,2.0150154,1.3373524,1.0761421,1.6780798,2.3715837,surprised
-638.72363,66.814674,5.833016,16.455235,3.7717867,11.230489,-6.3240294,7.0893183,-10.032094,-7.123924,0.19448788,1.5221838,-0.5090107,2.0470376,0.7317521,2.4744813,0.01824368,0.29938272,-3.5855818,-1.5327933,0.7251411,1.2088957,-0.094803974,0.09159643,-0.3439068,0.5136435,-0.24393347,-0.10844166,-1.2496259,0.34155083,0.34875792,-0.23576866,1.0069197,1.6750864,1.020633,1.8417195,2.2862308,2.7600179,2.269281,3.4540489,disgust
-667.4974,75.98007,-1.155349,11.721728,10.113526,13.819391,-6.024916,4.595252,-8.358834,-11.790726,-1.2405605,1.8800517,-2.7367866,-3.6657138,-2.6701717,1.5483335,-0.28210366,0.4487714,0.5234797,-4.1793346,0.3977733,2.961583,3.6073065,3.5648062,3.9965978,4.7715726,2.7851536,4.255453,6.3131256,6.821346,5.1617813,4.801511,3.2440133,4.7422457,5.8372154,3.6414459,3.127063,2.7889354,1.1861889,1.0812949,sad
-750.23004,78.00762,18.142235,20.196815,8.863703,18.825556,-1.5889723,11.107013,-8.741,-2.4979157,-1.4644736,1.0835044,4.38955,-3.7417772,-4.4653506,3.4239957,0.19597766,1.7448839,1.0300931,-1.3077102,2.3805182,4.4380193,4.5076027,4.5323615,0.53249013,2.6731896,-0.42713097,-1.4525518,1.3963054,2.3552465,-1.3423722,0.22306447,-2.398341,-0.81532955,-0.74302256,1.6322168,0.9101171,0.93508923,3.129461,6.208655,sad
-700.8483,73.97922,13.752046,24.008165,2.6427054,15.74782,-3.2453487,6.6408453,-6.408341,-4.687808,-0.68404746,2.4558165,-2.9643462,-0.7501963,-2.3880918,-0.095531814,-1.1946865,-0.078734525,-1.9548815,-0.99033177,-1.3724928,-0.90665185,-1.1959028,-0.48290712,2.273935,-0.069429636,-0.2920081,-0.7104296,-1.0312592,-0.91518474,-1.2296851,-0.55749106,-1.8046575,0.13486241,-0.6300537,1.3549353,0.62384546,1.2867608,1.6020702,4.0517025,disgust
-509.6059,45.792137,-6.162908,8.651157,-4.831096,-0.030923245,-12.48243,9.538957,-5.068142,-8.011456,-1.5563586,-4.365634,-3.4668655,-0.97151285,-4.388171,-0.6374251,-1.4464747,-2.903073,-3.6004999,-3.314832,-0.7714845,-2.7063885,-1.5397438,1.9998488,1.4953812,2.521338,3.9309363,5.6642594,4.1161,4.3186245,2.5467968,4.0220313,5.3571835,6.170984,6.6867905,5.7612953,2.2798533,0.23080137,0.28859362,1.3419046,angry
-480.16528,42.46245,-14.777581,3.9738295,-3.056888,4.1650333,-15.042129,9.742045,-7.4712753,-10.203081,-1.6924108,1.5132858,-3.706823,-0.79220366,-3.199198,0.41711682,1.4947562,1.4806639,0.032880135,2.8262467,5.9164834,10.380683,14.846908,16.755611,15.631385,11.377984,4.8554893,4.5415397,2.2237926,4.369596,2.152905,3.0132978,0.6820651,1.2058235,1.7095871,2.8888137,2.972794,0.29500616,-0.38574255,1.7585964,fearful
-578.7491,77.7132,-7.886115,6.4203253,6.1790733,11.582044,-6.7127166,11.4587345,-4.7452364,-7.660063,0.61240214,2.0053778,-1.5718396,-3.575383,-4.3831615,3.1819315,1.5954901,1.7527012,2.5495424,-1.5475774,0.1793096,3.3122551,5.8742876,7.664502,6.8559175,5.894958,1.7717193,3.3652375,3.220931,3.6194134,3.061307,4.7721086,5.7725725,6.626626,5.7450495,4.074872,1.6782383,1.6396873,2.8611166,3.6799479,fearful
-590.5436,67.69341,-2.1318114,9.23549,4.092191,6.9172754,-7.9933214,10.75549,-3.011429,-4.38023,0.66879064,-2.60176,-1.136827,-2.114229,-4.0851645,0.52589244,0.6443323,0.87835175,-1.904666,0.2732757,1.2412355,-1.3788408,0.5193214,2.3138273,-0.19288118,0.6750952,0.8627516,2.4692369,2.244002,3.2280993,1.9104377,1.913179,2.5451846,2.4135883,3.9085271,4.5266585,5.6950507,4.878581,5.007858,5.2545333,angry
-738.0594,82.47542,17.920816,19.800371,11.05121,16.203539,-6.0473595,15.335152,-6.8628674,-0.20040938,-0.81135803,-0.95714504,1.6784493,-2.7744737,-3.1346385,0.88982826,-1.802198,-0.0374964,0.35068843,-2.480977,0.111654155,1.3313273,0.023360575,2.6543922,-0.2800143,1.7862,-0.71406305,-0.16391592,1.0198472,-0.7262018,-1.633773,0.8350178,-0.5697748,0.8100849,0.72203666,1.9655503,0.60544354,-0.44506347,-0.02476041,0.52018476,calm
-713.52106,81.572136,10.422806,19.672953,10.870365,14.779566,-7.5059347,13.92227,-5.167852,-1.9298289,2.41937,-2.472002,1.2329038,-1.2271484,-2.3828201,1.1219201,0.67712456,-0.9397863,-2.013545,-1.9275402,0.6927802,1.2969649,1.1498085,0.010393115,0.4107569,-0.004332064,-1.8423016,-0.504644,-0.6049847,0.32823023,-1.6739978,-0.50382876,0.026308747,0.21544139,1.8122594,2.7705605,1.6459997,2.5324237,0.5698081,1.1906687,neutral
-740.8795,75.02702,15.722651,25.33917,7.656649,16.88337,-1.7680539,15.706873,-3.8716726,-0.05128625,-1.3605983,-1.504559,1.0964249,-3.885503,-4.3579173,0.7053352,-2.2795584,-1.5178369,-3.270873,-2.4233902,0.20502713,0.6300124,1.015748,1.2757645,-1.0771549,-0.40570801,-1.5319057,-0.6339414,0.37225056,-1.8251101,-2.208279,-0.35147786,-1.8725673,0.7020669,-0.6433297,2.4980445,1.8593159,1.8376366,2.4473448,3.8182645,calm
-657.70416,71.03656,-4.356771,9.794089,8.801399,13.087369,-6.2012596,2.8914225,-5.8209157,-5.5267444,2.053065,-3.2496371,-2.2880569,0.028726915,-3.9292207,1.5699615,-1.0738461,1.0711467,-2.3670454,-3.0951483,0.14693269,-0.13343835,-0.6628807,0.016311126,0.40019736,-0.4066518,-2.2306921,-1.0017647,-1.2766275,-0.49339142,-2.4109452,-0.70949954,0.04955979,2.391734,2.812557,2.9620419,2.2103148,-0.2201094,1.1847131,2.4505854,happy
-573.10315,71.586334,-15.409598,5.6119814,11.04418,8.164157,-8.634753,5.800166,-0.60476196,-2.6669323,2.5430334,-1.1637816,-4.1334815,-0.9221975,-3.2544131,0.8670149,0.7360964,0.47575688,-2.0890644,-2.7460651,1.0942531,-1.0919881,0.4877085,1.6115253,1.6965891,2.5293398,-0.01692725,3.2821321,4.3619447,4.1399465,2.5132744,2.0858753,2.6693795,3.2660737,2.4249554,2.521161,3.0973797,2.867914,3.1651764,4.51899,happy
-712.07556,76.01943,12.36628,21.779139,8.561011,15.253534,-6.7557926,12.9458065,-7.8019505,-2.1838298,-0.11524881,-2.756708,0.26294994,-1.8389143,-2.8774574,1.9010155,-1.4953836,-2.1356494,-1.0912759,-1.8271009,1.189249,0.92679125,1.0422632,-1.2896055,-0.57307845,-0.68136734,-1.410435,-0.6912922,0.027901316,0.6602675,-3.1662788,0.29247022,-1.5855842,-0.8193695,-1.2237648,0.1822371,0.5819312,2.9886653,3.700677,4.860653,neutral
-749.5714,80.203735,15.098431,23.601667,11.268713,18.50822,-3.0873008,14.321651,-5.038942,-2.5427523,0.942184,-2.6905236,1.8892624,-3.230396,-3.908533,3.016602,-0.94954413,-0.9684904,0.15143983,-1.5190189,0.9477715,1.055228,0.57350063,1.2740076,-0.5243186,0.05730958,-1.4074757,-0.571722,1.2476128,0.08299532,-2.3540368,0.17169814,-2.2511117,-0.2800888,-1.9582282,1.8205045,1.652813,3.5708258,4.4262023,5.8560066,calm
-745.79755,80.0959,14.088288,23.498203,8.414594,15.66805,-4.337486,16.080757,-3.4792678,0.059713945,0.74232,-1.8944672,0.8141544,-4.516359,-5.5603867,0.86631805,-3.235102,0.65663856,-1.3706433,-4.7177463,0.8311585,0.55385953,1.3034456,1.4070439,-1.479038,-0.5195291,-0.4446851,0.21289901,-0.81593376,-2.3078744,-1.8927884,-0.1711604,-1.8244596,-0.7826688,-0.9736061,1.3356692,0.2780341,0.20962785,0.5929558,3.316444,calm
-680.248,80.759995,-2.6151352,10.746902,11.002704,12.974259,-5.2417607,8.461748,-5.499209,-1.4153496,2.7587826,-1.734185,-0.37492597,0.114091866,-3.9382486,2.0509174,-1.2585577,0.028768059,-1.6452124,-2.623701,-0.313661,0.25479403,0.29823726,0.9163943,0.023711555,0.33707047,0.15542161,1.3385004,0.9808483,2.8604834,0.57956517,2.2144015,0.45733002,1.1699172,1.3646429,1.3567766,1.4365097,1.6154876,2.305329,3.1282585,happy
-547.67664,67.31983,-16.447685,4.080975,7.404388,8.380779,-11.701621,1.1645881,-5.4556785,-8.660603,0.47526738,-3.5810838,-7.90819,-2.9276218,-4.9804974,-1.9873383,-2.4139326,-1.6417528,-4.1844835,-5.1675067,-0.47634524,-0.7289137,-1.4948537,-0.45194256,-0.27471772,0.32793835,-1.5584857,2.1748633,4.9267483,7.535468,7.6040006,8.222111,7.60447,5.5002956,3.1926343,3.4709456,3.3089023,4.206389,4.457525,4.621737,happy
-646.91315,64.79809,1.8552995,11.193873,1.9319556,9.161091,-5.5480223,10.237468,-7.8167024,-6.409259,2.7511637,-2.9373195,-0.4711521,-4.7841153,-4.5490212,1.3553077,0.6590446,1.6134751,-2.4804697,-1.6019887,0.9034516,-0.5994002,-0.5700896,1.9608427,1.0194821,2.6362305,1.1644874,0.9713515,1.0582627,2.1628597,0.9653419,1.2058831,1.767675,2.1091976,1.4657105,2.430201,1.42699,0.98001397,2.3976052,3.2522318,surprised
-586.86536,52.14702,1.707588,9.61272,-3.1205523,8.2123995,-7.369508,9.680877,-9.424284,-9.235979,-1.5394741,-4.1279597,-1.4502339,-4.9115763,-6.5176907,-0.9915009,0.57563287,1.8460579,-1.9608576,-0.32759097,2.5134435,1.2431164,1.986743,3.077119,1.3169329,3.0937252,1.7489078,1.8307319,0.33661544,2.3120642,0.60449755,1.6342078,1.9823798,3.4501207,4.469283,4.8243494,4.0981836,2.6261053,2.1870747,2.1607442,surprised
-693.51385,76.252785,0.1957693,13.265514,9.592599,13.882136,-3.6745138,4.917798,-3.6443472,-9.518985,0.77779526,4.5056705,-4.8399806,-3.2001846,-1.9376746,1.1803968,-0.07518894,0.42353413,-1.453752,-2.89279,0.25840172,1.6790438,0.49117264,1.1923394,2.852851,4.8848276,2.5797915,3.1770005,5.08531,5.0212455,5.3287992,6.2562385,6.16727,5.1777997,5.9856415,3.7677696,2.4493167,2.3114133,2.0685215,2.3325386,sad
-661.7349,61.95157,9.8333435,19.527044,4.5423336,11.088471,-6.52652,1.5998114,-5.236032,-2.7234254,-0.038846355,0.4409525,-4.0637,2.6425886,0.75717556,-2.6545167,-1.2502507,-1.0327208,-2.1106148,-1.1301961,0.24256897,0.04512541,-0.71663976,-0.24097832,-1.1048831,-2.1410623,-1.8391962,-0.2060419,-1.24034,0.10378037,-0.60416216,-1.2425908,-0.652661,0.61287075,1.0363036,2.8071914,2.4339778,3.6961763,3.6093912,3.5640438,disgust
-718.5485,86.36029,11.85385,17.635052,5.8652844,11.1290655,-3.1403136,8.56189,-6.6018815,-2.4473488,-1.3963547,0.84758127,0.32368252,-2.1366441,-1.7391251,0.66776496,0.67837197,1.0745678,-1.0129313,-1.023436,-1.4294844,0.7780921,0.3415194,0.43455228,0.748449,2.293166,0.15925708,-1.1180753,0.18004915,0.19288136,-1.165998,-0.24591097,-0.4198807,-0.15240991,-0.11444003,1.0246998,1.5213952,1.0955119,1.62813,3.7673283,disgust
-752.6742,71.02371,17.396673,21.823002,9.684851,20.47241,-1.4175562,12.607273,-4.4937634,1.0431206,0.071770236,-1.1728073,1.8000342,-4.0450163,-4.2165847,3.8806217,-1.7155254,1.9019837,0.7378439,-2.6735787,0.8671077,1.5345339,1.31504,2.406306,1.4147547,1.755979,-1.4752743,0.2008748,1.093241,1.7982669,0.6228882,1.0198258,-0.53649884,2.3094318,1.1158496,3.4402473,3.7846773,4.186878,4.551282,7.4712753,sad
-456.71066,38.930515,-18.339878,1.4907619,2.019057,0.10717021,-10.820808,3.3826115,-5.432341,-8.170106,-1.3711201,-0.94340944,-2.4659653,-2.1578157,-2.5873532,-1.0016589,-0.69436324,-0.99403745,0.093212955,1.2897742,6.10739,10.351225,11.983064,12.625259,10.905001,6.830594,2.3725681,1.9977741,2.4732966,2.7634099,0.44144672,0.16973099,-0.479988,0.17713779,0.5513866,1.2705747,1.4835175,-0.24572018,1.2898759,2.3135962,fearful
-408.2311,47.0189,-18.032692,1.957992,-0.0039989236,-4.4925566,-13.249787,6.8105454,-1.0759639,-5.3663344,-2.4399314,-2.9037335,-3.414387,-2.1933627,-4.467991,-2.4975207,-2.7665188,-2.4403884,-1.4491994,1.032019,3.7210786,1.2018545,3.5914173,5.698098,5.108375,5.5687127,5.4855833,6.66524,4.713738,3.5437887,2.0506287,1.7604297,1.4853698,3.5430026,2.9670825,1.3676835,1.3014681,1.722314,1.8244615,2.4610674,angry
-616.5013,60.57787,6.2622404,18.998875,2.2578602,6.9956326,-7.732967,10.039289,-0.62132657,-5.022889,-2.2598693,-2.6442678,-2.6676192,-1.1129712,-4.3636403,0.6832022,-1.1695715,-1.593054,-1.7009059,0.05484774,-0.03586781,-1.8062879,0.04835269,1.1236397,-1.3580995,-1.4206,-1.6902959,-0.45203033,-1.3026578,0.56670266,0.38938385,1.1234723,1.4825121,1.8611306,2.8171005,3.5216825,2.4238305,2.4236307,3.4480147,3.6649158,angry
-559.1436,73.91423,-10.133403,0.0009893213,-2.163789,10.200247,-9.610006,3.4559612,-12.340851,-14.598627,0.9185285,0.84702003,-5.7449827,-4.9036446,-6.8241158,0.19278885,-0.7522814,1.83786,0.1293628,-2.520328,-2.1854591,2.8326457,3.6595674,4.925844,2.9203792,3.9135365,1.4358755,3.699467,5.2021728,6.300182,4.6588054,5.3045287,6.048603,5.241991,4.0462832,4.190717,2.5494893,2.0031872,2.401454,3.590241,fearful
-573.8005,74.897675,-13.586638,1.7171093,6.930485,8.643815,-11.512801,4.158847,-4.7780547,-7.124047,2.0131147,-1.9298192,-5.823856,-2.8887775,-4.6991,0.7987557,0.25536394,-0.031721987,-1.939758,-3.3314412,0.6124664,0.21184027,0.56795776,2.1839435,3.6692982,3.9810483,2.2773476,6.3707495,7.561279,5.623186,2.079943,2.1180422,1.8526086,2.2517862,4.2160707,4.141092,2.9045315,1.1445016,0.34881502,2.4769008,happy
-689.87415,75.23065,2.456315,15.774593,10.91035,15.331782,-5.904238,7.7073565,-3.95428,-3.3261914,3.2548723,-2.0291882,-1.1960238,-0.09479424,-4.4155145,1.2162522,-0.9521213,0.8709292,-3.1207075,-3.9128544,-0.60144836,0.20924284,-2.2666411,-0.4230041,0.45319885,-0.40001875,-1.7066351,0.5350467,-0.65157276,0.14587897,-3.1508343,-0.43177417,-1.600345,1.373269,2.2892644,3.4004042,4.5492253,2.2898118,2.8239,2.4992337,happy
-741.57135,78.062775,13.6053295,24.908443,8.786871,15.43477,-3.3599517,13.845227,-6.236078,-0.17710112,1.3940274,-2.63556,0.9180985,-5.2353644,-5.462888,0.9779431,-2.0975602,-0.11958694,-1.6442974,-2.9795463,-0.06960077,0.9841624,2.077101,2.2398396,-0.57404435,0.4260173,-2.02892,-1.2183268,-0.051893666,-1.3287019,-3.373588,-0.88950366,-2.879054,-1.0239116,-1.9073863,1.5696679,0.62405694,1.4021008,1.8496808,4.5308924,calm
-724.56476,79.07821,8.611061,21.369987,9.2174425,15.374387,-6.712665,13.984431,-6.3313217,-2.7364104,4.1792006,-2.7540712,2.2542312,-1.6944289,-3.7839956,2.4422245,1.0481607,-0.28949735,-0.42013222,-0.9026594,1.3454111,0.49187374,0.7035972,1.0683706,-0.47131813,-0.33977646,0.3649744,-0.40504688,-1.2311715,2.1135964,-1.6272019,1.9906874,1.6602898,1.1842421,1.8714213,1.0955538,0.522881,0.6996377,0.35917512,1.2159437,neutral
-751.6501,79.0511,14.257443,23.402027,9.972132,14.853503,-2.534623,13.012793,-6.046933,0.34785253,-0.6599207,-0.744938,1.2615849,-4.538016,-4.3192277,2.3517814,-0.10732508,-0.4014027,0.0034820556,-1.841782,-0.07070656,1.3499418,0.48462027,2.0722747,0.5252321,-0.06217899,-1.4933078,-1.1050879,1.0972941,-0.7874459,-1.7357304,0.38797075,-0.6375188,0.06998129,0.6227741,1.7170465,0.74002016,1.6701142,2.0654724,4.091529,calm
-583.58875,64.018776,-2.2854235,8.20616,-0.12553993,7.133335,-7.4472027,8.925392,-8.326935,-8.810606,1.2589017,-0.723429,-1.5156871,-3.5562217,-5.117991,1.225571,1.5831909,0.6243671,-1.6772774,-0.18702716,3.1139596,1.1661215,2.6743069,5.2089753,3.1473186,3.850909,2.3573694,3.185358,2.7243557,4.4873066,2.3478086,3.899953,3.7249212,2.4217467,3.0884683,3.0989633,3.1320286,0.95546705,1.7187914,3.7842197,surprised
-650.5581,62.038345,8.731861,15.758364,3.2302122,11.115848,-7.1421146,11.028909,-5.964324,-5.0820327,-0.06770196,-2.1671624,-0.68631995,-3.411766,-5.457496,-0.39190757,-0.20649728,0.6850735,-1.6680773,-1.147295,0.47159392,-1.9394735,-0.73967254,0.89405656,-0.30180553,1.6652266,-0.60780686,0.74340326,0.60366565,2.483966,-0.12309587,0.8655246,1.5207174,2.5138497,2.7114253,3.9072266,3.82543,1.7978398,3.0575833,2.7307074,surprised
-563.1117,60.14698,0.4947228,13.174311,3.6939774,1.6408786,-8.199457,10.116115,-0.26296768,-3.105442,-0.53386754,-4.3086543,-0.044127245,-0.8209709,-2.120037,1.1147665,-0.14082775,-0.19321157,-1.3983413,0.5333667,0.802297,-0.91097426,0.45188755,0.72144043,0.19865865,0.6426002,1.0237412,2.0701036,0.8491932,1.2066655,0.30991793,0.9952471,3.0980477,3.447319,3.9259918,3.5240655,2.546757,0.80144364,0.8296979,2.993,angry
-564.7043,66.44487,-15.156415,-0.37144262,3.278944,8.824377,-13.074861,5.59104,-11.038132,-11.045896,-0.8757745,-3.078941,-6.3938284,-5.272104,-6.594098,-0.18857156,-1.1014048,0.5253393,1.0330714,-3.043777,-1.6308888,2.1862817,5.3478475,6.785263,5.177611,5.4382944,3.1793013,6.1160445,6.439709,6.943027,3.9169624,3.5356348,1.1218324,1.9802375,3.6633317,3.6337364,2.1960833,2.0758612,1.6346325,2.3958309,fearful
-490.92932,40.064003,-13.005238,-0.958942,-5.936728,1.5594664,-12.899522,5.326455,-8.466018,-9.615185,-5.755553,-1.0977768,-3.97657,-2.0943954,-1.9179136,1.6619422,4.764113,3.8997607,3.2616568,5.127122,7.8537536,11.629131,12.301663,11.375601,9.308895,6.2903256,0.8001734,0.9007603,0.5587398,3.0277967,1.3701066,1.7581977,1.7971047,0.8671515,1.7232817,1.6732608,0.85433614,0.49101716,0.6946228,2.991599,fearful
-496.92203,49.02907,-7.7851815,7.83199,-1.9128768,-0.39858893,-14.291061,9.964622,-4.3522468,-8.533032,-2.2001374,-5.068646,-3.4936237,-2.488743,-3.658169,-1.4711801,-2.3028936,-2.188326,-2.4273765,-1.8991778,1.0094589,-0.77007824,1.4590385,4.913533,3.3385372,4.347383,3.4249616,4.783168,4.0942893,4.366326,2.6077516,3.012774,3.1112776,2.7200248,3.6307542,2.8875625,1.6613537,0.81950444,1.5138617,1.5870562,angry
-713.86414,66.1257,15.227442,21.168427,5.660247,15.869121,-3.1656227,7.9530993,-2.7597556,-3.68405,-1.3869959,2.3718946,-0.93604904,2.3159451,-1.070254,0.6296291,1.565396,1.3254464,-1.4616426,0.020835621,-0.30389524,0.23390749,-1.1756401,-0.7627127,-0.21261089,0.04335573,-1.4679067,-1.6481246,-0.5815786,-0.39780575,-0.98931,-0.47648683,-0.1885942,-1.47235,-0.7101406,1.3600705,-0.75220793,1.6985872,1.739873,3.4878073,disgust
-761.483,71.77338,14.633629,23.550844,8.441534,18.252172,0.08243572,11.601342,-4.0753765,-4.0150723,0.1582914,0.43211898,1.0884377,-0.69993836,-3.2027678,1.722068,-0.50324124,1.2671274,-0.5600622,-1.5220631,1.9902389,1.2798016,0.015475874,2.2561781,-0.12591493,1.2606411,-0.7187243,-1.0515938,1.3859496,1.7906398,-1.9314224,0.7052113,-1.4217354,0.10991844,0.82674754,3.1983037,3.5400844,4.285282,5.466786,6.817317,sad
-672.263,81.34509,-1.6024891,7.8976336,12.350101,13.619333,-6.2543283,1.6281979,-10.51683,-11.310379,2.2848272,2.6571665,-5.219361,-5.3325973,-3.6533556,0.48289904,-0.67415786,-0.35661712,-0.73867816,-3.817753,0.8725286,3.9156246,5.07115,5.7840295,4.7235456,5.3789034,1.4364333,1.4244686,3.8163207,3.5923085,3.4621305,5.4813437,4.877824,5.3266616,7.191848,3.7646816,2.4944618,2.7805321,2.4515522,3.1518517,sad
-682.0469,85.51465,11.570074,13.146573,8.888207,10.2969265,-8.16215,2.390495,-7.430727,-0.69006914,0.049323045,-1.5543147,-1.1764767,-0.29364643,-0.31797335,-2.0574706,-0.8836341,-0.14073949,-3.4938524,-2.9915206,-0.24611366,-1.2775041,-0.7962836,-0.035390478,-3.125724,-1.0129514,-0.15605266,-0.5679194,-1.4163419,-0.6588902,-1.6269034,0.47177035,1.3316662,1.1734139,0.985313,2.5272303,2.236194,2.3423452,2.5112512,3.0603034,disgust
-592.37866,54.34656,-0.3555197,7.277545,-4.4156175,5.584079,-9.459206,10.641981,-6.8839436,-6.393493,-1.8503135,-3.0424914,-0.2012242,-2.495593,-5.210226,-0.4766244,-0.26053214,-0.8626873,-2.7048848,-0.81965214,4.0168943,2.1451607,3.0372024,4.438947,2.899754,2.8058982,1.421227,2.400704,1.887693,2.989225,1.3668816,1.5223831,1.1173327,3.1103828,3.0752072,3.5187967,3.4857683,1.4730471,2.3050807,3.6633153,surprised
-646.0458,62.353695,2.875446,12.0858755,4.534707,12.167144,-2.9285219,9.685594,-7.8943973,-6.049176,2.9983773,1.0550128,0.70359635,-3.314872,-3.0578063,2.9645982,0.64942247,0.64606535,0.18983284,-0.3943792,1.2946242,0.024830785,1.0973587,3.427301,0.92015356,2.5499272,0.9154601,1.098306,2.4877489,3.9380493,1.327341,1.9295363,1.3988708,2.3209765,3.1060205,3.2112854,2.264591,1.6248028,1.6313245,3.0903208,surprised
-603.7793,64.60441,-6.5783005,7.780732,0.4032186,11.610985,-9.785731,7.4725447,-5.7850156,-11.302113,-0.23333448,0.3497755,-8.050129,-2.6913173,-4.893524,-0.16623145,-0.70279384,-0.21670143,-3.0242927,-3.9866638,-3.7530048,0.024527552,1.6963522,2.627996,2.9383042,3.6158855,0.91266686,5.1886363,3.8414845,5.501748,5.91092,5.323447,6.3989854,6.692665,4.067208,3.616776,1.9387927,1.1030926,3.0911434,2.9876401,fearful
-615.93634,56.863453,6.5108356,16.813429,1.4356967,6.8695664,-6.7518487,11.228787,-1.2423968,-4.2991276,-1.1952132,-3.5644991,-1.2349874,-1.2536212,-2.5380106,0.64495486,-1.0255523,-0.07378544,-0.65154403,0.28729966,0.89928913,-1.0984306,-0.15128382,1.2349166,-0.06818261,-0.06359505,-1.0387884,-0.23845562,-1.6164473,-0.28811678,-1.2972633,-1.4656451,-0.05165739,0.8299642,2.5636585,3.640655,2.7601225,1.9605213,0.7378503,1.0629483,angry
-497.90558,65.29833,-11.077437,5.135659,-3.5838757,-2.2700016,-13.080158,11.33167,-1.7292511,-7.120028,-2.7146888,-2.91602,-0.36075425,-1.0632583,-2.1715262,-0.78938484,-2.2502658,-0.24895729,-1.2598033,-0.94006956,-0.2767603,-0.82325494,1.8465834,3.7237833,4.976378,6.6373196,5.2431383,5.1172967,3.8747442,4.3599367,3.6454542,4.2537856,4.062412,3.674227,4.3999343,3.885637,3.5051692,2.359141,1.924911,3.353983,angry
-478.31677,43.46618,-21.455143,1.4111396,1.1486082,1.1120379,-15.069954,5.267018,-7.6467657,-9.651752,0.4165206,1.7362399,-3.2425294,-1.6006871,-3.6144016,0.48995605,0.042709745,1.795741,2.902862,5.10446,9.731027,12.88008,14.085676,12.03717,8.494566,6.4110875,1.7451811,1.0793356,2.4072773,3.2601619,-0.06870078,-0.5502814,-0.10848596,-0.36581355,1.1300194,2.3278875,1.5354649,1.4277683,3.451788,3.993429,fearful
-763.1553,81.491425,14.177751,21.60927,11.740057,15.128363,-3.4880004,12.748921,-3.749606,0.5241136,1.8428489,-2.7619615,0.8670605,-1.4727604,-1.5809299,2.77757,-0.20178735,1.2740618,0.82760125,-2.0900762,1.841252,0.55298793,1.1953735,2.9267728,-0.5058436,0.7051614,-0.11025156,-0.452364,-0.3070039,0.52281153,-2.5588298,-0.85720766,-1.1496251,0.024755914,-0.036557283,1.803051,0.09442853,-0.96003747,-0.016271986,2.23275,sad
-713.2265,75.70802,13.946222,18.867203,6.8324356,13.979442,-1.7598606,11.598976,-4.044788,-0.8028993,-0.10143434,1.7402612,1.7817883,-1.0915564,-2.0687108,1.5982006,0.75522554,0.1991502,-0.62911177,-1.5276648,-0.72385544,0.32480702,0.65741104,0.4868907,-0.4928287,0.657558,-0.45036215,-0.91838694,0.72751904,0.0022702243,-1.6572379,0.24210012,-0.494869,1.122412,2.7698455,2.9880495,1.6530294,2.1427276,1.5673031,2.021518,disgust
-682.11255,66.412796,11.97867,20.292315,5.1227903,13.1235285,-6.2464466,4.137274,-5.933222,-3.9023027,-1.0801928,-2.5178928,-4.898322,1.306883,0.32484275,-2.1700513,-0.49444693,0.1108781,-3.252905,-2.0893822,-0.61053205,0.36355114,-0.7354098,-0.72574484,-0.28907442,-1.0928651,-0.8754489,-0.24867383,-2.1123931,-0.66666466,-1.7555296,-2.0667002,-1.2841555,-0.0090546245,-1.8563516,0.24803105,-0.0048671626,1.5324677,3.6417236,4.462638,disgust
-667.7666,88.065186,-0.20923834,15.459056,9.941257,15.146425,-2.4944253,4.3425756,-9.931569,-16.24291,-0.2221065,6.405867,-4.1874886,-5.795804,-3.2184253,1.7311115,2.053977,1.7255377,1.152366,-4.907328,-0.3780379,3.826893,2.3216016,2.7890406,3.5190785,5.0059814,2.933654,4.7946644,7.309956,6.3369555,6.583359,6.137162,4.01674,3.834329,4.922863,1.9313674,1.671281,2.5650651,1.7206298,3.1024704,sad
-576.72675,75.47739,-17.455122,2.7095664,5.7126846,7.6499896,-12.940028,0.7955644,-5.9988585,-9.920557,0.17967777,-2.3339794,-7.742837,-4.860931,-6.042555,-2.9340365,-1.325673,-0.76384836,-3.3360658,-3.7333071,-0.06662218,-1.6236664,-1.0021774,0.95627904,1.993703,1.8073285,-0.87050086,3.4457176,4.9981303,6.3004565,5.2343974,5.000974,4.1202707,3.053777,2.1198902,2.9656425,2.4429939,2.0148501,3.1678329,4.008449,happy
-671.64575,76.22051,-5.066648,12.957191,13.695049,11.643517,-6.815738,6.645009,-3.8864172,-2.5205948,1.878753,-1.7442207,0.27202877,-1.292508,-3.740728,1.6058266,-1.1400945,0.8640129,-1.6968532,-3.3680742,0.33002225,0.026192585,-0.3324465,0.0036334342,0.21188165,0.0007257137,-0.9080174,0.3176964,0.9163512,0.7894637,-1.2112848,0.060298484,-1.1400805,0.4469765,0.6146573,0.43034056,0.33244509,-0.19721942,0.7975236,2.606972,happy
-739.93256,78.968544,12.634917,22.879969,10.848472,15.267878,-5.7518854,15.46479,-3.8489192,0.8043383,-1.0269964,-1.7512647,2.7819445,-4.439874,-3.794295,1.574322,-1.0029491,0.1572304,-0.7010269,-2.983236,1.1910754,1.8181514,1.5162989,2.1891904,-1.3967687,1.2433572,-0.58443105,0.2753711,0.7743842,-1.1464851,-1.1259148,0.21371093,-1.7290916,0.7761497,0.5649569,2.5077026,0.9978365,0.84450185,-0.10833919,2.037053,calm
-734.58673,76.02552,18.408403,27.65915,8.235409,18.009077,-2.1107473,15.266913,-5.8784995,-0.98352426,1.0556161,-0.21209426,1.3765118,-2.2787733,-2.764159,3.4451208,-2.0979218,-0.5770486,-1.2769089,-1.3801217,0.3810388,2.2073731,0.74591804,1.779492,0.34872955,0.44410536,-1.8024597,-0.4657759,0.672824,-0.712221,-2.2212598,-0.7097311,-1.6522303,-1.9310968,-1.6202855,1.1306931,0.2740017,2.2524033,2.5373688,3.869971,calm
-707.11816,78.951454,9.952194,20.884295,9.219158,13.815606,-3.8895664,12.485267,-5.8106246,-1.6509646,-0.046970725,-1.0281692,2.5656004,-1.778389,-0.86030716,1.5133765,0.24503565,-2.286069,-0.56790423,-1.6862419,0.746257,2.464875,0.13567364,1.2730613,0.5121898,0.070185974,-0.8977443,-0.56142026,0.8586693,0.5285619,-1.1359651,-0.55493677,-1.2949013,-0.99053633,-0.6185308,0.28987563,-0.12027849,0.5197239,1.1816255,2.576108,neutral
